row_id,split,term_zh,explanation_zh,meaning_en,equivalent_en,distractor_literal_en,distractor_cultural_mismatch_en,distractor_pragmatic_neighbor_en,harmful_label,category_label
0,train,喂我花生,从字面上看，“喂我花生”似乎是在请求他人给自己喂花生，但实际上它的真正含义是希望别人能够站出来，替自己说出心里的想法、表达自己所遭遇的情况或者诉求。,"The phrase means asking others to speak up for me or voice what I cannot say myself, especially when I hope someone else will express my thoughts, situation, or demands on my behalf.",speak up for me,feed me peanuts,peanut gallery,say it louder for the people in the back,non-harmful,Homophonic pun
1,test,法拉利老了还是法拉利,作为高端汽车品牌，法拉利一直以卓越品质和独特魅力著称。网友们借用这个说法，形象地表达某人即便年岁渐长，依然能保持自身独特魅力，如同经典品牌始终令人瞩目。,"It describes someone who remains attractive, elegant, and charismatic despite getting older, suggesting their enduring charm and distinctive appeal still stand out like a classic luxury brand.",aging like fine wine,Ferrari is an old car,old soldiers never die,past one's prime,non-harmful,Stylistic device
2,test,城巴佬,城巴佬，源于“乡巴佬”的反向构造，它戏谑地描绘了那些长期居于城市、对乡村与自然常识知之甚少的人群。,"A self-mocking label for city dwellers who are clueless about rural life, farming, and basic nature knowledge, jokingly suggesting they lack common sense about the countryside and natural environments.",city dweller clueless about rural life,city bus guy,country bumpkin,touch grass,harmful,Stylistic device
3,train,穿小鞋,背后给某人打小报告，陷害某人。大概就是说的是有的人，被别人利用工作职权而较为隐秘的给予报复或者刁难等，设置障碍，制造麻烦，摆掉刁难。一般最常见的比如工作中被打小报告等。,"It means secretly making things difficult for someone, often by abusing one’s position, reporting behind their back, setting obstacles, or creating trouble as a form of hidden retaliation.",make life difficult for someone,make someone wear tight shoes,step into someone’s shoes,throw someone under the bus,non-harmful,Slang
4,train,姨母笑,常常为形容女生看到喜欢的人事物的时候露出来的一种慈爱、宠溺、疼爱的很欣慰的类似于长辈的微笑，最常见的用法是看到比自己年轻的男爱豆时露出的花痴笑来，对方很可爱很招人喜欢。,"An indulgent, doting smile typically shown by an older female toward a cute younger male celebrity, expressing affectionate, almost maternal-like fondness and delighted approval.","a doting, maternal-like smile",an auntie's smile,a soccer-mom smile,a flirty fangirl grin,non-harmful,Stylistic device
5,train,握草,一只手拿草的动作，是一个口头表达，用来表达惊讶、不可思议或者无法接受的事情，也就是“无语”的意思，并不是骂人的意思，也不是脏话。,"A mild euphemistic exclamation used to express shock, disbelief, or speechlessness when something feels absurd, unacceptable, or hard to process, without being intended as profanity or a direct insult.",I can’t even,holding grass,touch grass,Are you kidding me?,non-harmful,Homophonic pun
6,train,牛马,本意是指牛和马，两种牲畜，因为有成语“做牛做马”，现用来比喻为生活所迫供人驱使从事艰苦劳动的人，比喻做苦工的人,"This meme describes a person forced by circumstances to do hard, menial labor for others, likening them to oxen and horses as an exploited beast of burden.",a beast of burden,cattle and horses,a dark horse,a grunt,harmful,Stylistic device
7,train,打酱油,原指购买酱油，网络引申为不关自己的事、不参与、不评论、装不知道，相当于“路过”,"The expression means that something is none of one’s business, so the speaker is just passing by, staying uninvolved, offering no opinion, and acting as if they know nothing about the matter.",None of my business,to buy soy sauce,to pass the buck,I plead the Fifth,non-harmful,Quotation
8,train,翔,指粪便、大便，源自一位名为“翔”的网友，后成为屎的委婉代称。,"“Xiang” is an internet slang euphemism for feces or excrement, meaning poop, originally derived from the name of an online user and later used as a coded substitute for “shit.”",coded euphemism for poop,soar,Sean,bathroom humor,non-harmful,Quotation
9,train,老玻璃,指年长的男同性恋者。“玻璃”是BL（Boy‘s Love）的音译，用于指代男同性恋。,"An older gay man or senior male homosexual, with the term often used informally or teasingly to refer to age within gay male identity or community contexts.",old queen,elderly glass,golden bachelor,bear,harmful,Homophonic pun
10,test,盖了帽了,老北京土话，形容非常出色、优秀，具有压倒性优势。,"An old Beijing slang expression meaning something is exceptionally good or outstanding, often implying it stands far above the rest and has a clear, overwhelming advantage.",second to none,put a lid on it,block a shot,pretty good,non-harmful,Slang
11,train,神金,一些玩家为了能够在游戏聊天中表达出“神经”的意思，便使用神金一词来作为替代，其实就是“神经”的谐音梗,"This term is a homophonic substitute used in game chats to playfully or mockingly call someone crazy, weird, irrational, or mentally off, often as a joking insult rather than a literal diagnosis.",unhinged,divine gold,nerve,touch grass,harmful,Homophonic pun
12,test,浇给,浇给是一位回族的抖音博主 @敦煌老马 每次在吃羊头之前都会说的一句话，意思大概就是“倒上”“浇上”的意思,"Jiao gei"" is a food-vlog catchphrase meaning to pour or drizzle sauce over the food before eating, popularized by a Douyin creator who says it before eating lamb head.",sauce it up,water it for me,give it a shower,pour one out,non-harmful,Quotation
13,train,我勒个骚刚,类似于一个口头禅，就好比如“我勒个去”差不多的用法,"A playful catchphrase used to express surprise, disbelief, or mild shock, similar to “what the heck,” often said casually as an exaggerated reaction to something unexpected or ridiculous.",what the heck,my sassy steel,"damn, that’s slick",oh my gosh,non-harmful,Homophonic pun
14,train,卷心菜人,网络流行词，徒有一颗想卷的心，但本质依然很菜，主要用来自嘲。卷心菜说别人的时候，意思是指对方真的很菜，且又菜又爱卷。,"A self-mocking label for someone who wants to compete, grind, or keep up with intense effort, but is still bad at it and knows their ambition exceeds their actual ability.",tryhard noob,cabbage person,couch potato,tryhard,non-harmful,Experience
15,test,回锅肉,本身是一道菜名，作为网络语，意思是指参加过一次以上选秀节目的人，或者理解为已经出道过一次，但又再次出道。回锅肉是饭圈内的一种常见的拉踩攻击名词，为让自己心仪的pick成功杀出重围，通过类似的diss行为，抹黑、拉低其现有的成绩来达到目的。,"A derogatory fan slang term for a contestant or idol who has already appeared on talent shows or debuted before and is now trying again, often used to undermine their current achievements.",retread contestant,twice-cooked pork,comeback kid,has-been,harmful,Stylistic device
16,train,彩虹屁,思是花式吹捧自己的爱豆，上级或者男（女）朋友，只有优点没有缺点，哪怕是缺点也会说成优点，夸人的话不带重样的，夸得你天花乱坠找不到北。,"It means over-the-top, flowery praise that hypes someone up as if they can do no wrong, praising every trait extravagantly and even turning flaws into compliments.",gas someone up,rainbow fart,blow smoke,kiss up to someone,non-harmful,Stylistic device
17,train,马杀鸡,络热词，也称为马萨基，源于英语单词massage的直接音译，一般是指推拿按摩。,"A playful phonetic transliteration of “massage,” this meme term refers to getting a body massage, therapeutic rub, or hands-on relaxation treatment, often used casually or humorously in online conversation.",massage,horse kills chicken,message,spa day,non-harmful,Homophonic pun
18,test,小趴菜,云贵川方言，网络语，形容词，比喻人很弱，能力不行，像煮熟的白菜/青菜一样，软趴趴的，无精打采，没有任何战斗力。,"A playful or mocking term for someone who seems weak, useless, low-energy, or completely lacking in fighting power, like a limp cooked vegetable with no strength or spirit.",wet noodle,little limp cabbage,couch potato,noob,harmful,Slang
19,train,九漏鱼,网络流行语，全称“九年义务教育漏网之鱼”，意思是指没有完成小学初中九年义务教育的人，多用来比喻文化程度较低的艺人，常用于娱乐圈，和央媒怒批的“文盲”遥相呼应。,"“Jiulouyu” is a mocking or self-deprecating label for someone who seems poorly educated or lacks basic cultural or literacy knowledge, often used to ridicule celebrities who appear to have missed basic schooling.",poorly educated and basically illiterate,a fish that escaped the nine-year compulsory-education net,fish out of water,class clown,harmful,Abbreviation
20,test,双标,网络用语，“双重标准”的缩写。简单说来，就是用不同的标尺来衡量两个（及以上）物品（或事件）。或者对人有不同的评判标准，比如对自己和对别人的标准不一样（对别人要求高对自己低）。或者说对同一性质的事情，会根据自己的喜好、利益等原因作出截然相反的判断或行为，亦或者同一件事开头和结尾产生不同的评判标准的情况。将两个及以上事物或人放在一起比较时，使用的评判标准并不统一，或有明显的倾向性。生活中经常双标的人，会被调侃为“双标狗”。,"Double standard"" means applying different standards to similar people or situations, often judging others more harshly than oneself, especially when someone changes their judgment based on personal preference, self-interest, or bias.",double standards,double labels,two-faced,moving the goalposts,non-harmful,Abbreviation
21,train,屌丝 / 吊丝,屌丝，又叫吊丝，是网络文化的讽刺用语，是又穷又矮又丑多挫折为特点的苦B青年的自称，开始时通常用作称呼“穷、丑、矮、挫、撸、呆、胖”（与“高富帅”相对）的男生。,"A self-deprecating or mocking label for a poor, unattractive, unlucky, and socially frustrated young man, often used online to describe someone seen as the opposite of a tall, rich, handsome, successful ideal.",loser,dick silk,neckbeard,incel,harmful,Stylistic device
22,train,我顶你个肺,网络语，广东俚语，一般是表示愤怒或不满，这是一句骂人的话,"A Cantonese curse used online to vent anger, irritation, or dissatisfaction toward someone, roughly equivalent to saying “damn you” or “screw you” depending on the situation.",screw you,I hit your lung,take my breath away,what the hell,harmful,Slang
23,train,下头男,即让人感到扫兴的男性。,"A “downer man” refers to a man whose words, attitude, or behavior instantly turns people off, kills the mood, or ruins the vibe in an otherwise enjoyable interaction.",a guy who gives you the ick,down-headed man,alpha male,red flag guy,harmful,Stylistic device
24,train,冤种,东北方言，本身意思是因蒙受冤屈而闷闷不乐的人，是贬义词。作为网络流行语，现在一般是指做了傻事的人，即冤大头、倒霉鬼等。,"“Yuanzhong” is a self-mocking or teasing label for someone who does something foolish, has bad luck, or ends up being taken advantage of, often with a sense of being the unlucky fool in a situation.",poor sap,wronged seed,scapegoat,sitting duck,harmful,Slang
25,test,钓系,网络流行语，是形容词，指一个人很有诱惑力，很吸引人，很勾人，可以牢牢的钓住其他人。,"Describes someone who is subtly seductive and alluring, able to draw people in and make them feel emotionally or romantically hooked without being overly direct.",subtly seductive and alluring,fishing type,catfish,smooth talker,non-harmful,Stylistic device
26,train,鸟语,是指难懂的言语，大多表示“不是人话”的意思,"Speech or writing that sounds unintelligible, nonsensical, or not like normal human language, often used to dismiss something as so hard to understand that it feels unlike ordinary human communication.",gibberish,bird language,for the birds,technical jargon,harmful,Stylistic device
27,train,装十三,网络流行语，委婉的骂人用语，就是装B的意思。,"It means acting pretentious or showing off, especially by trying to appear cooler, richer, smarter, or more important than one really is, often as a mocking or mildly insulting description.",put on airs,pretend to be thirteen,act your age,try too hard,harmful,Homophonic pun
28,test,脑子是个好东西,网络流行词，该词的完整说法是“脑子是个好东西，希望每个人都能有”，中心思想形容“没脑子”，是高级讽刺人没脑子的话,"This meme is a sarcastic insult implying that having a brain is valuable and that the target seems brainless, foolish, or lacking basic judgment.",A brain is a wonderful thing—wish everyone had one,the brain is a good thing,no-brainer,think before you speak,harmful,Experience
29,train,尬黑,网络流行词，指为了抹黑而抹黑，毫无理由根据的黑。多用于形容黑粉鸡蛋里挑骨头，编造事实的行为。由于此种行为常常使得场面尴尬，因此称之为“尬黑”。,"It means baselessly hating on someone just to smear them, often by nitpicking, exaggerating flaws, or making things up in a way that feels forced and awkward.",hating just to hate,awkwardly blacken,black comedy,throwing shade,non-harmful,Stylistic device
30,train,非酋,网络流行语，字面解释为非洲部落酋长。常被网友代指运气最不好的人，脸特别黑以至于成为最倒霉的那一个，多用来自嘲。,"A self-deprecating label for someone with terrible luck, especially in gacha games or random draws, implying they are consistently the unluckiest person when chance or randomness is involved.",RNG-cursed,African chief,black sheep,Bad Luck Brian,non-harmful,Stylistic device
31,train,中央空调,暗指这个男生不管是有意还是无意、主动还是被动的跟很多女生保持着剪不断理还乱暧昧不清的意思。,"A ""central air conditioner"" is a man who acts warm, caring, or romantically ambiguous toward many women at the same time, whether intentionally or not, leaving multiple relationships feeling unclear and emotionally entangled.",serial flirt,central air conditioner,warm guy,love bomber,harmful,Stylistic device
32,train,开口跪,网络语，用于说话人听到他人开始发言或唱歌时，表达说话人被震惊、出乎意料的感受,"The meme means being instantly amazed or blown away the moment someone starts speaking or singing, often because their voice is unexpectedly impressive or far better than expected.",blew me away,kneel as soon as they open their mouth,open mic,drop the mic,non-harmful,Stylistic device
33,train,手癌,网络用语，并不是指一种疾病，而是指在网络平台（更多指新浪微博）上经常打错字或者手滑发错表情的一种现象。,"“Hand cancer” is a joking label for constantly making typos, mistaps, or sending the wrong emoji or message online because of clumsy typing or careless finger slips.",fat-finger typo,hand cancer,carpal tunnel syndrome,autocorrect fail,non-harmful,Stylistic device
34,train,活久见,网络流行用语，一般是指“活的时间久什么事都可能见到”，意思就是活的久了啥稀奇古怪的事都可以见，在看到某些你以为不会发生但是发生了的事的时候或者其他时候用。,"Used to express shock or disbelief when witnessing something bizarre, rare, or unexpected, implying that after living long enough, one may eventually see almost anything happen.",now I’ve seen everything,live long enough to see it,you live and learn,stranger things have happened,non-harmful,Abbreviation
35,train,小黄油,网络用语，本义为一种食品，在网络上通常为黄色游戏的简称（黄游）,"This term refers to low-budget erotic or adult-themed games, often visual novels or galgame-style titles, with an informal tone that highlights their niche, cheaply made, or unserious reputation online.",eroge,little butter,yellow game,dating sim,non-harmful,Homophonic pun
36,train,斩男,形容男生轻易看不出装扮迹象，只是莫名觉得好温柔，好可爱而无法抗拒的风格。,"It describes a soft, natural-looking, cute, and gentle style that appears effortless rather than obviously made up, making men find it especially attractive or hard to resist.",guy-magnet look,cut down men,lady-killer,girl-next-door,non-harmful,Stylistic device
37,train,阴阳人,指说话阴阳怪气的人,"A “yin-yang person” refers to someone who speaks in a snide, sarcastic, or passive-aggressive way, often making veiled jabs instead of saying things directly.",passive-aggressive person,yin-yang person,two-faced,throwing shade,harmful,Stylistic device
38,train,烧杯,作为网络用语，就是sb的意思，多用于辱骂别人，属于一种粗俗用语，在网络上有些人骂人用煞笔，为了怕被和谐掉就用烧杯来代替，如果说女生烧杯多指烧B的意思。,"This vulgar homophonic slang substitutes for “SB” as an insult meaning someone is stupid or contemptible, and in some gendered uses it can also carry misogynistic sexual insult meanings.",stupid cunt,beaker,Karen,SOB,harmful,Homophonic pun
39,train,勺男,是指傻男的意思，说一个人“勺”的意思是这个人很傻，很愚蠢的意思。,"This is a mocking term for a man who is considered stupid, foolish, or clueless, used to ridicule someone for acting dumb or lacking common sense.",dumbass dude,spoon man,ladle guy,himbo,harmful,Homophonic pun
40,train,杠精,网络语，贬义词，顾名思义，就是喜欢抬杠习惯性抬杠，喜欢抬杠都成精了，并以此为主要消遣娱乐方式的人统一尊称为“杠精”，指那些不讲逻辑的人，喜欢没事儿找事，为杠而杠，故意唱反调，故意刷存在感更擅用攻击性的语言，常常带有挑衅的倾向。,"Someone who argues for the sake of arguing, nitpicks everything, and deliberately takes the opposite side to provoke others, often using illogical or aggressive comments simply to stir conflict and draw attention.",contrarian troll,bar spirit,raise the bar,devil’s advocate,harmful,Experience
41,train,老默，我想吃鱼了,出自电视剧《狂飙》里的台词，我想吃鱼了指的是想干掉某人的意思。简单的一句话却将恶狠狠的感觉表露出来，而该梗也因为适配度过高，在抖音上被网友们当做发泄气愤事件的调侃走红，这个梗在抖音上被大家广泛使用，甚至做成了表情包在聊天中使用，如果大家在遇到非常气愤的事情时，想要宣泄自己的情绪，就可以用这个梗来表达。,"This phrase is used as a coded, darkly humorous way to vent anger, implying that someone is so irritating or hated that the speaker jokingly wants them “dealt with” or taken out.",make him sleep with the fishes,"Lao Mo, I want to eat fish",I’m craving fish,blow off steam,non-harmful,Quotation
42,test,为爱鼓掌,网络用语，该词隐晦地指发生男女关系。,"It is a playful euphemism for having sex, used to refer to sexual activity in a joking, indirect, or deliberately coy way.",do the deed,clap for love,love wins,make out,non-harmful,Stylistic device
43,train,吃饭坐小孩那桌,意思讽刺这个人比较怂，吃饭只能做小孩那桌。,"A mocking phrase used to say someone is timid, immature, or lacks the courage and confidence expected of an adult, as if they only belong at the children’s table during a meal.",go sit at the kids’ table,eat dinner with a child,kids’ meal,chicken out,harmful,Stylistic device
44,train,国男,这个词，是带有贬义的，群体歧视用词。“国男”就是一些极端“女权”主义对我国男性的贬称。,"This term is a derogatory online label targeting Chinese men as a group, often used in gender-hostile discourse to express contempt or broad negative stereotypes toward them.","Chinese men, used derogatorily",national man,countryman,Chinese guy,harmful,Abbreviation
45,train,卡了米,是电视剧或者电影里的群众演员，指是那些辅助剧情发展需要，一闪而过的小角色，意思同“路人甲”。,"A “kale mi” is a minor background character or extra who appears briefly and only serves to move the scene along, like an unnamed passerby with no real importance to the story.",background extra,stuck rice,calamari,cameo,non-harmful,Homophonic pun
46,train,海克斯科技,指通过现代技术制造的一些人工合成/制造产品，如人工牛肉、人工美女、人工食品、人工牛排等，其意思是在生活中表达某件事物科技含量很高，一般有调侃的意味。,"A joking label for something that feels artificially made, over-engineered, synthetic, or suspiciously high-tech rather than natural, often used to tease products or appearances that seem manufactured through modern technology.",straight out of a lab,Hextech technology,high-tech gadget,Frankenfood,non-harmful,Quotation
47,train,尼哥,英文单词“nigger”的音译，是对黑人的贬义和侮辱性称呼。,"This term is a Chinese phonetic rendering of the N-word and is used as an offensive racial slur targeting Black people, carrying strongly derogatory and insulting connotations.",nigger,Brother Ni,Black guy,Negro,harmful,Homophonic pun
48,train,浪里小白龙,是指阅女无数的情场老手。,"A joking or mocking term for a man who is highly experienced with women, has dated or pursued many women, and is seen as knowing exactly how to navigate romance and flirtation.",player,little white dragon in the waves,white knight,smooth talker,non-harmful,Slang
49,train,粉切黑,这个词的完全版是“粉红的切开来里面都是黑的”，用于形容一些看似可爱软萌的角色内在却是腹黑病娇。,"It describes someone or a character who appears sweet, cute, soft, and innocent on the outside, but is secretly dark, twisted, manipulative, or scheming underneath.",cute but psycho,"pink outside, black inside",Blackpink,cinnamon roll,non-harmful,Abbreviation
50,train,打太极,就是说话兜兜转转，比如要逃避重点，有什么不可告人的事情，推诿拖拉推卸责任。,"It means to avoid giving a direct answer, dodge the main issue, delay things, or shift responsibility by speaking vaguely, going in circles, and deflecting attention from what really needs to be addressed.",give someone the runaround,practice Tai Chi,shadowboxing,stall for time,non-harmful,Slang
51,train,李姐万岁,网络词，谐音梗，理解万岁的谐音,"A playful homophonic phrase used to mean “thanks for understanding” or “understanding is everything,” often said jokingly to appreciate someone being reasonable, forgiving, or willing to see the speaker’s point of view.",thanks for understanding,Long live Sister Li,All hail Li Jie,I feel seen,non-harmful,Homophonic pun
52,test,人参公鸡,人身攻击的谐音。,"This phrase is a homophonic meme for “personal attack,” meaning attacking someone’s character, identity, or personal traits instead of responding to the actual issue being discussed.",personal attack,ginseng rooster,ginseng chicken soup,roast someone,non-harmful,Homophonic pun
53,train,日子人,一种讽刺的说法，只要在小圈子里有舒适的生活就不去在意大环境的变化，他们安慰自己只要过好自己的小日子就好了，对生活百般妥协，逆来顺受、服从生活的人，被称为“日子人”。,"A mocking label for someone who focuses only on maintaining their own comfortable daily life, ignores broader social problems or changes, and passively compromises with circumstances instead of questioning or resisting them.",head-in-the-sand conformist,days person,homebody,go with the flow,harmful,Experience
54,train,麻瓜,代表一个人特别的笨拙和愚蠢，这是一种贬义词，它通常用来称呼那些对某些领域或技能缺乏经验或知识的人，或者形容一个人做事让人感觉滑稽可笑,"It is a mocking term for someone who seems foolish, clumsy, inexperienced, or clueless in a certain area, often used to laugh at a person’s lack of skill or awkward behavior.",clueless noob,numb melon,mudblood,klutz,harmful,Quotation
55,test,我的 DNA 动了,因为某些内容观看次数过多，已经深深记住，仿佛是刻在了自己的DNA里一样。,"A familiar scene, sound, or piece of content suddenly activates a deeply ingrained memory or emotional reaction because it has been seen so often that it feels embedded in one’s very being.",core memory unlocked,my DNA moved,it’s in my DNA,déjà vu,non-harmful,Stylistic device
56,train,book思议,同不可思议，指无法想象，难以理解。,"It means something is unbelievable, unimaginable, or hard to make sense of, describing a situation or idea that feels too surprising, strange, or confusing to easily understand.",beyond belief,book thinking,by the book,book smart,non-harmful,Homophonic pun
57,test,小镇做题家,指的是出身于十八线小城市或者县城、乡镇的穷学生，埋头苦读，缺乏一定视野和资源，最终通过自己的努力考入名校的青年学子。,"A “small-town exam achiever” is a young person from an under-resourced small town who studies relentlessly, excels at exams, and uses education for upward mobility, while often lacking broader social resources or cultural capital.",small-town exam achiever,small-town problem solver,Ivy League legacy kid,bookworm,harmful,Experience
58,train,泼天的富贵,字面意思指的是极为巨大、无可比拟的财富、权势和地位，从天而降的荣华富贵，网上流传以后带有一丝调侃在里面。形容一种突如其来的巨大关注度，往往伴随着荣耀和成果。,"It describes a sudden, overwhelming stroke of luck, fame, attention, or success that seems to fall into one’s lap, often with a slightly joking tone about unexpected glory or rewards.",hit the jackpot,wealth pouring from the sky,filthy rich,going viral,non-harmful,Experience
59,train,老登,又被戏称为老毕登，是一个带有贬义的东北方言词汇，用来形容那些老流氓、老色鬼、老东西、老家伙、老而不尊以及老不死的人。它用来形容那些不受尊重的老年人或者那些令人讨厌的中老年男性。,"A derogatory term for a disrespectful, creepy, or unpleasant older man, often implying he is sleazy, shameless, morally gross, or failing to behave with the dignity expected of his age.",creepy old geezer,old climber,old-timer,dirty old man,harmful,Slang
60,train,佛系,网络流行语，是一种追求自己内心平和、淡然的活法和生活方式，主要意思是指无欲无求、不悲不喜、云淡风轻而追求内心平和的生活态度。,"It describes a calm, low-desire, non-competitive attitude toward life, where someone does not force outcomes, avoids strong emotional highs or lows, and focuses on staying peaceful and unbothered.",chill and unbothered,Buddhist style,Zen master,couch potato,non-harmful,Quotation
61,train,树洞,作为一个新兴词语，在现代生活中又赋予了其一个新的理解，那就是吐露心声的地方，可以信任诉说秘密的地方。比如你有某些想法或者秘密，但是在现实生活中又没有能说出口的对象，只能暗自用别的途径讲出来， 比如在网上发帖、写日志什么的，这些地方就叫做网络树洞，如果一个异性把你当树洞，那么就成了倾诉的对象。,"A ""tree hole"" refers to a trusted place or person where someone can safely vent, confess secrets, or pour out private thoughts, especially when they have no one in real life to tell.",safe space,tree hole,treehouse,echo chamber,non-harmful,Quotation
62,test,查水表,是一个网络流行用语，在网络上一般用来警告某人做了在当时场景下的危险行为（多为敏感），需要小心。也指jc或执法部门在实施抓捕之前，使抓捕对象放松警惕的常见套路。,"It is a joking warning that someone may get in trouble or attract law-enforcement attention for saying or doing something sensitive or risky, often implying authorities might show up under a harmless pretext.","FBI, open up!",check the water meter,meter reader,SWATting,non-harmful,Quotation
63,train,软件硬化工程师,是对失足女的美称/暗语/黑话,"A coded or euphemistic term for a female sex worker, phrased like a technical job title to disguise the sexual meaning and make the reference sound innocuous.",lady of the night,software hardening engineer,cybersecurity engineer,adult entertainer,harmful,Stylistic device
64,train,弱鸡,原义指很柔弱的小鸡，网络用语中指体质或某些方面不擅长的人，形容男人的身体形似女人，不强壮，瘦的跟猴似的，体质差，身材纤细。或者那些表现不如其他人的人，特别是那些在某些方面缺乏体力、智力、技能或经验的人。现在弱鸡一般为网络用语或在游戏中使用，形容某个人游戏水平很菜，和菜鸡、菜鸟同义，算是骂人的话。,"It is a mocking term for someone seen as physically weak, useless, inexperienced, or unskilled, especially a player who performs badly in games.",weak noob,weak chicken,chicken,tryhard,harmful,Stylistic device
65,train,people娘魔法披风 / People孃魔法披风,四川、重庆方言，是“批婆娘，莫发批疯”的谐音，典型的骂人的话，一般说来是男人骂女人的话，或者自己老公骂老婆的话，请大家在川蜀一带慎用。,"This phrase is a vulgar Sichuan-Chongqing homophonic insult aimed at women, roughly meaning “stop acting crazy” or “stop making a scene,” often used by men toward women or husbands toward wives.",stop acting like a crazy bitch,People girl’s magic cloak,magic cape,crazy woman,harmful,Homophonic pun
66,train,花瓶,网络用语，指那些除了脸蛋、外貌好看之外一无是处的女性，他们像花瓶一样，除了用来观赏，一无是处，用来形容容貌出众但智力和才华欠缺的女性。,"A derogatory label for a woman who is valued only for her looks, implying that she is decorative but otherwise useless and assumed to lack talent, intelligence, or real substance.",bimbo,vase,trophy wife,pretty privilege,harmful,Stylistic device
67,train,爷青结,是“爷的青春结束了”的缩写，指的是长久或者是年轻时喜欢、关注的人或者事物结束了，用于感叹事物的变化，也有用来嘲讽一些违背正常规律发生的事，类似的还有“爷青回”等流行词汇，指的是记忆中的事物恢复了。,"It expresses the feeling that something connected to one’s youth, memories, or long-term emotional attachment has ended, often with nostalgia, sadness, or a sense of time passing.",my youth is over,game over,youth is wasted on the young,nostalgia hit me hard,non-harmful,Abbreviation
68,train,万金油,指人或物在任何情况下都可起到作用，有“无所不能”“通吃”的意思，比喻什么都不精通、但什么都懂一点、什么都能应付一气的人。,"A “jack-of-all-trades” person or thing that can handle many situations by knowing or doing a bit of everything, but is not highly specialized or deeply expert in any one area.",jack of all trades,golden oil,Midas touch,Renaissance man,non-harmful,Slang
69,train,阔耐,网络语，可爱的意思,"It is a playful, cutesy way to say that someone or something is cute or adorable, often adding a lighthearted, affectionate tone to the compliment.",adorbs,wide and durable,tough cookie,cutesy talk,non-harmful,Homophonic pun
70,train,磨豆浆,暗指男女的行为的最终结果，或男生自己自慰行为的最终结果。,"A vulgar euphemism for male sexual activity or masturbation, especially implying ejaculation as the eventual or intended outcome.",rub one out,grind soybeans,make soy milk,do the deed,non-harmful,Stylistic device
71,train,九十度青年,网络流行词，用来形容每次去社交场合找地方坐的时候，只想找一个角落坐下，只有隐身在九十度的角落里，才有安全感的人。,"A ""ninety-degree youth"" is someone who feels safest and most comfortable hiding in a quiet corner at social events, avoiding the center of attention and seeking security by staying out of sight.",wallflower,ninety-degree youth,corner office,introvert,non-harmful,Experience
72,train,绿茶男,指通过装无辜、装特别、博同情、贬低同性或迎合他人来获得关注和好感的男性,"A green tea man is a manipulative man who acts innocent, gentle, or harmless while secretly flirting, playing victim, seeking sympathy, or stirring up emotional drama to gain attention and affection.",male pick-me who plays innocent,green tea lover,cinnamon roll,fuckboy,harmful,Stylistic device
73,train,你就是个弟弟,网络流行词，意思是你不行，你还很嫩。,"This is a mocking phrase used to tell someone they are not good enough, are still inexperienced or immature, and are clearly below your level in ability, status, or confidence.",You're not on my level,You're just a little brother,Big Brother is watching you,You're acting like a baby,harmful,Slang
74,train,野猪行为,网络流行词，形容人某些行为像是野猪会做出来的举动一样，非常蛮横无理。也可以理解为：这种行为过分的不像人干的事！表示对对方的行为表示愤怒。,"A mocking expression used to criticize someone’s behavior as rude, aggressive, unreasonable, or wildly uncivilized, implying that their actions are so crude and excessive that they seem barely human.",acting feral,wild boar habits,pig out,throwing a tantrum,non-harmful,Stylistic device
75,train,找个班上吧,用于调侃那些做啥啥不行的人，或者表示对某人的行为很无语，实在不行去找个班上吧。,"A mocking phrase telling someone they seem useless, embarrassing, or far too idle, implying that they should stop wasting time and go find a job or do something productive.",go get a real job,find a class to attend,go to work,touch grass,non-harmful,Stylistic device
76,test,乌鱼子,网络流行语，即无语子，表达无语的意思,"It is a playful homophonic expression used to say someone is speechless, frustrated, or has no words in response to something awkward, annoying, absurd, or difficult to comment on.",I can’t even,mullet roe,bottarga,no comment,non-harmful,Homophonic pun
77,train,绿泡泡,网络用语，指的是微信这个聊天软件,"A playful coded nickname for WeChat, referring to its green chat-bubble icon, used online to mention the messaging app indirectly or humorously without saying its official name.",WeChat,green bubble,green text bubble,WhatsApp,non-harmful,Stylistic device
78,train,抓马,网络流行词，是drama的音译，本意是戏剧、剧本的，也可以指富有戏剧性的情节。,"It describes a situation that feels dramatic, exaggerated, messy, or full of conflict, often unfolding like a scene from a television show or scripted drama.",drama,catch a horse,theater,plot twist,non-harmful,Homophonic pun
79,train,马路大,是侵华日军“七三一”细菌部队对那些被迫接受人体实验的受害者的侮辱性称呼。马路大是日语“丸太（maruta）”一词的音译，在日语中意为“圆木”，引申意思为“试验品”。,"A dehumanizing wartime code word used by Unit 731 to refer to victims of forced human experimentation as “logs,” reducing them to disposable test subjects rather than recognizing them as people.",Maruta,big road,log,guinea pig,harmful,Homophonic pun
80,train,铁憨憨,网络流行语，指的是傻傻的愣头青、二愣子的意思，常被用来调侃他人傻又楞。,"A teasing label for someone who comes across as silly, slow-witted, blunt, or a bit clueless, usually used to poke fun at them in a light or endearing way.",lovable idiot,iron dummy,Iron Man,himbo,harmful,Slang
81,train,鸡笼警告,指言行举止太骚小心被关进鸡笼，让他赶紧别骚了。,"A joking warning telling someone to stop acting overly flirty, horny, or suggestive, implying that if they keep behaving that way they deserve to be “locked up” for being too provocative.",horny jail,chicken coop warning,jailbird,thirst trap,non-harmful,Stylistic device
82,train,马后炮,比喻事后采取措施，无济于事，或者事情已经发生，才说自己有先见之明，说自己早料到事情的结果会是这样，指人们主观认识和行动落后于客观实际的某些情况。不算骂人的话，但是带有一定的贬义。,"It means offering advice, criticism, or action only after events have already unfolded, too late to help, often with the implication that someone is pretending they knew the outcome all along.",Monday-morning quarterbacking,cannon behind the horse,hold your horses,hindsight is 20/20,non-harmful,Slang
83,train,瑞思拜,网络流行词，是英语 respect 的音译，是尊重的意思。现多用在开头，表示惊叹，佩服的意思。,"Used to express admiration, approval, or respect, often at the start of a comment, when someone’s behavior, skill, attitude, or achievement feels impressive and worthy of praise.",respect,rice bye,pay respects,kudos,non-harmful,Homophonic pun
84,train,牛头人,其意为被他人强占配偶或对象，被人戴绿帽。后来牛头人逐渐泛化为“喜欢的事物被别人夺走”的意思。,"A subcultural term for having one’s partner or beloved thing taken away by someone else, originally linked to cuckold or NTR scenarios and later broadened to any feeling of losing something cherished to another person.",NTR,minotaur,bullheaded,third wheel,non-harmful,Homophonic pun
85,train,偶1某了,即我emo了的意思，网络流行语，表示有情绪了。emo不是emoji的缩写，而是emotional的缩写，翻译是情绪硬核或情绪化硬核。可以延展理解为：颓废、抑郁、消极等在夜深人静时容易产生的不太乐观的情绪、等等，总之是不太乐观的情绪之类。,"A playful way to say one has become emotional, gloomy, down, or caught in negative late-night feelings, often describing a sudden slump into pessimistic or melancholy moods.",in my feels,I one certained,emoji mood,depressed,non-harmful,Homophonic pun
86,train,NZND,NZND，是No Zuo No Die的简称，中文翻译过来“不作就不会死”的意思。,"NZND is a joking way to say that people get themselves into trouble by acting recklessly, courting avoidable consequences, or essentially asking for it through their own foolish behavior.","play stupid games, win stupid prizes","New Zealand, North Dakota","no pain, no gain",YOLO,non-harmful,Abbreviation
87,train,宾狗,意思是答对了、猜中了、中奖了、好极了之类的。“宾狗”是由“bingo”英译过来的。,"“Bingou” is a playful transliteration of “bingo,” used to express that someone got it right, guessed correctly, nailed the answer, won, or that something is simply great.",bingo,guest dog,ice dog,lucky dog,non-harmful,Homophonic pun
88,train,5G就是快,形容事情进展很快，但这个快跟是不是5G网没有关系，只是一种调侃说法。,"A joking way to say something happened or progressed very quickly, as if things were moving at 5G speed, even though it has nothing to do with an actual 5G network.",that was quick,5G is fast,fast Wi-Fi,speedrun,non-harmful,Experience
89,train,老鼠人,专门用来形容人的，而且是那种没有心气儿的人，生活条件不尽如人意，生存环境极差，失去希望的人，就像生活在下水道里的老鼠。准确点来说就是对自己没有信心，完全没有能力改变现状的人，其实这个词就是专门嘲讽这个人生活方面非常不如意，而且基本上已经失去希望的人。,"A darkly self-deprecating label for someone living in poor conditions, feeling hopeless, powerless, and unable to change their situation, as if trapped at the bottom of society with no confidence or way out.",doomer,rat person,gym rat,basement dweller,harmful,Experience
90,train,西格玛男人,"是一种社会学概念，指代一类男性特征和行为模式，可以翻译为“独狼”,这类人的性格特点是独立、自律、不追求异性且尊重所有人，高质量男性用来形容自身的一种称呼。","A self-styled lone-wolf man who is independent, self-disciplined, emotionally detached, and unconcerned with seeking social approval or romantic validation, often used as a label for an idealized high-quality masculine persona.",sigma male,Sigma man,alpha male,lone wolf,non-harmful,Quotation
91,train,信球,形容人傻。通常用来骂人二半吊、脑子不够使，办事不周延、超出常理，算是骂人的话。,"A dialectal insult for someone who is stupid, foolish, clueless, or lacking common sense, often used to scold a person for acting irrationally, carelessly, or without thinking things through.",dumbass,faith ball,ballhead,goofball,harmful,Slang
92,test,女拳,作为网络语，是由“女权”一词演变而来，贬义词，是指歪曲男女平等的真正含义，打着追求男女平等的旗号，却要追求女性地位高于男性，只想享受权利，不想承担义务的一种女权者。,"A derogatory pun on “feminism,” used to attack women perceived as extreme, hostile to men, or demanding women’s rights while rejecting equal responsibilities.",feminazi,female fist,feminism,radical feminist,harmful,Homophonic pun
93,train,废物点心,北京话/普通话，也可以算是北京土话，本义指中看不中吃的点心，引申为没有用的人，贬损某人无能、无用的词语，骂人的话。,"It is a derogatory insult for someone seen as useless, incompetent, or good for nothing, implying they may appear acceptable on the surface but have no real ability or value.",good-for-nothing,useless pastry,piece of cake,dead weight,harmful,Slang
94,train,领盒饭,原指龙套戏拍完了走的时候可以领一份盒饭，现指影视作品中的因剧中人物挂掉演员下线的情况，接下来就看不到这个人的新戏份了。引申含义表示在戏中某个人马上要死了、退场了，也可代表下岗。,"It describes a character who is about to die, be written out of the story, or otherwise exit the show, so the audience should not expect to see new scenes with them afterward.",get killed off,get a boxed lunch,lunch break,get fired,non-harmful,Quotation
95,train,下海,网络流行词，在近代是底层社会的“黑话”，意思是“女子从事不正当行当”。,"A euphemistic or derogatory slang term for a woman entering sex work or another socially condemned sexual trade, often implying a fall into an improper or disreputable line of work.",go on the game,go to sea,go into business,take the plunge,harmful,Slang
96,train,脑残粉,网络流行词，通常指的是那些对于名人以及不同的品牌极度痴迷，疯狂追求以至于失去了个人理智的人。这样的一种人会对任何不利于他们所追求的名人或者品牌的言论进行猛烈的攻击，甚至伤及无辜。,"An irrational, fanatical, and aggressive fan who blindly worships a celebrity, brand, or idol, losing personal judgment and fiercely attacking anyone who criticizes or says anything negative about the object of their devotion.",toxic stan,brain-damaged fan,groupie,superfan,harmful,Experience
97,train,矮穷矬,网络流行语，意思是又矮，又穷，又不好看。这个词汇则常常被用来形容那些长相普通、经济状况较差的人群。后来引申为形容对异性没有吸引力，生活很惨。,"A derogatory label for a man seen as short, poor, unattractive, and lacking romantic or social appeal, often implying that he has low status, little confidence, and a difficult or unsuccessful life.","short, broke, and unattractive loser",short and shabby,short king,broke boy,harmful,Abbreviation
98,train,烷基八氮,就是“完几把蛋”“玩狗蛋了”的意思，也就是“完蛋”的加强语气的一种说法，用于表达情况很糟糕，自己彻底完了的情况。,"A joking euphemistic expression meaning that things are completely ruined, hopeless, or that someone is totally screwed, used to emphasize that a situation has gone very badly and there is no easy way out.",I'm totally screwed,alkyl eight-nitrogen compound,azide chemistry,this could get messy,non-harmful,Homophonic pun
99,train,大白兔,原本指的就是奶糖牌子的名字，但现在指的含义比较多，在网络用语中一般暗指“胸大”的女性。,"This term is a coded, suggestive slang expression used online to refer to a woman with large breasts, often relying on indirect wording rather than stating the meaning explicitly.",stacked,White Rabbit candy,big white rabbit,bunny girl,harmful,Stylistic device
100,train,伐木累,是英文“family”的音译,"A playful phonetic transliteration of “family,” used to refer to family members or a close-knit group such as one’s crew, often with a humorous or affectionate tone.",family,tired from chopping wood,lumberjack,familiar,non-harmful,Homophonic pun
101,train,装大尾巴狼,主要意思是讽刺，这不是严格的字面意思，但这个词含有很深的讽刺意味。装大尾巴狼是一个讽刺严肃装、体面装、权威装、绅士装、大款装、以及把一切都放到互联网上的人。,"It mocks someone for pretending to be important, respectable, authoritative, rich, or more sophisticated than they really are, especially when they put on a serious, classy, or high-status image online.",put on airs,pretend to be a big-tailed wolf,big bad wolf,wolf in sheep’s clothing,harmful,Slang
102,train,爷爷带大的女孩,网络用语，就是没有奶奶的意思，多用在评论区，调侃那些胸部不够大的平胸女孩。,"A mocking euphemism for a flat-chested girl, based on a pun where being raised by “grandpa” implies having “no grandma,” which sounds like having no breasts.",itty-bitty titty committee,girl raised by her grandpa,grandpa’s girl,daddy issues,harmful,Stylistic device
103,train,本垒打,作为网络用语，在爱情中意思是用来含蓄地形容男女交往关系的程度，就是代表男女已经发生了性关系,"In online slang, this term is a euphemism used in romantic or sexual contexts to imply that a couple’s relationship has reached the point where they have had sex.",go all the way,a baseball home run,first base,score a date,non-harmful,Quotation
104,train,二椅子,形容男孩子阴柔的，没点阳刚之气。北方方言中的贬义称谓，原本特指不男不女的中性人，骂人的话，最初是指阉割的太监，后来指一些天生性器官有问题的人,"A derogatory northern dialect insult aimed at a boy or man judged effeminate, unmanly, or insufficiently traditionally masculine, often carrying mocking implications about gender nonconformity or perceived lack of masculinity.",sissy,two-chair guy,eunuch,femboy,harmful,Slang
105,train,鸡娃,网络流行词，就是给孩子打鸡血，望子成龙、望女成凤的“虎妈”“狼爸”们为了孩子能读好书，不断地给孩子安排学习和活动，不停地让孩子去拼搏。,"Parents aggressively push their children to study, compete, and attend endless classes or activities, constantly pressuring them to work harder in pursuit of academic success and upward mobility.",tiger parenting,chicken baby,hype up the kid,helicopter parenting,non-harmful,Experience
106,test,务俗 / 物俗,由“恶俗”一次衍生而来，是云南方言中的词汇，寓意：形容人很猥琐，很烦的样子，经常用来表示对一个人的讨厌。贬义词。,"This Yunnan dialect-based insult describes someone as creepy, gross, annoying, or deeply unpleasant, often used to show strong dislike or disgust toward a person’s behavior or overall vibe.",creep,worldly and vulgar,tacky,annoying guy,harmful,Homophonic pun
107,train,碧池,作为网络语，是谐音梗，该词时候现如今常见的为网络用语，意思是骂人是母狗，可引申为人的贬称“贱人”、“婊子”、“人渣”等，贬义词，骂人的，常用作“碧池脸”，意思是说别人像个婊子。,"A vulgar homophonic insult borrowed from “bitch,” used to curse or demean someone, especially women, implying that the target is contemptible, promiscuous, or has a “bitchy” look or attitude.",bitch,clear pond,beach,female dog,harmful,Homophonic pun
108,train,咸鸭蛋女孩,网络流行词，用语形容外表看起来十分纯洁端庄，斯斯文文，清纯可爱的女孩，可是当你浏览过她的聊天记录，真正了解她以后，会发现她内在其实十分好色，内心像一个咸鸭蛋一般黄的流油，腐得贼厉害，只是深藏不露罢了。,"A girl who appears innocent, pure, proper, and sweet on the outside, but once you know her better, turns out to be secretly dirty-minded, lewd, or sexually suggestive inside.",closet pervert,salted duck egg girl,egghead,good girl gone bad,non-harmful,Stylistic device
109,train,脑干缺失的美,这个梗指的是没有脑子，并且还有一点蠢笨的委婉说法，是一种委婉的骂人的说法，你智商低的意思，高情商说法。,"It describes a sarcastic, euphemistic way to call someone dumb, brainless, or lacking basic intelligence, often dressing an insult about low IQ or foolish behavior in a more indirect, humorous phrasing.",not the sharpest tool in the shed,missing brainstem beauty,brain-dead,airhead,harmful,Stylistic device
110,test,何弃疗,是网络流行语“为何放弃治疗”的简写。可简单理解为有病得治，是骂别人有病的一种委婉形式，也表示对于对方的做法和想法没办法解释。,"A sarcastic shorthand for “why did you give up treatment?”, used to mock someone’s behavior or ideas as irrational, unreasonable, or figuratively “mentally ill” when they seem impossible to explain.",you need help,quitting medical treatment,touch grass,get a life,harmful,Abbreviation
111,train,想屁吃呢 / 你在想 peach,意思是“不要做白日梦了”，你在想屁吃(桃子peach)原本就是用来嘲讽那些有着不切实际想法的言论，常用作“你在想peach”。,"This phrase is a sarcastic way to tell someone to stop daydreaming or having unrealistic expectations, usually mocking an idea or wish as absurdly unrealistic and not worth taking seriously.",dream on,are you thinking about farts,you want peaches,wishful thinking,harmful,Homophonic pun
112,train,开水烫红牛,网络词语，常常被表达成一种无人知道我难处的心情，懂的人自然懂，对我了解，关心我的人心里知道的，常用作“开水烫红牛懂的人自然懂”。,"A cryptic phrase used to suggest that one’s hardship or hidden feelings are difficult to explain, implying that only people who truly know, understand, or care about the speaker will naturally get it.",IYKYK,pour boiling water on Red Bull,Red Bull gives you wings,no one knows my pain,non-harmful,Stylistic device
113,train,你妈炸啦,网络流行词，骂人都喜欢问候对方的母亲是否安好，因此该词也是一句类似于“妈卖皮”的属于骂人的脏话,"A vulgar mother-directed insult used to curse or attack someone, similar to a “yo mama” insult, typically expressing hostility by dragging the target’s mother into the abuse.",yo mama insult,your mom exploded,bless your mother,go to hell,harmful,Slang
114,train,250 / 二百五,网络流行语，贬义词，骂人的话，意思就是在说这个人缺心眼、思维有问题，做事想法不合常规，莽撞、做事欠考虑。,"“250” is a mocking insult for someone seen as foolish, reckless, clueless, or acting without thinking, especially when their behavior seems irrational, impulsive, or lacking basic judgment.",idiot,two hundred and fifty,OK boomer,loose cannon,harmful,Slang
115,train,YD,拼音全称yín dàng，是淫荡的词语简称，是在网络上流行的一个描写人物的一个形容词。常用于形容行为不检点、放荡。广义上说指迷恋男女之间那点事儿的人。,"YD is a coded abbreviation for a term meaning lewd or indecent, used online to describe someone’s behavior, attitude, or content as sexually suggestive, promiscuous, or overly focused on sexual matters.",lewd,why D,young and dangerous,flirty,harmful,Abbreviation
116,train,yb,网络语，是有病的拼音缩写，是骂人的意思，用有病来形容一个人，就表示这个人在言语上存在冲动，或者是给人一种不舒服的感觉。,"“yb” is a coded online insult used to say someone is unreasonable, annoying, mentally off, or acting in an impulsive or uncomfortable way that makes others feel uneasy.",what’s wrong with you?,why be,sick,unhinged,harmful,Abbreviation
117,train,密麻麻石蜡,谐音梗，出自v圈，骂人用的抽象话，你妈妈死啦的意思，是一个不太文明的用语，具有攻击性，请慎用。,"This abstract homophonic insult means “your mom is dead” and is used as an offensive, uncivil mother-directed curse, especially in virtual streamer fandom contexts.",your mom’s dead,dense paraffin wax,mom jokes,your mom passed away,harmful,Homophonic pun
118,train,泡菜妹,就是指韩国姑娘，由于韩国的泡菜比较有名，所以网友一般说的泡菜，就是指韩国。,"“Kimchi girl” is a colloquial nickname for a Korean girl or young Korean woman, based on Korea’s strong cultural association with kimchi.",Korean girl,pickle girl,sushi girl,Koreaboo,harmful,Stylistic device
119,train,樱花妹,网络流行语，即日本女性。并不一定是指“年龄小于自己”的日本女性，而是中文网络社区对“日本青年及少年女性”的统称。,"“Cherry blossom girl” is a colloquial nickname used in Chinese online communities for a Japanese girl or young Japanese woman, drawing on cherry blossoms as a familiar cultural symbol associated with Japan.",Japanese girl or young woman,girl who likes cherry blossoms,K-pop girl,anime girl,non-harmful,Stylistic device
120,train,狗粉丝,网络流行语，意思就是指那些骂爱豆或者抹黑爱豆的粉丝。他们会故意惹火上身，然后享受被骂的感觉，是一群集恶臭、色情、物化女性为一体，到处挑事的无脑乌合之众。,"A derogatory label for toxic or malicious fans who attack and smear an idol, provoke conflict within or around a fandom, and deliberately cause trouble while seeming to enjoy the backlash they create.",toxic anti-fan,dog fan,furry fan,toxic stan,harmful,Stylistic device
121,train,金蝉世家,这个梗指的是癞蛤蟆想吃天鹅肉，并且三代人都是如此的痴恋于一个人，祖孙三代人都很喜欢一个漂亮的女孩子，爷爷很喜欢，爸爸也是，到自己身上依旧如此，是祖传癞蛤蟆的高情商说法。,"A mocking label for a family line of men who are all hopelessly infatuated with the same unattainable woman, implying a generations-long pattern of delusional desire far beyond their romantic reach.",simp dynasty,golden cicada family,old-money family,punching above his weight,harmful,Stylistic device
122,train,qnmd,网络用语，是去尼玛的的缩写，骂人的话,"“qnmd” is a vulgar internet abbreviation used to curse at someone, tell them off harshly, or express intense anger, contempt, and hostility toward them.",go fuck yourself,QNMD,go to your mom,shut the fuck up,harmful,Abbreviation
123,train,爪巴,网络流行词，爬字拆开的意思，爬在民间口语里就是滚的意思，所以爪巴就是让你滚。,"This meme is a coded, playful way to tell someone to go away, get lost, or leave immediately, often softening a blunt dismissal through joking internet wordplay.",get lost,claw bar,crawl away,back off,harmful,Homophonic pun
124,train,大清亡了,网络用语，主要用来讽刺讽刺愚昧腐朽的封建思想，一些人思想陈旧，还沉浸于老的思想，用来形容在某一事件发生后很长时间才得知该事件的行为，常用来吐槽一些人对热点不敏感比较后知后觉，有时候也形容某些人信息落后，对新科技、新发生的事情一无所知。,"A sarcastic way to mock someone for being outdated, behind the times, slow to notice major events or trends, or still thinking in an old-fashioned and backward way.",get with the times,the Qing dynasty has fallen,let them eat cake,nostalgia trip,non-harmful,Quotation
125,train,渣渣,网络用语，方言，品质不好的人，与社会垃圾的意思相近，有点类似于人渣的意思。,"“Zhaza” is a derogatory insult for a morally bad, worthless, or contemptible person, implying someone is low-quality, trash-like, and deserving of strong disdain.",scumbag,residue,trash panda,loser,harmful,Slang
126,train,dnm,是“叼你妈”的缩写，该词汇本身含有攻击性,"“dnm” is an offensive abbreviation used as a vulgar insult directed at someone’s mother, typically to curse at a person, vent anger, or attack them with strong contempt.",fuck your mom,do not message,damn,motherfucker,harmful,Abbreviation
127,train,小蓝鸟,一般指的是美国的社交平台“Twitter”，也是全球互联网浏览量最大的十大网站之一，中文名字推特。,"A playful nickname for the social media platform known for its blue bird logo, commonly referring to Twitter because its former branding prominently featured a small blue bird icon.",Twitter,little blue bird,bluebird,Bluesky,non-harmful,Stylistic device
128,train,三氧化二铁,讽刺是废物或是脑子生锈了的意思。,"This term is a mocking coded insult aimed at someone considered useless, slow-witted, or mentally rusty, implying that their thinking is corroded or no longer functioning properly.","a useless, brain-dead idiot",ferric oxide,tin foil hat,out of practice,harmful,Homophonic pun
129,train,灵车漂移,网络流行语，字面意思为开弯道灵车漂移的时候里面的棺材都飞了出来，是骂人的脏话。,"A vulgar insult that curses or mocks someone through exaggerated funeral imagery, suggesting a hearse drifting so wildly that coffins fly out, turning death-related imagery into abusive ridicule.",drop dead,hearse drifting,coffin dance,funeral,harmful,Stylistic device
130,train,懂哥,网络用语，这个词表面是形容一个人对某个事物或者某个人非常的了解，非常懂的意思。深层次的含义是指对许多事物都不了解的人，却不懂装懂的人，含贬义。,"“Know-it-all” is a sarcastic label for someone who acts as if they understand everything, but is actually ignorant, poorly informed, or pretending expertise they do not have.",know-it-all,understanding bro,expert,mansplainer,harmful,Stylistic device
131,train,荷包蛋女生,形容那些外表看起来纯洁无瑕、温柔可爱的女性，但实际上她们内心可能有着丰富的情感和思想，甚至有一些”黄”的想法或行为。这种说法常常用于形容那些表面和内在存在反差的女生，有时也带有一定的戏谑和调侃意味。,"A joking label for a seemingly innocent, sweet, and gentle girl who secretly has sexually suggestive or naughty thoughts, highlighting the contrast between her pure outward image and more mischievous inner side.",closet pervert,fried egg girl,sunny-side-up girl,good girl gone bad,non-harmful,Stylistic device
132,test,社交小龙虾,谐音梗，指在社交时候表现得又“聋”又“瞎”，看似高冷的人，这里的龙对应的是失去听力的聋子，虾对应的是失明的瞎子，这样的人被称作社交小聋瞎，谐音社交小龙虾。,"A joking label for someone who seems aloof, unresponsive, or socially disengaged in social situations, as if they cannot hear or see the cues and interactions happening around them.",socially checked out,social crayfish,little lobster,social butterfly,non-harmful,Homophonic pun
133,test,厚礼蟹,网络流行语，是“holy shit”的谐音、中文空耳，用于表示惊叹，可以用在任何你想表示极为惊讶的时候,"“Houli xie” is a Chinese phonetic meme based on “holy shit,” used as an exclamation to express strong shock, surprise, disbelief, or amazement in almost any startling situation.",holy shit,generous gift crab,holy crab,oh my god,non-harmful,Homophonic pun
134,train,U型锁,u型锁本来是指一种用来锁电动单车的锁，作为网络语，就是指极端爱国粉，现在被用来代指那些打着爱国的旗号来行泄私愤、仇富之实的人，具有讽刺意义。,"A sarcastic label for an aggressive ultranationalist who invokes patriotism to justify hostility, vent resentment, attack others, or disguise personal anger as righteous national feeling.",jingoist,U-lock,patriot,keyboard warrior,harmful,Quotation
135,train,电子榨菜,网络热词，是指我们吃东西时用来“下饭”的那些小说、视频、直播等等，如同榨菜一般有下饭的作用，因此而得名。,"This refers to casual digital content such as videos, livestreams, or novels that people consume while eating, serving as light entertainment or background accompaniment much like a simple side dish.",meal companion content,electronic pickles,mukbang,comfort watch,non-harmful,Stylistic device
136,train,渐行渐远渐无书,意思是愈行愈远，连一封书信也没有捎来，指两个人越来越疏远，慢慢的就失去联系了。,"A poetic expression for two people gradually drifting apart, becoming increasingly distant from each other, and eventually losing contact without further messages or communication.",drift apart,farther and farther with no letters,no news is good news,long-distance relationship,non-harmful,Quotation
137,train,犹豫就会败北,意思是该防御还是该攻击，不能犹豫，只要稍有犹豫你就会马上败北；但就算你果断作出反应，如果作出了错误的选择，你也会白送人头（白给）。,"A gaming meme meaning that hesitation can make you lose immediately, while even a decisive response can get you killed for free if it turns out to be the wrong move.",hesitate and you lose,hesitate and you win,slow and steady wins the race,Leeroy Jenkins,non-harmful,Quotation
138,train,牛顿的棺材板压不住了,网络流行语，主要是调侃事物违反常规定律，非常离谱，违背了牛顿的“万有引力”定律。,"A joking way to describe something so absurdly physics-defying that it seems to violate basic laws of motion or gravity, as if even Newton could not stay still in his grave after seeing it.",Newton is rolling in his grave,Newton’s coffin lid is nailed shut,Mercury is in retrograde,Einstein would be confused,non-harmful,Quotation
139,train,废青,网络用语，废柴青年的简称，通常是指那些年纪轻轻却无所事事，无理想，不奋斗，不努力却感觉自己具备成熟的独立思想，在社会上不受认同，对社会毫无奉献，并且可能会由于对自身经历不满，盲目归咎社会责任，只能靠组织一些反社会的活动来得到认可及对社会进行“报复”的青少年。,"A derogatory label for idle, aimless, socially alienated young people who are seen as blaming society for their frustrations and acting out resentfully to seek recognition or retaliate against society.",disaffected youth,useless youth,NEET,slacker,harmful,Abbreviation
140,train,反串黑,饭圈用语，是网络上的一种黑粉，是为反而反，为黑而黑。通俗的说就是：就是你其实是想黑A，然后说话时是夸A贬B。,"A disguised anti-fan who appears to praise or support a person, but is actually trying to smear them, provoke backlash, or make them look bad by framing the “support” in a damaging way.",false-flag anti-fan,reverse-role hater,black fan,concern troll,non-harmful,Abbreviation
141,train,躺裂,表达的是一种对生活失去了热情，同时心态也崩溃的状态。它反映了部分人在面对生活压力时的无力感和挫败感，以及他们对现实的失望和对未来的悲观态度。,"It describes a state of feeling emotionally broken, drained, helpless, and pessimistic about life, as if pressure and disappointment have left someone with no motivation or hope for the future.",dead inside,lying cracked,lying flat,burned out,non-harmful,Abbreviation
142,train,端水艺术家,这个词源自网络流行语“端水大师”，它主要描述的是在做人做事方面力求公平，不偏袒任何一方，尽量保持平衡，照顾到各个方面的人。,"A “water-balancing artist” is someone who skillfully treats all sides equally, avoids favoritism, and carefully keeps everyone balanced and satisfied in social situations or decision-making.",even-handed mediator,water-carrying artist,waterboy,fence-sitter,non-harmful,Stylistic device
143,train,像个沙口,意思就是像个小丑一样可笑。,"A mocking insult used to say someone looks ridiculous, foolish, laughable, or clownish, implying that their behavior or appearance makes them seem like a joke or an embarrassing clown.",clown,like a sand mouth,dumbass,joker,harmful,Homophonic pun
144,train,社会边角料,是一个网络热词，是说一群不被社会关心，不被重视也没有什么存在感的人。多用于自嘲。,"A self-deprecating label for people who feel ignored, insignificant, overlooked, or barely noticed by society, used to jokingly describe oneself or others as existing on the margins with little social presence.",social nobody,social scraps,outcast,NPC,non-harmful,Experience
145,train,韭菜人,是特指那些本想花小钱占大便宜，结果却总是交了智商税的群体。,"A mocking label for people who chase cheap deals or easy gains, hoping to get more than they pay for, but repeatedly end up being duped, exploited, or tricked into wasting money.",suckers,leek people,bargain hunters,bagholders,harmful,Experience
146,train,突击式尽孝,是形容很爱很爱自己的父母，但是平时对爸妈的关爱和情感表达又比较含蓄，于是在节日期间对父母进行短暂爆发式的关爱行为。,"It describes a brief holiday-time burst of care, affection, and attention toward one’s parents after usually being emotionally reserved or indirect in everyday expressions of love.",seasonal burst of filial piety,commando filial piety,holiday guilt,love bombing,non-harmful,Experience
147,train,奶绿男孩,形容长相奶气，表面逆来顺受，看似傻白甜，但实际是善于心计，睚眦必报的男孩。,"A “milk-green boy” is a soft-looking, innocent-seeming boy who appears harmless, sweet, and compliant on the surface, but is actually scheming, manipulative, calculating, and quick to take revenge.",wolf in sheep’s clothing,milk green tea boy,soft boy,nice guy,non-harmful,Stylistic device
148,train,蚝爹油,是英语“how dare you”（你们怎么敢）的谐音。,"A phonetic parody of “how dare you,” used as an exclamation to express shock, anger, disbelief, or accusation when someone is seen as acting with unacceptable audacity.",how dare you,oyster dad oil,oyster sauce,who do you think you are?,non-harmful,Homophonic pun
149,train,心是榴莲做的,能够用来形容渣男的心里可以住很多人。,"A sarcastic metaphor for a womanizer whose heart has room for many romantic interests at once, implying he casually makes space for multiple partners or crushes instead of being emotionally loyal to one person.",player,durian-hearted,big-hearted,heartbreaker,non-harmful,Stylistic device
150,train,花果山高级会议,常指电子竞技比赛中选手在局内交流时场面十分混乱，宛如花果山上的一群猴子在开会。,"A joking description of chaotic esports team communication during a match, where players all talk over one another at once, sounding like a room full of monkeys holding a noisy meeting.",zoo comms,high-level meeting at Flower Fruit Mountain,Monkey King summit,clown fiesta,non-harmful,Stylistic device
151,train,对冲式养生,是指年轻人一边进行熬夜等伤身行为一边推崇养生的奇怪行为。,"It describes the contradictory habit of doing unhealthy things, such as staying up late, while relying on wellness practices to offset, justify, or reduce the damage.",damage-control wellness,hedged health,health nut,biohacking,non-harmful,Experience
152,test,因吹思停,谐音“interesting”。,"This playful phonetic rendering of “interesting” is used online to describe something as interesting, amusing, intriguing, or worth noticing, often with a lighthearted or meme-like tone.",interesting,because blow think stop,stop blowing,interested,non-harmful,Homophonic pun
153,train,龙凤成翔,指父母或其中一方基因很好，但自己没有继承优秀基因，带有自嘲意味。,"A self-mocking way to say that one’s parents, or one of them, have excellent genes and admirable traits, but the speaker somehow failed to inherit those best qualities.",missed the gene lottery,dragon and phoenix take flight,good genes,won the genetic lottery,non-harmful,Homophonic pun
154,train,夕阳红枪法,指枪法很差、瞄不准、打不中，多用于游戏语境中的调侃，不一定带恶意。,"A joking way to describe terrible aim in games, especially when someone keeps shooting repeatedly but barely hits anything, usually as light teasing rather than a serious insult.",potato aim,sunset-red aim,old-man aim,spray and pray,non-harmful,Stylistic device
155,train,河南拔智齿,“很难不支持”的谐音，用来表示非常支持、难以不赞同。,"This phonetic meme is used to express that something is hard not to support, meaning the speaker strongly agrees with it or finds it very difficult to disagree.",hard not to support,Henan wisdom-tooth extraction,pull out wisdom teeth,no-brainer,non-harmful,Homophonic pun
156,train,女娲毕设作品,用来夸一个人外形非常完美，好像是造人女神女娲的毕业设计作品。,"A compliment for someone whose appearance is so perfect and carefully crafted that they seem like a creator’s masterpiece, as if made to be the finest final project of a divine human-maker.",God’s masterpiece,Nuwa’s thesis defense,Prometheus’ fire,runway model material,non-harmful,Stylistic device
157,train,卧床先生,形容无论开心、难过、忙碌、空闲、天气好坏，都只想躺在床上的人。,"A self-deprecating label for someone who, whether happy, sad, busy, free, or facing good or bad weather, simply wants to stay in bed instead of doing anything else.",bed rotter,bedridden gentleman,couch potato,homebody,non-harmful,Experience
158,test,费姐,“费解”的谐音，表示很难理解、令人迷惑。,"It is a playful homophonic expression used to say that something is confusing, puzzling, or hard to understand, often with a light humorous tone.",make it make sense,Sister Fei,expensive sister,I’m confused,non-harmful,Homophonic pun
159,test,耗子尾汁,“好自为之”的谐音，用来劝告或警告对方自己注意后果、别再乱来。,"A playful homophonic warning telling someone to behave, watch themselves, or deal with the consequences, often used to caution them to stop messing around and take responsibility for what happens next.",behave yourself,rat tail juice,mouse juice,take care of yourself,non-harmful,Homophonic pun
160,train,大猪蹄子,女生常用来吐槽男生不解风情、迟钝、钢铁直男或让人失望。,"A teasing complaint about a man who is emotionally clueless, insensitive, unromantic, or disappointing, usually said by women when mocking a guy for being dense, tactless, or failing to meet romantic expectations.",clueless boyfriend,big pig trotter,pigheaded guy,straight man,non-harmful,Stylistic device
161,train,百合骑士,指默默守护女生之间恋情的男性，只提供帮助，不插手关系，并乐见其成。,"A “yuri knight” is a male supporter who quietly protects and helps a romantic relationship between girls, offering assistance from the sidelines without interfering and genuinely hoping the relationship succeeds.",yuri knight,lily knight,knight in shining armor,wingman,non-harmful,Stylistic device
162,train,滋醒警告,表示“醒醒吧，别做白日梦了”，带有要把对方从幻想中强行叫醒的调侃意味。,"A joking warning telling someone to wake up, stop fantasizing, and face reality, implying that they are being playfully but forcefully dragged out of an unrealistic daydream.",snap out of it,spray-awake warning,rise and shine,calm down,non-harmful,Experience
163,train,老污龟,指老色狼、老好色鬼、老登徒子一类的人，带有调侃或贬义。,"It is a mocking or derogatory label for an older man seen as lecherous, dirty-minded, or habitually making inappropriate sexual remarks.",dirty old man,old dirty turtle,Teenage Mutant Ninja Turtle,internet creep,harmful,Homophonic pun
164,train,我真的会谢,表示对令人无语、郁闷或离谱的人和事感到无奈、崩溃、被气笑。,"It is a sarcastic expression of speechless frustration, annoyance, or helpless disbelief, used when something is so absurd, irritating, or overwhelming that the speaker feels helpless and almost laughs from exasperation.",I can't even,I really will thank you,"thanks, Obama",that's awkward,non-harmful,Quotation
165,train,虾男,指脸不太好看但身材很好的男性，带有外貌评价和调侃意味。,"A teasing label for a man with an unattractive face but an attractive body, used to jokingly comment that his physique is appealing even though his facial appearance is considered less attractive.",butterface guy,shrimp man,catfish,gym bro,harmful,Stylistic device
166,train,鸟胃型猪瘾,指胃口很小但嘴很馋，什么都想吃，吃几口就饱，过一会儿又想吃。,"A joking label for someone with a tiny appetite but constant food cravings, wanting to try every tasty thing but getting full after a few bites and soon wanting food again.",eyes bigger than stomach,bird stomach pig addiction,small appetite,snacky,non-harmful,Experience
167,train,大型老奶奶现场,指因为记忆模糊、似曾相识但想不起正确答案，导致错误指代或说错话的搞笑场面。,"A funny situation where someone has a memory lapse, misremembers something, or confidently gives the wrong reference, creating humor from vague familiarity and mistaken recall.",senior moment,big grandma scene,grandma moment,tip of the tongue,non-harmful,Stylistic device
168,test,长在了笑点上,形容某人自带笑点，不管说什么、做什么，甚至只是站在那里都让人想笑。,"Describes someone who is naturally funny or unintentionally hilarious no matter what they do, so their words, actions, or even mere presence can make others want to laugh.",walking punchline,grew on the funny spot,funny-looking,comic relief,non-harmful,Stylistic device
169,test,嘤嘤怪,指说话经常带“嘤嘤嘤”、故意卖萌、撒娇或装可怜的人。,"A teasing label for someone who often acts overly cute, whiny, or coy in speech, especially by using babyish or affected sounds to seem adorable, helpless, or playfully pitiful.",uwu person,yinging monster,crybaby,baby talker,non-harmful,Experience
170,train,我酸了,表示“我羡慕了”，常用于看到别人拥有好东西、好经历或好运气时的自嘲表达。,"It is a casual, self-mocking way to say one feels jealous, envious, or sour after seeing someone else enjoy good fortune, desirable experiences, or things one wishes they had.",I’m jealous,I’m sour,sour grapes,I’m salty,non-harmful,Experience
171,train,涨姿势,“长知识”的谐音，表示获得了新知识、见识变多了。,"A playful expression meaning that someone has learned something new, gained knowledge, or broadened their understanding, often used lightly after encountering an interesting fact or explanation.",TIL,posture up,improved posture,fun fact,non-harmful,Homophonic pun
172,train,小别致长得真东西,其实是小东西长得真别致，常用于吐槽人物或事物外形奇怪、丑得别致，尤其常见于动画或角色黑化弹幕中。,"A sarcastic remark used to mock a person, character, or object for looking strangely ugly, oddly designed, or bizarrely distinctive, often implying that its appearance is so weird it stands out.",what an ugly little thing,such a unique little thing,cute little thing,character design,harmful,Stylistic device
173,train,这不是去幼儿园的车,看到擦边、污或成人向内容时，用来自称纯洁、跟不上套路、想下车的搞笑表达。,"This is a joking reaction used when unexpectedly adult, suggestive, or NSFW content appears, pretending to be innocent, unable to keep up with the implication, and wanting to back out.",this got NSFW real fast,this isn’t the kindergarten bus,school bus,I’m just a baby,non-harmful,Experience
174,train,表演型努力,指只是表现得很努力，实际并没有真正投入，甚至连自己也被这种假努力迷惑。,"It describes the act of looking busy or hardworking while not genuinely putting in meaningful effort, sometimes to impress others and sometimes even fooling oneself into believing the effort is real.",performative effort,performance-style effort,hustle culture,fake it till you make it,non-harmful,Experience
175,train,敦煌人,委婉骂人语，“壁画多”谐音“逼话多”，意思是废话太多、话很多。,"Dunhuang person"" is a euphemistic insult for someone who talks too much, rambles on, or spouts excessive nonsense, using a pun that indirectly mocks them for being overly wordy.",blabbermouth,Dunhuang person,mural enthusiast,gossip,harmful,Homophonic pun
176,train,你蜡笔了,表示“你落伍了、消息太滞后了”，用于吐槽对方不知道新消息或跟不上潮流。,"It is a teasing way to say someone is outdated, late to the news, or behind the trend, often used to mock them for not knowing recent updates or current trends.",you’re behind the times,you are a crayon,you are late,old news,non-harmful,Homophonic pun
177,train,音乐裁缝,指把别人的音乐剪剪拼拼、截取片段再拼成自己作品的人，本质上是在讽刺抄袭。,"A derogatory label for someone who cuts, splices, and stitches together pieces of other people’s music, then presents the result as their own original work, implying plagiarism rather than real creativity.",music plagiarist,music tailor,remix artist,sample-based producer,harmful,Stylistic device
178,train,葡萄架子倒了,隐晦表示后院着火、家里出事，常指和老婆吵架或伴侣关系出问题。,"It is a euphemistic way to say there is trouble at home, especially conflict with one’s partner, such as a domestic argument or relationship problem that the speaker hints at indirectly.",trouble at home,the grape trellis fell,sour grapes,house on fire,non-harmful,Stylistic device
179,train,听君一席话如听一席话,废话文学代表句式，指听起来很有道理、很深奥，但实际上等于什么都没说。,"This phrase humorously mocks remarks that sound profound, logical, or insightful on the surface but are ultimately empty, saying nothing of real substance.",saying a lot without saying anything,"after hearing your words, I heard your words",deep talk,word salad,non-harmful,Experience
180,train,工具人,指被别人利用、只在需要时才被想起的人，形容不被重视、只承担功能性价值的存在。,"A “tool person” is someone others only remember or use when they need help, treating them as useful for a function rather than genuinely valuing them as a person.",being used,tool person,handyman,useful idiot,non-harmful,Stylistic device
181,train,放鸽子,指事先约好却临时爽约、不守信用，让别人白等。,"To stand someone up or cancel on them after making plans, especially by backing out at the last minute and leaving the other person waiting after an agreement was already made.",stand someone up,release a pigeon,ghost someone,cancel plans,non-harmful,Slang
182,test,普信男,“普通又自信的男人”的简称，指条件一般却过度自信、常带有自我感觉良好的男性。,"A mocking label for an average man who is overly confident despite having little to back it up, often implying he has an inflated sense of his own attractiveness, ability, or status.",delusional average guy,ordinary confident man,confident guy,nice guy,harmful,Abbreviation
183,train,班味溢出,形容打工人被工作消耗、异化后，整个人散发出疲惫、麻木、上班痕迹很重的气质。,"It describes the visibly tired, drained, work-worn aura of someone shaped by office life, as if their fatigue, numbness, and traces of office routine are obvious in their whole demeanor.",corporate zombie energy,work smell overflowing,office vibe,burnout,non-harmful,Experience
184,train,沙雕,源自粗口谐音替代，现多用于调侃搞笑、呆萌、犯傻或刻意卖蠢的人和行为。,"This is a playful internet label for a person, action, or piece of content that seems silly, goofy, dumb-funny, endearingly foolish, or intentionally ridiculous for comic effect.",goofy dumb-funny person or behavior,sand sculpture,edgelord,cringe comedy,non-harmful,Homophonic pun
185,test,脆皮大学生,指年轻大学生身体却很脆弱、容易受伤、小毛病不断，是一种乐观自嘲。,"“Fragile college student” is a self-deprecating, lighthearted label for young university students who joke that despite their age, they are physically weak, prone to minor health problems, and easily injured.",fragile college kid,crispy college student,fragile student,weakling,non-harmful,Experience
186,test,无效社交,指不能带来情绪价值、成长、资源或实际收获，只是浪费时间和精力的社交活动。,"“Invalid socializing” refers to spending time and energy on social interactions that feel empty or draining because they bring no joy, growth, meaningful connection, useful resources, or real benefit.",pointless socializing,invalid socializing,small talk,networking,non-harmful,Experience
187,train,踢到棉花,指面对冲突时不硬碰硬，而是用摆烂式顺从、软化回应来化解压力或避免正面冲突。,"A soft, non-confrontational response that absorbs conflict instead of fighting back, often by yielding, going passive, or responding so gently that the pressure of direct confrontation loses force.",soft deflection,kicked cotton,soft landing,passive resistance,non-harmful,Stylistic device
188,train,芭比Q了,“barbecue”的谐音梗，借烧烤联想到火化，引申为完蛋了、没救了。,"A pun based on “barbecue,” this meme jokingly says that everything is ruined, doomed, or completely over, as if the situation has gone so badly there is no saving it.",I’m cooked,Barbie Q,barbecue party,that backfired,non-harmful,Homophonic pun
189,train,蓝瘦香菇,“难受，想哭”的谐音，表示很难过、很委屈、想哭。,"A playful homophonic expression used to say someone feels upset, miserable, wronged, and close to tears, often with a humorous or exaggerated tone despite describing genuine sadness.",I’m so sad I could cry,blue thin mushroom,blue mushroom,sadge,non-harmful,Homophonic pun
190,train,预制人,指在社交沟通中像被预设好程序一样答非所问、无法正常交流，也可用于自嘲被无效沟通折磨到崩溃。,"A self-mocking label for someone who feels stuck in canned, unresponsive, or pointless communication, as if people in a conversation are running preset scripts and meaningful exchange has broken down.",preprogrammed NPC,pre-made person,prefab person,NPC,harmful,Experience
191,test,诗人握持,“这是人我就吃屎”的谐音梗，用来讽刺某个对象不像人、离谱到不像正常人。,"This vulgar pun is used to mock a person or thing as so bizarre, outrageous, or abnormal that they barely seem human at all.",that ain’t human,poet grip,this is a person,monster,harmful,Homophonic pun
192,train,我看刑,“我看行”的谐音变体，表示某件事看起来有违法风险，做了可能会被判刑。,"A joking way to say something looks illegal, risky, or likely to get someone in legal trouble, implying that doing it could be serious enough to result in criminal punishment.",straight to jail,I think it works,I see punishment,looks suspicious,non-harmful,Homophonic pun
193,train,依托答辩,“一坨大便”的谐音梗，用来骂某物很烂、很垃圾、像一坨屎。,"This meme is a vulgar pun used to insult something as extremely bad, worthless, or disgusting, essentially comparing it to a pile of feces.",a piece of shit,rely on defense,thesis defense,piece of junk,harmful,Homophonic pun
194,train,以抛勾石,“一泡狗屎”的谐音梗，用来骂某物很烂、很恶心、毫无价值。,"This vulgar insult compares something to dog waste, using a sound-alike joke to call it disgusting, extremely bad, worthless, or beneath serious consideration.",dogshit,throw a hook stone,dog poop,garbage,harmful,Homophonic pun
195,test,要啥自行车,用来吐槽别人已经得到了一些东西还不满足，还想要更多更好的，带有“不知足”的意思。,"A joking way to tell someone they should be satisfied with what they already got instead of asking for more, especially when they are being ungrateful or expecting something better.",what more do you want,why want a bicycle,get a bike,beggars can’t be choosers,non-harmful,Quotation
196,train,MDZZ,“妈的智障”的拼音首字母缩写，是带有攻击性的骂人话，用来骂人很蠢。,"MDZZ is an offensive acronym used to curse at someone as stupid, idiotic, or mentally incompetent, typically expressing contempt or irritation toward a person’s perceived foolishness.",fucking idiot,mobile data zero zero,mad dizzy,facepalm moment,harmful,Abbreviation
197,train,崩老头,“崩”指哄骗、软薅、套取；“老头”特指有稳定收入但情感空虚、压力较大的中年男性。,"It means emotionally manipulating or softly exploiting a lonely, financially stable middle-aged man by offering affection or companionship in exchange for money, attention, favors, or other benefits.",rinse a lonely middle-aged guy,trick an old man,sugar daddy,gold digging,non-harmful,Stylistic device
198,train,几个菜啊喝成这样,用来吐槽别人言行离谱、浮夸、怪异，好像喝多了一样。,"A sarcastic way to mock someone for acting absurd, delusional, overconfident, or wildly out of line, implying they must be drunk to behave or speak so ridiculously.",are you drunk or what,how many dishes did you drink,drunk as a skunk,are you high,non-harmful,Stylistic device
199,test,破防了,原指游戏中防御被突破，现多指心理防线被击穿，情绪受到强烈触动或崩溃。,"It means that someone’s emotional defenses have been broken, often because they feel hurt, deeply moved, triggered, overwhelmed, or suddenly unable to stay composed.",emotionally destroyed,defense broken,armor break,tilted,non-harmful,Stylistic device
200,train,红脖子,常用于形容言行直率、生活方式粗犷、带有乡土气质或社会阶层刻板印象的人，语境中可能带戏谑、自嘲或批判意味。,"A teasing or derogatory label for someone perceived as rough, rural, unsophisticated, blunt, or culturally conservative, often used with humor, self-mockery, or criticism based on class and lifestyle stereotypes.",redneck,red neck,country bumpkin,hillbilly,harmful,Stylistic device
201,test,红温,形容人在压力、愤怒、尴尬或对局受挫时情绪失控、上头、脸红发热的状态，常见于电竞和直播语境。,"A gaming and livestream slang term for becoming emotionally overheated, angry, embarrassed, or mentally tilted under pressure, especially when stress, frustration, or setbacks in a match make someone lose composure.",tilted,red temperature,flushed,rage quit,non-harmful,Stylistic device
202,train,口区,“呕”的拆字表达，用来表示极度恶心、反感、厌恶。,"“Kouqu” is a decomposed-character slang expression for vomiting, used online to convey an expression of extreme disgust, nausea, or revulsion toward something deeply off-putting.",eww,mouth area,vomit,gross,non-harmful,Homophonic pun
203,train,土包子,指没见过世面、土气、不懂潮流或社会经验不足的人。,"Tu baozi"" is a mocking label for someone seen as unsophisticated, provincial, unfashionable, or lacking worldly experience, often implying they have not been exposed to broader social trends or modern ways.",country bumpkin,dirt bun,city slicker,newbie,harmful,Slang
204,train,花蕊,对女性生殖器的隐晦或贬义称呼，带有性化和侮辱意味。,"The term is a vulgar or euphemistic reference to female genitalia, typically used in a sexualized, objectifying, or insulting way rather than as a neutral anatomical description.",cunt,flower stamen,flower core,vagina,harmful,Stylistic device
205,train,玻璃,台湾旧时对男同性恋者的代称，带有历史语境和可能的歧视色彩。,"This is a dated slang term historically used in Taiwan to refer to a gay man, and it can carry discriminatory or derogatory connotations depending on context.","a gay man, in dated derogatory slang",glass,glass ceiling,metrosexual,harmful,Quotation
206,train,diy,网络中对自慰行为的委婉称呼，借用英文“do it yourself”的缩写。,"“DIY” is used online as a euphemistic internet term for masturbation or self-pleasure, borrowing the abbreviation of “do it yourself” to refer indirectly to sexual self-stimulation.",masturbation,do it yourself,craft project,sexting,non-harmful,Abbreviation
207,train,银趴,“淫趴”的谐音，用来隐晦指代淫乱聚会或性派对。,"This term is a coded homophone used to indirectly refer to a sex party, orgy, or sexually promiscuous gathering while avoiding the more explicit wording.",orgy,silver party,house party,rave,non-harmful,Homophonic pun
208,train,细枝结硕果,形容女性身材苗条但胸部丰满，带有明显性化评价。,"It is a sexualized description of a slim woman with large breasts, emphasizing the contrast between a slender body and a full chest in an objectifying way.",busty and slim,thin branch with big fruit,petite,stacked,harmful,Stylistic device
209,train,大树挂辣椒,形容男性身材高大但生殖器短小，带有羞辱和嘲讽意味。,"A body-shaming insult for a tall man with a small penis, mocking the contrast between his large stature and supposedly small genitals in a derogatory and humiliating way.",tiny-dicked guy,big tree with chili peppers,tall drink of water,small dick energy,harmful,Stylistic device
210,train,牙签,用牙签比喻男性生殖器短小，常含羞辱意味。,"Toothpick"" is used as a derogatory metaphor to mock a man for supposedly having a very small penis, often carrying a humiliating or insulting tone.",tiny dick,wooden toothpick,short king,big dick energy,harmful,Stylistic device
211,train,超市,“操死”的谐音，用于粗俗性表达或脏话语境。,"This slang term is a vulgar homophone used in crude sexual contexts, referring to rough sex or functioning as a sexualized curse in profanity-heavy online speech.",rough fuck,supermarket,shopping,fuck off,harmful,Homophonic pun
212,train,买可乐,“make love”的中文谐音，用来指发生性关系。,"Buying cola"" is a playful phonetic rendering of ""make love,"" used euphemistically online to refer to having sex.",make love,buy cola,Coke run,make out,non-harmful,Homophonic pun
213,test,狐狸精,比喻妖冶、勾人、被认为会破坏感情关系的女性，常带贬义。,"“Fox spirit” is a derogatory label for a seductive or sexually manipulative woman, especially one seen as alluring men and disrupting romantic relationships.",seductive homewrecker,fox spirit,gold digger,jealous mistress,harmful,Slang
214,train,飞机场,对胸部较小女性的侮辱性称呼，带有外貌羞辱意味。,"This term is a body-shaming insult for a flat-chested woman, used to mock or demean a woman’s appearance by implying that her chest is extremely small.",flat-chested,airport,runway,tomboy,harmful,Stylistic device
215,train,pua,指通过话术、情绪控制或心理操纵来干涉、支配他人的行为。,"It refers to manipulative control over someone through psychological pressure, emotional tactics, or coercion, often using words, guilt, or emotional influence to interfere with and dominate another person’s choices or behavior.",emotional manipulation,pick-up artist,flirting,gaslighting,non-harmful,Abbreviation
216,train,街溜子,指游手好闲、不务正业、油腔滑调、整天在外闲逛的人。,"A derogatory label for an idle, slick-talking layabout who spends their days loitering outside, drifting around without proper work, responsibility, or any serious purpose.",street loafer,street stroller,street smart,drifter,harmful,Slang
217,train,铁花生,隐晦指代子弹，常因形状像花生米而得名，也可用于枪决场景的调侃表达。,"“Iron peanut” is a euphemistic nickname for a bullet, named for its peanut-like shape and often used jokingly or indirectly in violent, shooting, or execution-related contexts.",bullet,iron peanut,peanut,silver bullet,harmful,Stylistic device
218,test,吃枣药丸,“迟早要完”的谐音，表示迟早会完蛋、注定要出事。,"A playful homophone meaning someone or something is doomed sooner or later, used to joke that failure, collapse, or trouble is inevitable eventually.",doomed sooner or later,eat dates and pills,take medicine,it’s over,non-harmful,Homophonic pun
219,train,双标狗,骂人采取双重标准，对同类事情因偏好或利益不同而区别对待。,"An insulting label for someone who applies double standards, judging similar situations differently because of personal bias, preference, or self-interest.",double-standard hypocrite,double-label dog,hypocrite,moving the goalposts,harmful,Stylistic device
220,train,二极管,比喻思维僵化、非黑即白、缺乏辩证能力的人。,"A metaphor for someone with rigid, black-and-white, one-directional thinking, who sees issues in absolute either-or terms and lacks the flexibility or nuance to consider complexity, context, or opposing perspectives.",black-and-white thinker,diode,one-way thinker,extremist,harmful,Stylistic device
221,train,熊孩子,泛指调皮捣蛋、惹人讨厌、缺乏管教的孩子，带贬义。,"It is a derogatory label for a badly behaved, annoying, or spoiled child, usually implying the child is mischievous, disruptive, poorly disciplined, and frustrating for others to deal with.",brat,bear child,naughty kid,spoiled kid,harmful,Slang
222,train,杂皮,川渝方言，形容厚脸皮、无赖、行为不端的人，综合了泼皮、癫皮、厚脸皮等特质。,"A regional insult used to describe someone who is shameless, roguish, badly behaved, or morally dubious, often implying a thick-skinned troublemaker with unscrupulous or unruly conduct.",scoundrel,mixed skin,thick-skinned,rascal,harmful,Slang
223,test,薄纱,“爆杀”的谐音，原指游戏中快速秒杀对方，后也指现实中把别人怼到哑口无言。,"“Bo sha” means to completely destroy, demolish, or shut someone down, originally by instantly defeating an opponent in a game and later by leaving someone speechless in an argument or confrontation.",absolutely destroyed,thin gauze,one-shot kill,roast someone,non-harmful,Homophonic pun
224,train,ex,“恶心”的拼音缩写，表示极度恶心、反感、厌恶。,"“ex” is a pinyin-initial abbreviation used online to express extreme disgust, revulsion, or nausea toward something that feels sickening, offensive, or deeply unpleasant.",disgusting,ex-boyfriend,exit,annoying,non-harmful,Abbreviation
225,train,给爷爬,网络流行语，意思是“给爷滚”，用于驱赶、嫌弃或骂人离开。,"This is a rude internet expression used to drive someone away, showing contempt or irritation and telling them to get lost, go away, or leave immediately.",fuck off,crawl for grandpa,crawl away,back off,harmful,Slang
226,test,喷子,指在网上胡乱指责、攻击、辱骂他人的人。,"A “sprayer” is someone who habitually attacks, flames, or insults others online, often criticizing people aggressively and irrationally rather than engaging in a reasonable discussion.",flamer,sprayer,heckler,harsh critic,harmful,Stylistic device
227,train,菊花,网络语中常用作对肛门的比喻性或隐晦代称。,"It is a euphemistic internet slang term that metaphorically refers to the anus, often used indirectly or jokingly to avoid saying the anatomical word outright.",asshole,chrysanthemum,flower,butt,non-harmful,Stylistic device
228,test,乐子人,带讽刺意味，指把别人或事件当乐子看、围观看戏、从混乱中获得娱乐的人。,"A “lezi person” is someone who treats other people’s drama, chaotic events, or misfortune as entertainment, watching from the sidelines mainly for amusement rather than empathy or involvement.",drama spectator who enjoys the chaos,fun-loving person,class clown,concerned bystander,non-harmful,Experience
229,train,鸵鸟人,指面对困难、挑战或危险时选择逃避、装看不见、不愿面对现实的人。,"An “ostrich person” is someone who avoids problems, hides from reality, or refuses to face difficult situations by pretending not to see challenges, dangers, or responsibilities.",head-in-the-sand type,ostrich keeper,scaredy-cat,procrastinator,non-harmful,Experience
230,train,寄了,“G了”的谐音，游戏语境中表示结束、失败、挂掉，也可泛指事情完了。,"A gaming slang term used to say that a game, character, plan, or situation is over, has failed, is dead, or is basically doomed.",it's over,mailed it,send it,rage quit,non-harmful,Homophonic pun
231,train,捧杀,指过度夸奖或吹捧一个人，使其骄傲自满、停滞退步，最终导致失败。,"It means to harm someone by praising or flattering them excessively, causing them to become complacent, arrogant, or overconfident, and ultimately making them more likely to fail.",kill with praise,praise to death,flattery,overpraise,non-harmful,Stylistic device
232,test,吸血鬼,比喻残忍剥削他人、不断榨取别人利益的人。,"A metaphor for someone who exploits, drains, or lives off others, like a person who relentlessly takes advantage of others' labor, resources, or benefits for their own gain.",bloodsucker,night-dwelling vampire,zombie,micromanager,harmful,Stylistic device
233,train,牛鬼蛇神,泛指妖魔鬼怪，也可比喻形形色色的坏人、怪人或混乱荒诞的人事物。,"It is a collective label for all kinds of strange, shady, grotesque, or villainous figures, often used to describe bizarre people, chaotic situations, or suspicious characters gathered together.",all sorts of freaks and shady characters,ox ghosts and snake spirits,the four horsemen,a motley crew,harmful,Slang
234,train,MMP,“妈卖批”的首字母缩写，四川话粗口，常用于表达愤怒、不爽或骂人。,"MMP is a vulgar regional profanity, originally an abbreviation from Sichuan dialect, used online to express anger, frustration, irritation, or contempt toward someone or something.",motherfucker,multimedia player,map pack,damn it,harmful,Abbreviation
235,train,男菩萨,指在社交媒体上传性感照片、满足网友欣赏欲和幻想的男性，常带调侃式赞美。,"A joking compliment for an attractive man who posts thirst-trap photos online, implying that his sexy social media pictures generously satisfy viewers’ admiration, fantasies, and playful desire to look.",male thirst trap,male Bodhisattva,handsome guy,thirst trap,non-harmful,Stylistic device
236,train,女菩萨,指在社交媒体上传性感照片、满足网友欣赏欲和幻想的女性，有时也用于戏谑路人女性。,"A joking compliment for an attractive woman who posts thirst-trap photos online, implying she is generously giving viewers something appealing to admire or fantasize about on social media.",female thirst trap,female Bodhisattva,pretty girl,goddess,harmful,Stylistic device
237,train,人形自走炮,ACGN语境中指会不断与女性角色发生性关系或进行性化“推倒”的男性角色。,"A vulgar ACGN label for a hypersexual male character who aggressively pursues, seduces, or sleeps with many women, often implying repeated sexual conquest of female characters.",hypersexual serial womanizer,human self-propelled cannon,mecha pilot,harem protagonist,harmful,Stylistic device
238,test,黑醋,“黑族”的谐音，常用于对黑人群体的侮辱性称呼。,"This term is a coded derogatory slur used to insult or demean Black people, relying on wordplay to disguise racist intent while still targeting the Black community.",anti-Black slur,black vinegar,dark sauce,Black person,harmful,Homophonic pun
239,test,阿米诺斯,“操你妈”的拼音倒放，用于规避平台脏话识别，是强攻击性粗口。,"It is a coded mother-directed profanity used to insult or curse someone while evading moderation, disguising a highly aggressive curse so it can pass platform filters.",fuck your mom,aminos,amino acid,curse word,harmful,Homophonic pun
240,train,推土机,指与身材偏胖的女生发生性关系的行为，带有明显物化和羞辱意味。,A vulgar and demeaning sexual slang term that objectifies and body-shames fat women by referring to the act of having sex with a fat woman in an insulting way.,fat-shaming sexual slang,bulldozer,chubby chaser,hookup,harmful,Stylistic device
241,test,狗腿子,即“走狗”，指为恶势力、权势者或坏人效劳的帮凶。,"A derogatory label for a lackey, henchman, or servile helper who obediently serves a bad person, oppressive force, or powerful side, often helping them do harmful or unjust things.",lackey,dog leg,sidekick,yes-man,harmful,Slang
242,test,飞柱,“肥猪”的谐音，是对身材偏胖群体的侮辱性称呼。,"This term is a derogatory body-shaming insult used to mock or demean a fat person, relying on a sound-alike pun to make the abuse feel more coded or meme-like.",fatso,flying pillar,when pigs fly,plus-size person,harmful,Homophonic pun
243,train,绿茶,形容外表清纯无害、实际心机深、善于利用他人达到目的的女性。,"A derogatory label for a woman who appears innocent, pure, or harmless on the outside but is seen as calculating, manipulative, and skilled at using others to get what she wants.",fake-innocent manipulator,green tea,pick-me girl,two-faced girl,harmful,Stylistic device
244,test,白莲花,指外表纯洁、装清高，实际内心阴暗、虚伪或心机深的人。,"A derogatory label for someone who acts pure and innocent while projecting moral superiority, but is actually hypocritical, calculating, or manipulative underneath.",fake innocent,white lotus,innocent girl,hypocrite,harmful,Stylistic device
245,train,卢蛇,“loser”的中文发音谐音，指失败者、没出息的人。,"This term is a phonetic slang label for a loser or someone seen as unsuccessful, used to describe a person viewed as failing, lacking prospects, or not living up to social expectations.",loser,Lu snake,snake,failure,harmful,Homophonic pun
246,test,巨婴,指虽然已经成年，但心理和行为仍极不成熟、依赖性强、情绪控制差的人。,"An insulting label for an adult who acts like a child, showing emotional immaturity, strong dependence on others, poor self-control, and an inability or unwillingness to handle normal responsibilities.",adult who acts like a child,giant baby,baby boomer,spoiled brat,harmful,Stylistic device
247,test,山驴b,东北地区粗俗骂人话，用来形容愚昧无知、招摇自大、行为粗鄙的人。,"This vulgar regional insult refers to someone seen as ignorant, arrogant, crude, obnoxious, and lacking basic manners or self-awareness.",ignorant jackass,mountain donkey,dumb hick,loudmouth,harmful,Slang
248,test,崆峒,“恐同”的谐音，指对同性恋者或同性性行为的非理性恐惧、排斥或敌意。,"This homophonic slang term refers to irrational fear, rejection, or hostility toward gay people or same-sex behavior, essentially describing a homophobic attitude or reaction.",homophobia,cave mountain,scared of caves,anti-gay,harmful,Homophonic pun
249,test,艾基,对男同性恋群体的侮辱性称呼，将疾病污名与性取向绑定，具有明显歧视性。,"A derogatory anti-gay slur that stigmatizes gay men by linking their sexual orientation to disease, carrying clear discriminatory and insulting intent.",AIDS-related anti-gay slur,AI foundation,AIDS joke,gay man,harmful,Abbreviation
250,train,跪虫族,指极端崇拜、追求与黑人相关事物的人，语境中常带有种族化贬损意味。,"A derogatory label for people accused of excessively worshipping or fetishizing Black-related culture or identity, often used in racially charged contexts to mock or demean such perceived admiration.",race-worshipper,kneeling insects,race fan,wannabe,harmful,Stylistic device
251,train,公交车,用“谁都能上”的意象侮辱他人性关系不检点，常用于性羞辱和荡妇羞辱。,"This is a misogynistic sexual-shaming insult that dehumanizes someone, usually a woman, by portraying them as promiscuous, cheap, or sexually available to anyone.",promiscuous woman,public bus,easy ride,party girl,harmful,Stylistic device
252,train,什么成分,用来质疑对方的身份、立场、动机或阵营，常带嘲讽和审查意味。,"A sarcastic way to question someone’s motives, background, allegiance, or hidden agenda, often implying suspicion that their identity, stance, or true intentions reveal something questionable.",what’s your agenda,what ingredients,what type are you,suspicious motive,non-harmful,Stylistic device
253,test,零元购,指聚众哄抢、砸抢商店商品的违法行为，也常被用于种族化攻击语境。,"A sarcastic term for smash-and-grab looting or stealing goods without paying, often used to describe mobs taking merchandise by force and sometimes appearing in racially charged or derogatory contexts.",looting,zero-dollar shopping,free shopping,shoplifting,non-harmful,Quotation
254,test,飞舟人,“非洲人”的谐音，常作为针对非洲人或黑人群体的贬损性称呼。,"This term is a coded derogatory label used to insult or demean African or Black people, relying on a sound-alike substitution to target them while disguising the explicitly racist reference.",anti-Black coded slur,flying boat person,boat people,African person,harmful,Homophonic pun
255,train,剑人,“贱人”的谐音，用于辱骂卑贱、可恶或令人厌恶的人，常带性别化攻击。,"This term is a homophonic insult used to call someone contemptible, vile, or morally low, often carrying a harsh, demeaning tone and sometimes used as gendered abuse.",contemptible person,sword person,Karen,attention seeker,harmful,Homophonic pun
256,train,肉坦,对身材偏胖女性的侮辱性称呼，把身体物化为“肉盾”。,"It is a body-shaming insult targeting fat women by reducing them to a bulky body type, objectifying their bodies as if they were merely large, heavy, and useful only as physical “shields.”",fat-shaming slur,meat tank,tank character,plus-size woman,harmful,Stylistic device
257,test,4000+,“死全家”的谐音数字梗，用于恶意咒骂对方全家。,"“4000+” is a coded malicious curse used to insult someone by wishing death or disaster upon their entire family, typically functioning as a hostile and abusive online attack.",curse your whole family,four thousand plus,four digits,curse word,harmful,Homophonic pun
258,train,引流狗,指不了解事件本身却说不合时宜的话、制造反感或蹭热度引流的人。,"“Traffic-chasing dog” is an insulting label for someone who barges into a discussion without understanding the situation, makes tone-deaf or inappropriate comments, and tries to exploit the topic for attention, clicks, or traffic.",tone-deaf clout chaser,traffic dog,social media influencer,attention seeker,harmful,Stylistic device
259,train,圣母,指无原则、无底线地包容和原谅他人，只讲爱与善却忽视事实和后果的人。,"A derogatory label for someone seen as naively compassionate, morally self-righteous, and blindly forgiving, especially when they preach kindness while ignoring facts, consequences, or reasonable boundaries.",sanctimonious bleeding heart,Holy Mother,the Madonna,white knight,harmful,Stylistic device
260,train,牧人,“母人”的谐音，常用于对女性群体的侮辱性称呼。,"This term is a coded misogynistic slur used to insult or demean women as a group, relying on a homophonic substitution to make the hostile reference less direct.",misogynistic slur,herder,shepherd,woman,harmful,Homophonic pun
261,train,伞兵,因与粗口缩写相同，在网络中常被用作骂人话，表示愚蠢、讨厌或令人无语。,"This term is used online as a coded insult to call someone stupid, ridiculous, annoying, or contemptible while avoiding direct profanity through a euphemistic substitute.",coded way to say dumbass,paratrooper,snowflake,annoying troll,harmful,Homophonic pun
262,test,海王,指同时与多人暧昧、花心、不专一的人，含贬义。,"A derogatory label for someone who flirts with or dates many people at once without commitment, implying they are promiscuous, unfaithful, and unwilling to be exclusive.",player,Aquaman,Poseidon,social butterfly,harmful,Stylistic device
263,test,基佬,指男同性恋者，语境中可能是中性自称，也可能带明显贬义或歧视色彩。,"This term refers to a gay man in slang, and depending on who uses it and the context, it may be a neutral in-group self-description or carry a derogatory, discriminatory tone.","gay man, sometimes used derogatorily",foundation guy,drag queen,straight guy,harmful,Slang
264,train,烧鸡,“骚妓”的谐音，对女性群体的侮辱性称呼，带有强烈性羞辱意味。,"This term is a misogynistic sexual slur used to shame women by implying they are promiscuous, sexually improper, or morally degraded, carrying a strongly insulting and sexually humiliating tone.",slut,roast chicken,hot chick,catcall,harmful,Homophonic pun
265,train,娘娘腔,用于贬低男性语音、举止或气质被认为“女性化”，带有性别刻板印象和歧视意味。,"A derogatory label for a man perceived as effeminate in voice, manner, or behavior, often used to insult men whose speech, gestures, or demeanor are judged through sexist gender stereotypes.",sissy,girly voice,drag queen,metrosexual,harmful,Slang
266,train,妈宝男,指成年后仍对母亲言听计从、缺乏独立生活能力和自主思想的男性。,"A derogatory label for an adult man who is overly dependent on his mother, obeys her unquestioningly, and is seen as lacking independent judgment, self-reliance, and the ability to live autonomously.",mama’s boy,baby boy,family man,sheltered guy,harmful,Abbreviation
267,train,蒻痣,“弱智”的谐音，用于讽刺别人智力低下、反应迟钝或行为很蠢。,"This coded insult is used to mock someone as stupid, slow-witted, mentally incompetent, or behaving in an obviously foolish way while disguising the direct offensive wording through a sound-alike form.",retard,konjac mole,weak mark,slowpoke,harmful,Homophonic pun
268,train,nt,“脑瘫”的拼音首字母缩写，用于讽刺别人愚蠢、迟钝或行为异常，带有歧视性。,"nt"" is an offensive abbreviation used to insult someone as stupid, mentally impaired, or neurologically abnormal, often implying that their behavior is foolish, slow, or abnormal in a derogatory and discriminatory way.",ableist slur,nice try,no thanks,dumbass,harmful,Abbreviation
269,train,变太,“变态”的谐音，用于描述被认为心理不正常、行为怪异或有性偏离倾向的人，常含贬义。,"A homophonic derogatory label for someone seen as perverted, abnormal, or psychologically disturbed, often used to insult people perceived as mentally abnormal, strangely behaved, or sexually deviant.",pervert,change too much,weirdo,creep,harmful,Homophonic pun
270,test,ezg,“easy girl”的缩写，在中文网络语境中常用于羞辱被认为容易或主动与外国人发生性关系的女生。,"“ezg” is a misogynistic sexual-shaming label used to demean a girl portrayed as sexually easy or overly willing to pursue sex, especially with foreigners.",easy girl,easygoing girl,foreigner lover,pick-me girl,harmful,Abbreviation
271,train,炼铜,“恋童”的谐音，指对儿童产生性吸引或相关倾向的现象。,"This coded homophone is used online to refer to sexual attraction toward children or related pedophilic tendencies, often as an indirect way to discuss the topic.",pedophilia,smelting copper,copper refining,lolicon,harmful,Homophonic pun
272,train,肉便器,将女性物化为发泄性欲的对象，是极强侮辱性的性羞辱用词。,"A vulgar misogynistic insult that sexually dehumanizes a woman by reducing her to an object for male sexual use, treating her as something to be used rather than as a person.",cum dumpster,meat container,trophy wife,slut,harmful,Stylistic device
273,train,木勾,“母狗”的谐音，是针对女性的侮辱性称呼。,"This term is a coded misogynistic insult targeting women, using a sound-alike spelling to disguise a degrading slur while still conveying contempt or hostility toward women.",bitch,wooden hook,female dog,bitchy woman,harmful,Homophonic pun
274,train,N待,“虐待”的变体写法，常用于毒性言论中指代伤害、折磨或虐待行为。,"“N dai” is a coded spelling used in toxic online speech to refer to abuse, mistreatment, cruelty, or acts of harming and tormenting others.",abuse,N generation,neglect,bullying,harmful,Abbreviation
275,test,紫砂,“自杀”的谐音，常用于规避审核或毒性言论中指代自我伤害。,"This term is a coded homophone used to refer to suicide or self-harm-related speech, often appearing as a way to evade moderation or to express toxic comments about self-harm indirectly.",suicide,purple clay,clay teapot,self-harm,harmful,Homophonic pun
276,train,金针菇,用金针菇比喻男性生殖器短小，常含羞辱和嘲讽意味。,"It is a body-shaming metaphor for a small penis, used to mock or insult a man by implying his genitalia are short or unimpressive.",tiny dick,enoki mushroom,mushroom,needle mushrooms,harmful,Stylistic device
277,test,夹角打工人,形容当代打工人卷又卷不动、躺又躺不平，卡在进退两难的尴尬状态。,"A self-deprecating label for workers stuck between competing hard and giving up, describing the awkward dilemma of being too exhausted to keep hustling but too pressured or anxious to fully lie flat.",stuck-in-the-middle worker,angle worker,burned-out worker,quiet quitter,non-harmful,Experience
278,test,活人微死,形容人身体还在正常生活，但精神上已经疲惫、麻木、失去热情和动力。,"A self-mocking expression for feeling alive physically but emotionally numb, exhausted, and dead inside, as if one is still going through daily life while having lost energy, passion, and motivation.",dead inside,slightly dead alive person,living dead,burned,non-harmful,Experience
279,test,回旋镖,形容一个人的言行最终反噬到自己身上，就像回旋镖飞出去又打回自己。,"It is a metaphor for someone’s words or actions coming back to hurt themselves, like a thrown boomerang returning and striking the person who launched it.",backfire,boomerang toy,karma points,own goal,non-harmful,Stylistic device
280,train,古德摸你,英文“Good Morning”的中文谐音表达，意思是早上好。,"This meme is a playful phonetic rendering of “Good Morning,” used casually or humorously to greet someone and say good morning in an internet-friendly way.",good morning,old virtue touches you,good mourning,morning call,non-harmful,Homophonic pun
281,test,苦行僧式省钱,调侃为了省钱极度压缩生活质量，把自己过成苦行僧的行为。,"It refers to the extreme habit of saving money by cutting one’s quality of life down to the bare minimum, jokingly comparing such self-denial to living like an ascetic monk.",extreme self-denial to save money,saving money for monks,minimalist lifestyle,strict budgeting,non-harmful,Experience
282,train,斯国一,日语“sugoi”的中文谐音，用来表示厉害、好棒、了不起。,"This phonetic rendering of the Japanese word “sugoi” is used online to praise something or someone as amazing, impressive, awesome, or exceptionally capable.",sugoi,this country one,so good,kawaii,non-harmful,Homophonic pun
283,train,夯爆了,形容场面震撼、效果极佳、非常精彩，多用于夸赞演出、风景、作品或状态。,"“Awesome” is a hype expression used to say that a performance, view, work, scene, or overall state is extremely impressive, exciting, spectacular, and worthy of enthusiastic praise.",absolutely spectacular,hammered explosion,going viral,pretty good,non-harmful,Slang
284,train,显眼包,原指丢人现眼的人，后常用于调侃在人群中特别显眼、爱出风头的人。,"A teasing label for someone who stands out in a crowd, attracts attention easily, or seems to enjoy being the center of attention, often used playfully to mock showy or conspicuous behavior.",attention-seeking show-off,eye-catching bag,drama queen,life of the party,non-harmful,Slang
285,train,发疯文学,指情绪夸张、语无伦次、像在“发疯”一样宣泄压力和不满的文字表达方式。,"An exaggerated, chaotic, emotionally unhinged writing style used to vent stress, complain intensely, or create comic effect by sounding deliberately irrational and out of control.",unhinged posting,crazy literature,ranting,vent post,non-harmful,Experience
286,test,嘻嘻不嘻嘻,形容从开心大笑到突然笑不出来的情绪反差，常用于打工人日常崩溃场景。,"A meme phrase for suddenly going from laughing to not laughing when reality hits, especially when a cheerful moment collapses into stress, disappointment, or everyday workplace burnout.",laughing until reality hits,hehe not hehe,laugh track,mood swing,non-harmful,Stylistic device
287,train,社畜,指被公司压榨、像牲畜一样工作的上班族，常用于打工人自嘲。,"A self-deprecating label for an overworked employee exploited by corporate life, describing office workers who feel drained, controlled, and treated like laboring livestock by demanding companies.",corporate slave,corporate livestock,office worker,workaholic,non-harmful,Experience
288,test,柠檬精,指喜欢酸别人、嫉妒别人、看到别人好就羡慕到发酸的人。,"A teasing label for someone who is constantly jealous or sour about others’ good fortune, especially when they react bitterly or enviously after seeing someone else succeed or enjoy something good.",jealous person,lemon spirit,sour grapes,hater,harmful,Stylistic device
289,train,神马都是浮云,“什么都是浮云”的谐音，用来表达看淡一切、无所谓、不必太执着。,"A detached expression meaning everything is temporary, unimportant, or not worth worrying about, used to suggest taking things lightly and not becoming too attached, serious, or troubled by them.",it’s all fleeting,divine horse is floating cloud,whatever,nothing matters,non-harmful,Homophonic pun
290,test,给力,源自方言，表示厉害、带劲、有力量、很有帮助或很让人满意。,"It is a positive slang term meaning awesome, powerful, effective, or really helpful, used to praise something or someone as impressive, satisfying, energizing, or especially useful in a situation.",awesome,give power,powerful,cool,non-harmful,Slang
291,train,你那么努力给谁看,用来讽刺那些假装努力、表演努力、故意做样子给别人看的人。,"A sarcastic jab at someone who appears to be putting on a show of hard work, as if their effort is mainly meant to impress others rather than accomplish anything real.",performative effort,who are you working so hard for,tryhard,humblebrag,harmful,Stylistic device
292,test,城里人真会玩,用来调侃城里人的生活方式、炫富或新奇玩法，带羡慕和吐槽意味。,"This joking phrase mocks or marvels at urban people’s flashy, strange, or excessive lifestyles, often with a mix of envy, sarcasm, and amused disbelief at how creatively or extravagantly they live.",city folks are wild,city people love playgrounds,keeping up with the Joneses,rich people problems,non-harmful,Slang
293,train,然并卵,“然而并没有什么卵用”的缩写，表示做了也没用、毫无实际意义。,"It is a blunt slang expression used to say that something remains useless and has no practical effect, no matter what was done, said, or expected beforehand.",still useless,however no egg,mission accomplished,"too little, too late",non-harmful,Abbreviation
294,train,老司机,指某领域经验丰富、懂得多、会带新人或分享资源的人，也可带成人向暗示。,"This slang term refers to an experienced insider who knows the ropes in a particular area and can guide newcomers, share useful resources, or sometimes carry a mildly adult implication.",seasoned insider who knows the ropes,old driver,backseat driver,helpful mentor,non-harmful,Quotation
295,train,洪荒之力,表示用尽全身力气、爆发出极大的力量。,"An exaggerated expression for using all one’s strength or unleashing maximum effort, often implying someone has summoned every last bit of physical or mental power to achieve something.",using every ounce of strength,prehistoric power,superpower,second wind,non-harmful,Stylistic device
296,train,友谊的小船说翻就翻,表示友谊很脆弱，经不起考验，关系可能说变就变。,"A humorous way to say a friendship is fragile and can fall apart suddenly, often used when a small conflict or test makes a relationship change or collapse unexpectedly.",friendship on thin ice,the friendship boat capsized,broken friendship,falling out,non-harmful,Quotation
297,train,皮一下很开心,指故意调皮、逗别人一下，并从对方反应中获得乐趣。,"It means a playful phrase for messing around, teasing others, or acting mischievously for fun, especially when someone deliberately jokes, pranks, or teases a person and enjoys the reaction they get.",just being cheeky,happy to be skin once,prank,teasing,non-harmful,Stylistic device
298,train,小孩哥 / 小孩姐,指在某方面能力特别强、让成年人自叹不如的孩子，带尊称和调侃意味。,"A joking yet respectful title for a child whose skill, confidence, or achievements in some area are so impressive for their age that even adults feel outclassed.",tiny pro,kid bro / kid sis,Boss Baby,teacher's pet,non-harmful,Stylistic device
299,train,减配版人生,年轻人的自嘲说法，指降低生活标准、减少物质追求、过低配生活。,"A self-deprecating phrase for living a downgraded, lower-consumption, reduced-expectation life, used by young people to describe lowering living standards, cutting back on material desires, and accepting a more modest version of adulthood.","a low-spec, lower-consumption life",a reduced-configuration life,the American dream,tightening one's belt,non-harmful,Experience
300,test,多巴胺经济,指围绕快乐情绪、即时愉悦和情绪价值形成的消费模式或经济现象。,"A consumption trend centered on pleasure, mood boosts, emotional value, and feel-good experiences, where people spend on products or activities that provide instant happiness, comfort, or a stronger sense of positive emotion.",pleasure-driven consumption economy,dopamine currency,happiness index economy,retail therapy,non-harmful,Experience
301,train,多巴胺穿搭,指用高饱和度、鲜艳颜色搭配出快乐、活力和积极氛围的穿衣风格。,"A colorful fashion style using bright, saturated colors to create a cheerful and mood-boosting look, often associated with playful outfits that convey energy, positivity, and an upbeat mood.",dopamine dressing,dopamine outfit,colorful outfit,maximalist fashion,non-harmful,Experience
302,train,我选择沉默,表示不想说话、无言以对、被某件事弄到不知道该怎么回应。,"“I choose silence” is a reaction used when someone is speechless, unwilling to comment, or too stunned to respond, often because a situation is awkward, absurd, frustrating, or leaves them unsure what to say.",I'm at a loss for words,I select silence,the silent treatment,awkward silence,non-harmful,Stylistic device
303,train,我可太南了,“我可太难了”的谐音，表示生活、工作或处境很困难，常带自嘲意味。,"A self-mocking way to say life feels extremely hard, stressful, or full of difficulties, often used humorously when complaining about work, daily pressures, or an overwhelming situation.",I’m having such a hard time,I am way too south,South Park vibes,I’m having a rough day,non-harmful,Homophonic pun
304,train,确诊式单身,调侃自己像被正式确诊一样已经单身，暗示单身状态稳定且难以改变。,"A self-deprecating way to say one’s single status feels officially confirmed and hard to change, as if being single were a formal diagnosis that has become stable and unlikely to improve.",terminally single,a single diagnosis,single by choice,between relationships,non-harmful,Experience
305,train,我很方,“我很慌”的谐音，表示害怕、紧张、不安或手足无措。,"A playful homophone used to say that someone feels nervous, panicked, scared, unsettled, or at a loss, often with a joking tone that softens the anxiety being expressed.",I’m freaking out,I am very square,square up,I’m embarrassed,non-harmful,Homophonic pun
306,train,血槽已空,源自游戏血量槽，表示已经很累、没精力、被消耗到极限。,"A gaming-derived expression meaning one is completely drained, exhausted, or out of energy, as if their health bar has been emptied after being pushed to the limit.",I’m out of HP,my blood tank is empty,critical hit,I’m a bit tired,non-harmful,Stylistic device
307,train,凉凉,表示事情完蛋了、没希望了、要失败了或已经没救了。,"A slang expression meaning something is doomed, hopeless, or basically over, used when a situation has failed, lost any chance of recovery, or is seen as beyond saving.",it's doomed,chilly,cold shoulder,in trouble,non-harmful,Quotation
308,train,精神离职,指身体还在岗位上，但精神上已经不再投入工作，是打工人的自我保护式摆烂。,"A workplace slang term for being physically present at work but mentally checked out, describing someone who remains on the job while emotionally disengaging and putting in minimal effort as a form of self-protection.",mentally checked out at work,spiritual resignation,the Great Resignation,burnout,non-harmful,Experience
309,train,贩剑式恋爱,指在感情中卑微讨好、明知无望还死缠烂打，像小丑一样丢掉尊严。,"A self-degrading romantic pattern of desperately simping, chasing, or humiliating oneself for love, where someone keeps pleasing and clinging to an uninterested partner despite losing dignity.",clowning for love,selling swords romance,toxic love,hopeless romantic,non-harmful,Stylistic device
310,train,智商税,指因为判断力不足、轻信宣传或被套路而花了冤枉钱。,"It refers to money wasted because of poor judgment, gullibility, or falling for a scammy product, marketing trick, or dubious idea that a more cautious person might have avoided.",money wasted on scammy hype,intelligence tax,Darwin Award,buyer’s remorse,non-harmful,Experience
311,train,脑洞大开,形容想象力非常丰富，思维跳脱常规，想出了新奇或离谱的点子。,"A phrase for having a wildly imaginative, creative, or unconventional idea, often describing someone whose thinking breaks from normal logic and produces surprising, novel, or even absurd possibilities.",wild imagination,brain hole wide open,mind blown,creative thinking,non-harmful,Stylistic device
312,train,转发锦鲤,指通过转发锦鲤图片或帖子来祈求好运，是网络求好运方式。,Reposting a lucky image or post online is a luck-seeking practice where people share it in hopes of attracting good fortune or making a wish come true.,repost for luck,repost koi fish,lucky fish,chain letter,non-harmful,Quotation
313,train,向上社交,指主动结识地位更高、资源更多的人，以拓展圈层或获取资源，常带功利意味。,"It refers to strategic socializing with higher-status or better-connected people to gain access, resources, or opportunities, often implying a calculated effort to expand one’s network or social circle.",social climbing,upward socializing,networking,gold digging,non-harmful,Experience
314,train,2b,源自“二逼/二比”的谐音缩写，用来形容言行不靠谱、很蠢或不正常的人，带调侃或贬义。,"“2b” is a mocking slang insult for someone whose behavior seems stupid, ridiculous, unreliable, abnormal, or socially clueless, often used teasingly or pejoratively to criticize a person’s words or actions.",dumbass,two B's,second best,troll,harmful,Homophonic pun
315,train,巴西牛排,某些网友用来贬低中国女性的侮辱性比喻，暗示其“便宜”“容易到手”，带有强烈性别歧视和物化意味。,"“Brazilian steak” is a misogynistic metaphor used to degrade women as cheap, easy to obtain, or sexually available, objectifying them through a demeaning comparison.",misogynistic cheap-woman slur,Brazilian steak,cheap meat,easy girl,harmful,Stylistic device
316,train,屎上雕花,形容对本质很差、毫无价值的东西进行精致包装或形式主义完善，但无法改变其糟糕本质。,"It describes polishing, decorating, or overworking something fundamentally worthless or terrible, where elaborate presentation or formal refinement cannot change the fact that the thing itself is still bad.",polishing a turd,carving flowers on shit,gilding the lily,busywork,non-harmful,Stylistic device
317,train,王八摇头,一种套路式捉弄表达，通过让对方摇头回答“没见过”，间接让其承认自己是“王八”。,"It refers to a trick question setup where someone is led to shake their head or answer “no,” unknowingly making themselves the target of the joke.",self-own trap,turtle shaking its head,prank question,gotcha,harmful,Stylistic device
318,train,虾米炒豆芽,歇后语“点头的点头，哈腰的哈腰”，用来调侃见到领导时点头哈腰、恭敬奉承的样子。,"This joking saying mocks people who, when facing superiors or leaders, keep nodding, bowing, and acting excessively respectful or flattering in an overly deferential way.",sucking up to the boss,dried shrimp with bean sprouts,shrimp and grits,showing professional courtesy to a manager,non-harmful,Slang
319,train,搞颜色,“搞黄色”的委婉说法，指讲黄段子、发擦边内容、进行性暗示或讨论成人向内容。,"A euphemistic phrase for making something sexual, suggestive, NSFW, or adult-oriented, often used when someone tells dirty jokes, posts borderline explicit content, makes sexual hints, or brings adult themes into a conversation.",go NSFW,make colors,color theory,dirty talk,non-harmful,Stylistic device
320,train,小米网吧,指小孩在小米之家打游戏，把体验店当成网吧。,"It jokingly refers to children playing games in a Xiaomi retail experience store, treating the shop’s display devices and showroom environment as though it were an internet cafe for gaming.",Xiaomi internet cafe,Xiaomi store,gaming cafe,Apple Store gaming,non-harmful,Stylistic device
321,train,热死了热死了,“hero死了”的中文空耳梗，出自老电视剧台词。,"This meme is a phonetic joke from an old TV drama line, where the original sound is misheard as someone dramatically saying that a hero has died.",the hero is dead,"so hot, so hot",heatstroke warning,the hero left,non-harmful,Homophonic pun
322,train,who撺掇you,中英结合梗，意思是谁怂恿了你。,"“Who cuan duo you” is a Chinglish pun meaning “who encouraged you,” used to ask who pushed, urged, or egged someone on to do something.",who egged you on,who shoved you,who gave you permission,who reminded you,non-harmful,Homophonic pun
323,train,哈基米,来自日语“蜂蜜”的发音，被网友用来形容可爱的猫咪或可爱的小动物。,"“Hakimi” is a cute pet-related nickname used for cats or small animals, associated with sweetness and cuteness, often expressing affection toward adorable pets in a soft, playful way.",sweet kitty,Hakimi,honey,kitty cat,non-harmful,Quotation
324,train,山东车牌之歌,把山东16市车牌编成的洗脑歌曲。,"A catchy educational meme song that turns the license plate codes of Shandong’s sixteen cities into an addictive viral melody, making otherwise dry regional code knowledge easy to remember and share.",Shandong license plate song,Shandong car song,license plate rap,regional anthem,non-harmful,Quotation
325,test,我是女皇，你们不懂请让道,故宫闭馆女子硬闯事件中的经典语录，带有强势、蛮横、自我中心的语气。,"A domineering viral line used to mock someone who behaves as if they are entitled, superior to others, and exempt from ordinary rules or social expectations.","I am the empress, move aside",I am the queen,make way,royal attitude,non-harmful,Quotation
326,train,伏黛CP,指伏地魔和林黛玉的跨次元CP配对，因反差感而走红。,"A crack ship pairing two wildly mismatched fictional characters for humorous contrast, used to joke about the absurd appeal of an impossible crossover romance built on extreme personality and genre differences.",Voldemort-Daiyu ship,Voldemort couple,cross-world romance,odd couple,non-harmful,Quotation
327,test,时代少年团 我们喜欢你,时代少年团粉丝的应援口号。,"This phrase is a fan chant used by supporters of a boy group to express collective affection, encouragement, and public support for the members.","TNT, we like you",TNT slogan,fan support,we love idols,non-harmful,Quotation
328,train,我怕啦,形容说话跑调或夸张表达害怕的搞笑说法。,"It means a comedic, exaggerated way of saying one is scared, often delivered with funny intonation to make the fear sound playful, dramatic, or intentionally over-the-top.",I'm soooo scared!,I am afraid,jump scare,funny scream,non-harmful,Stylistic device
329,train,菜就多练,CF主播广君的名言，表示游戏水平菜就应该多练习。,"A blunt gaming phrase used to tell someone that if they are bad at the game, they should stop making excuses and spend more time practicing.","if you are bad, practice more",more vegetables,skill issue,get good,non-harmful,Quotation
330,train,张万森 下雪了,出自电视剧的经典台词，用于表达思念、遗憾或浪漫氛围。,"“Zhang Wansen, it’s snowing” is a romantic drama line used to evoke longing, nostalgia, and missed love, often suggesting tender memories, regret, and an emotionally charged romantic atmosphere.","Zhang Wansen, it’s snowing",it is snowing,romantic snowfall,missing you,non-harmful,Quotation
331,train,喜羊羊港澳通行证到期了,调侃网友只关心自己，连喜羊羊通行证过期这种“冷知识”都不知道。,A humorous pop-culture trivia meme used to mock people for being self-absorbed or uninformed because they do not know an absurdly specific fictional detail about a cartoon character’s travel permit expiring.,Pleasant Goat’s travel permit expired,Pleasant Goat passport,cartoon trivia,expired permit,non-harmful,Stylistic device
332,train,成都迪士尼,指成都玉林七巷的健身器材场，因被网友调侃像迪士尼而得名。,"“Chengdu Disney” is a humorous nickname for a local outdoor fitness-equipment area that internet users jokingly treat like a low-budget theme park because of its oddly entertaining, amusement-park-like atmosphere.",Chengdu Disneyland,Chengdu theme park,local Disneyland,fitness playground,non-harmful,Stylistic device
333,train,你真是饿了 什么都吃得下,讽刺一个人为了满足欲望饥不择食、什么都能接受。,"This is a sarcastic remark mocking someone for having such low standards or such strong desire that they seem willing to accept anything, no matter how undesirable or questionable.",you will take anything,you are hungry,anything goes,no standards,harmful,Stylistic device
334,test,房山季鸟猴,北京方言，指房山的知了，带有地方特色。,"It is a Beijing dialect expression used as a local nickname for cicadas in Fangshan, carrying a distinctly regional flavor tied to that area.",Fangshan cicada,seasonal bird monkey,Beijing monkey,local insect,non-harmful,Quotation
335,train,citywarm,继citywalk后的城市生活方式梗，强调城市中的温暖、松弛或舒适体验。,"“Citywarm” is an urban lifestyle meme about seeking warmth, comfort, and cozy experiences in the city, emphasizing relaxed, gentle moments that make city life feel more soothing and emotionally inviting.",citywarm,city walk,warm city,cozy trend,non-harmful,Homophonic pun
336,train,乐乐爸乐乐妈,指奥运冠军或优秀孩子的父母，因孩子成绩优异而被网友戏称。,"It is a joking title for proud parents of an exceptionally successful or talented child, especially when the child’s achievements are so impressive that online commenters teasingly focus on the parents’ pride and status.",parents of a champion child,Lele parents,tiger parents,stage parents,non-harmful,Stylistic device
337,train,水灵灵,形容人年轻漂亮、水嫩、有活力。,"It is a compliment describing someone as fresh, youthful, delicate, and pretty, often suggesting a lively, glowing appearance with soft, tender beauty.","fresh, youthful, and pretty",watery,fresh off the boat,glowing skin,non-harmful,Quotation
338,train,13.11 比 13.8 大,数学盲闹出的笑话，误以为13.11比13.8大。,"A joke about misunderstanding decimals, where someone mistakenly treats 13.11 as greater than 13.8 because they compare the digits without recognizing the decimal place value.",13.11 is bigger than 13.8,bigger number,decimal joke,math fail,non-harmful,Stylistic device
339,test,因为他善,“四不吃”梗中的反套路回答，用荒诞理由解释不吃某种肉。,"It is an absurd anti-joke punchline that explains refusing to eat something, especially a kind of meat, by giving a strangely moral or virtuous reason that deliberately avoids normal logic.",because the animal is too virtuous to eat,because he is kind,ethical veganism,I don't eat meat for moral reasons,non-harmful,Stylistic device
340,train,She young young,“喜羊羊”的英文空耳，来自国民度很高的动画歌曲梗。,"“She young young” is an Engrish-style phonetic meme that mimics the sound of a famous Chinese cartoon character’s name, usually used as a playful reference to the widely recognized animated song and character.",Pleasant Goat,young girl,sheep song,English lyric,non-harmful,Homophonic pun
341,test,北京到底有谁在啊,出自电视剧转场台词，用来表达困惑、吐槽或对复杂关系的疑问。,"It is a confused, dramatic line asking who is actually in Beijing, used humorously to express bewilderment, complain about confusing situations, or mock overly complicated relationships and plot twists.",who is even in Beijing,who is in Beijing,Beijing people,where is everyone,non-harmful,Quotation
342,train,没事哒没事哒,表面是安慰别人，实际常带幸灾乐祸或黑色幽默。,"A seemingly comforting phrase that can carry dark humor, irony, or hidden schadenfreude, often sounding reassuring on the surface while subtly implying amusement at someone’s trouble or misfortune.",fake comfort with a hint of schadenfreude,"nothing happened, nothing happened",hakuna matata,"there, there",non-harmful,Stylistic device
343,train,city不city,形容某种生活方式、穿搭或场景是否时尚洋气、有都市感。,"This meme phrase asks whether a lifestyle, outfit, place, or scene feels stylish, urban, trendy, or cosmopolitan, often with a playful tone of judging its fashionable “city” vibe.",urban chic enough,"city, not city",big city energy,fashionable or not,non-harmful,Quotation
344,test,狂犬旁,汉字偏旁梗，用小狗睡觉图解释“反犬旁”。,A Chinese character radical meme that uses a cute image of a sleeping puppy to visually explain the dog-related radical in a playful and memorable way.,dog radical meme,rabid dog side,doge meme,sleeping puppy,non-harmful,Stylistic device
345,train,涂山我罩的 懂？,出自动漫《狐妖小红娘》的霸气台词，用于表达“这里我说了算”。,"A domineering anime line meaning this place is under one’s protection or control, used to assert authority and imply that the speaker is in charge here and others should understand that.",This place is under my protection,I cover Tushan,Winter is coming,You got that?,non-harmful,Quotation
346,train,加个准时宝就老实了,外卖梗，指加了准时保障后骑手或平台就“不敢迟到”。,"A delivery meme joking that adding an on-time guarantee makes the rider or platform suddenly “behave,” because they supposedly no longer dare to deliver late once compensation or accountability is involved.",add the on-time guarantee and they'll behave,punctuality insurance,delivery guarantee,keep them honest,non-harmful,Stylistic device
347,train,晚安大小姐,一种对女生说晚安的夸张、宠溺、戏剧化表达。,"It means a dramatic and affectionate way to say good night to a girl, often sounding playful, doting, and exaggerated as if treating her like a pampered young lady.","good night, princess","good night, young miss","sleep well, Your Majesty",sweet dreams,non-harmful,Stylistic device
348,train,先秦淑女步 步步有态度,形容走路优雅、有气质、有态度的梗。,"A playful phrase praising someone’s walk as elegant, graceful, and full of attitude, suggesting each step carries poise, confidence, and a distinctive stylish presence.",graceful walk with attitude,pre-Qin lady steps,Victorian promenade,runway strut,non-harmful,Stylistic device
349,train,干巴老头,指一个英国老头的表情包或相关形象，常用于调侃。,"“Ganba old man” is a meme nickname for a dry-looking old man reaction image, usually referring to an elderly British man’s expression or related edits used jokingly to tease or mock a situation.",dry old man meme,dry old man,old man meme,British grandpa,harmful,Quotation
350,train,科莫多巨伦,周杰伦的谐音梗，用科莫多巨蜥式说法调侃周杰伦。,"This is a phonetic nickname jokingly referring to Jay Chou through a Komodo-dragon-like pun, using an exaggerated animal-name style to tease or playfully identify him.",Komodo Jay Chou,Komodo dragon,Jay Chou nickname,giant lizard,non-harmful,Homophonic pun
351,train,小沙糖橘,指广西南宁11位幼儿园小朋友，因娇小可爱和地域特色被称呼。,"A cute nickname for a group of small children from Guangxi, comparing them to tiny sweet oranges because they are petite, adorable, and associated with a region known for sweet citrus fruit.",little sugar oranges,small sugar orange,little tangerines,adorable toddlers,non-harmful,Stylistic device
352,train,天天跺脚式生闷气,形容生气时跺脚、可爱又委屈的样子。,"A cute description of someone sulking in a wronged, pouty way while repeatedly stomping their feet every day, making their anger seem more adorable than intimidating.",cute foot-stomping sulk,daily foot-stomping anger,throwing a diva tantrum,quiet resentment,non-harmful,Stylistic device
353,train,男生不发朋友圈的原因,讨论男生为什么不发朋友圈的各种原因的话题梗。,"A relatable discussion meme about why men do not post on social media moments, usually used to joke about or analyze the everyday reasons men stay quiet online.",why guys do not post,guys do not post,male silence,no updates,non-harmful,Stylistic device
354,train,我家子涵,用来嘲讽过度保护孩子、矫情护短的家长。,"“My precious child” is a mocking phrase aimed at overprotective parents who treat their child as overly precious, making excuses for them and reacting defensively to even minor criticism.",my precious child,my Zihan,my kid,kids these days,harmful,Quotation
355,test,gai浇饭,抖音博主因和说唱歌手GAI同名而形成的谐音梗。,"This meme is a pun that combines the rapper GAI’s name with the sound of a common rice-bowl dish, turning the name overlap into a playful food-related joke.",GAI rice bowl,covered rice,GAI rice,rapper meal,non-harmful,Homophonic pun
356,train,佛山电翰,穿蓝色工服的工人因长得像张翰而走红，形成的谐音称呼。,This nickname refers to a blue-collar worker in a blue uniform who went viral online because people thought he looked like a well-known celebrity.,"Foshan Dianhan, the viral Zhang Han lookalike worker",Foshan electric Han,blue-collar idol,celebrity lookalike worker,non-harmful,Experience
357,train,奥德彪,指非洲骑二八大杠运香蕉的劳动者形象，用来形容辛苦努力工作。,"Aude Biao is a meme figure associated with hard physical labor and transporting bananas by bicycle, often used to describe someone working extremely hard in a tough, physically demanding way.",working like Ode Biao,banana bike delivery,John Henry,hustle culture,non-harmful,Quotation
358,train,麦克阿瑟怎么说,伪纪录片格式的夸张赞美梗，常用“麦克阿瑟曾说”包装离谱评论。,"An exaggerated mock-documentary praise format where absurd or overblown compliments are framed as if General MacArthur once said them, giving ridiculous comments a falsely authoritative, historical tone.",MacArthur once said,MacArthur quote,Churchill once said,over-the-top praise,non-harmful,Quotation
359,train,全球发音,指某个词在各种语言中发音都很相似的现象。,"A meme describing the phenomenon where a particular word or sound is pronounced in a very similar way across many different languages, making it feel almost universally recognizable.",global pronunciation,world accent,universal word,same sound,non-harmful,Experience
360,train,玉米几几,“一米几几”的谐音梗，用可爱方式询问身高。,"This is a cute phonetic joke used to ask how tall someone is, making the ordinary question about height sound playful, silly, and more affectionate.","how tall are you, cutie?",corn jiji,corn height,how many meters tall,non-harmful,Homophonic pun
361,train,村村大卡比,韩语“春川鸡排”的中文谐音，因发音有趣而走红。,"“Cuncun Da Kabi” is a humorous Chinese phonetic rendering of the Korean dish name “Chuncheon chicken ribs,” which became popular online because its sound is amusing and meme-like.",Chuncheon dakgalbi,village Kirby,Korean chicken,funny Korean sound,non-harmful,Homophonic pun
362,test,雀润,“确认”的方言或口音读法，带地方特色。,"This term is a dialect-flavored way to say something is confirmed or certain, often used casually to give an ordinary statement of confirmation a regional, humorous, or conversational tone.",it's confirmed,bird moist,rain check,please confirm,non-harmful,Homophonic pun
363,train,vocal,英文单词被中文网络用作惊讶感叹词，常近似表达“卧槽”的语气。,"“Vocal” is used online as an exclamation to convey strong shock, surprise, or disbelief, similar to blurting out a stunned reaction when something feels unexpected, outrageous, or hard to believe.",holy crap,vocal music,voice,wow,non-harmful,Homophonic pun
364,train,鸡哔你,“击毙你”的谐音梗，用可爱方式表达威胁或玩笑攻击。,"A cute homophonic threat meaning one will shoot, hit, or get someone, used playfully to sound like a mock attack or teasing warning rather than a serious threat.",I’ll get you,chicken beep you,pew pew at you,I’ll fight you,non-harmful,Homophonic pun
365,train,么噶,“哦买噶”的方言化说法，用来表达惊讶。,"It is a dialect-style exclamation of surprise or disbelief, used like a localized version of “oh my god” when someone is startled, amazed, or finds something hard to believe.",oh my god,moga,bless your heart,what a mess,non-harmful,Homophonic pun
366,train,图书馆30秒,出自知乎经典情感故事，指关于出轨细节的梗。,"A relationship-story meme referring to a specific infidelity detail in a library, used to allude to a notorious anecdote about cheating and the awkwardly memorable particulars of what happened there.",thirty seconds in the library,library time,thirty seconds,cheating story,non-harmful,Quotation
367,test,人生易如反掌,出自日剧台词，常被用作带讽刺意味的人生感慨。,"“Life is as easy as flipping your hand” is used sarcastically to suggest that life is supposedly effortless, while actually implying the opposite: that things are difficult, frustrating, or far from simple.",life is easy as turning a hand,life is easy,easy life,ironic comfort,non-harmful,Quotation
368,train,周处除三害 新造的人,指改过自新、重新做人，来源于电影相关语境。,"This redemption-themed phrase means someone has genuinely changed, reformed their past behavior, and is trying to live as a new person after turning away from previous wrongdoing.",redemption arc,newly made person,born again,start over,non-harmful,Quotation
369,train,gay一年,指裸辞或暂停常规生活后，用一年时间放松、旅行或找回自我，接近gap year。,"A phonetic meme referring to taking a year off from work, school, or routine life to rest, travel, recover, or reset one’s direction, similar to a casual gap year.",gap year,gay year,year off,sabbatical,non-harmful,Homophonic pun
370,train,林府家规,指网传奇葩、毁三观的家庭规矩聊天记录。,"A meme referring to viral chat screenshots or stories about bizarre, toxic, or unreasonable family rules, often used to mock controlling household norms that feel absurd, harmful, or morally warped.",viral toxic family rules screenshots,Lin family house rules,family sitcom rules,strict parents,non-harmful,Quotation
371,train,3.5分饭店,指评分不高但味道不错、性价比高、有烟火气的平民饭店。,"It refers to a low-rated local restaurant that still serves tasty, affordable, comforting food, often valued for its down-to-earth neighborhood atmosphere rather than polished service or high online scores.",underrated local diner,3.5 restaurant,cheap eat,hidden gem,non-harmful,Stylistic device
372,train,你喜欢大海 我爱过你,纪凌尘分手金句，成为经典分手语录梗。,"A poetic breakup line used to express emotional distance and past love, suggesting that one person's feelings have moved toward something vast and unreachable while the speaker frames their love as something that existed in the past.","you like the sea, I loved you",you love the sea,breakup quote,I loved you,non-harmful,Quotation
373,train,deideidei蒙dei,出自壮语歌曲的魔性歌词，因洗脑旋律走红。,"“Deideidei meng dei” refers to a catchy nonsense lyric from a viral song, popular for its addictive rhythm and remembered mainly because its repetitive, earworm-like sound spread widely online.",deideidei meng dei,dei dei dei,nonsense lyric,catchy chant,non-harmful,Homophonic pun
374,train,易如反掌,出自日剧经典台词，常被用作带讽刺意味的口头禅。,"It is used sarcastically as an understatement to suggest that something is supposedly extremely easy, often echoing a familiar catchphrase while implying the situation may not actually be simple.","piece of cake, said sarcastically",easy hand turn,May the Force be with you,beginner's luck,non-harmful,Quotation
375,train,一元一串的钵钵鸡,指价格便宜的四川串串小吃，因性价比高和洗脑口号而传播。,"It refers to a viral street-food phrase advertising cheap Sichuan skewers, popularized by a catchy sales chant and the appeal of inexpensive, good-value snack skewers.",one-yuan-per-skewer bobo chicken chant,one-yuan bowl chicken,dollar-menu fried chicken,cheap Sichuan street food,non-harmful,Stylistic device
376,train,地铁盖被侠,指在地铁上盖被子睡觉的人，反映社畜疲惫状态。,"A humorous nickname for someone so tired from work or daily life that they sleep under a blanket on the subway, highlighting an exaggerated image of urban commuter exhaustion.",subway blanket hero,subway sleeper,blanket commuter,tired worker,non-harmful,Stylistic device
377,train,少年自有少年狂,短视频励志语录，表达年轻人的豪情、热血和自信。,"An inspirational line about youthful pride, ambition, and boldness, used in short videos to express young people’s confidence, passion, fearlessness, and belief that they can pursue big dreams.",youth has its own pride,youth is wild,young pride,teenage spirit,non-harmful,Quotation
378,test,公路高铁,指理想MEGA车型，因车头酷似高铁而得名。,"Road high-speed train"" is a nickname for the Li Auto MEGA, referring to its car front resembling a high-speed train traveling on the road.",road high-speed rail,road train,car train,high-speed car,non-harmful,Stylistic device
379,train,偷感很重,形容一个人看起来鬼鬼祟祟，像做了亏心事一样。,"A phrase describing someone who gives off a sneaky, guilty, or suspicious vibe, as if they are acting furtively because they have done something wrong or are trying to hide something.","sneaky, guilty vibe",heavy stealing feeling,bad boy energy,awkward vibe,harmful,Stylistic device
380,train,大香蕉,出自魔性歌曲的洗脑歌词，因旋律抓耳而走红。,"This refers to a catchy meme phrase from a viral song lyric, used because the song’s repetitive, earworm-like melody became widely shared and memorable online.",viral earworm song lyric,big banana,Peanut Butter Jelly Time,catchy lyric,non-harmful,Quotation
381,train,小蜜蜂肘击,形容可爱但带攻击性的表达或动作。,"It describes a cute-aggressive phrase or gesture that mixes sweetness and playfulness with a tiny pretend attack, like something adorable that still has a little harmless punch.",cute aggression,little bee elbow,cute punch,playful attack,non-harmful,Stylistic device
382,train,淡人浓人,形容人的性格风格，淡人内敛清淡，浓人热情外放。,"A personality-type contrast between low-key subtle people and intense expressive people, describing someone as either restrained, understated, and inward-facing or warm, energetic, and openly expressive in style.",low-key versus expressive personality,light person heavy person,yin and yang personalities,quiet type versus workaholic,non-harmful,Stylistic device
383,train,不是，哥们,游戏或聊天中的口头禅，用来表达震惊、不理解、无语或反驳。,"A casual reaction phrase used in games or chats to express disbelief, confusion, speechlessness, or objection, often like saying “wait, dude” when something feels surprising, unreasonable, or hard to accept.","wait, dude","not, buddy",oh my sweet summer child,are you serious?,non-harmful,Slang
384,test,黄龙江一派全都带蓝牙,出自大妈吵架视频的荒诞台词，带武侠门派感和无厘头效果。,"This refers to an absurd viral argument line that sounds like a martial arts sect slogan while suddenly adding modern Bluetooth imagery, creating a deliberately nonsensical and comically dramatic effect.",The Huanglongjiang clan all wear Bluetooth,Bluetooth sect,wireless martial arts clan,viral argument catchphrase,non-harmful,Quotation
385,train,蛐蛐你,指背后偷偷议论别人，也可带玩笑式调侃。,"A slang phrase meaning to talk about someone behind their back, often quietly or secretly, and sometimes used in a playful way to mean teasing or making light comments about them.",talk about someone behind their back,cricket you,spill the tea,tease you,non-harmful,Homophonic pun
386,train,古希腊掌管xx的神,夸张形容某人在某方面能力极强，好像是古希腊神明。,"This phrase is an exaggerated compliment format that calls someone the Greek god of a certain skill or domain, implying they are almost divinely talented or unbeatable in that area.",Greek god of something,Greek god,god of something,ultimate expert,non-harmful,Stylistic device
387,test,南方小土豆,东北人对南方游客的爱称，形容娇小可爱、装备厚实的游客。,"An affectionate nickname for small, warmly dressed southern tourists visiting Northeast China, especially used by locals to describe their cute, bundled-up appearance in cold northeastern weather.",southern little potato,southern potato,little tourist,cute southerner,non-harmful,Stylistic device
388,test,猫meme,用网红猫咪制作的短视频表情包格式。,"A short-video meme format built around viral cats, typically using popular internet cat clips or edited cat footage as expressive reaction templates for humor, cuteness, or relatable online situations.",cat meme,cat video,kitty meme,reaction cat,non-harmful,Quotation
389,train,奶牛猫跳舞,AI制作的奶牛猫跳舞视频，因魔性可爱而走红。,"A viral AI-made dancing cat meme featuring a black-and-white cat, known for its oddly catchy, cute, and hypnotic dance video style that spread widely online.",AI cow cat dancing meme,cow cat,Nyan Cat,AI cat video,non-harmful,Quotation
390,train,新鲜哥,形容对事物保持新鲜感、充满好奇的人。,"“Freshness guy” is a nickname for someone who stays curious, excited, and eager about new things, approaching experiences with a lasting sense of novelty and enthusiasm.",curious novelty seeker,fresh brother,cool dude,early adopter,non-harmful,Stylistic device
391,train,铁T,女同性恋语境中指气质偏阳刚、外表或行为更像男生的一方。,"A “tie T” refers to a lesbian whose style, demeanor, or behavior is masculine, tomboyish, or butch, often presenting in ways culturally associated with men.",butch lesbian,iron T,tomboy,masculine girl,non-harmful,Slang
392,train,小火汁,“小伙子”的谐音，常见于东北方言语境，是对青年男子或男孩的称呼。,"This is a playful dialect-style way to address a young man or boy, often carrying a casual, teasing, or regional flavor rather than a formal or serious tone.",young lad,little fire juice,hot sauce,buddy boy,non-harmful,Homophonic pun
393,train,脑子瓦特了,源自上海话，用来骂或调侃别人脑子坏了、短路了、说话做事不过脑子。,"A teasing insult meaning someone’s brain has short-circuited, malfunctioned, or stopped thinking clearly, usually said when a person acts foolishly, speaks without thinking, or seems momentarily incapable of using common sense.",brain short-circuited,brain watt,brain water,out of your mind,harmful,Homophonic pun
394,test,张东升带你去爬山,源自影视剧情节，表示表面带人爬山，实则暗含把人推下悬崖的危险意味。,"This darkly humorous phrase refers to an invitation that seems like a harmless outing but secretly suggests a murder trap, especially the danger of being pushed off a cliff.",push you off a cliff,Zhang Dongsheng takes you hiking,go hiking,cliffhanger,harmful,Quotation
395,train,ssfd,“瑟瑟发抖”的缩写，用来卖萌式表达害怕、惹不起、委屈或恐惧。,"ssfd"" is a cute abbreviation used to express trembling with fear, feeling intimidated, or acting pitifully scared, often in a playful or self-deprecating way.",trembling in fear,social security fraud detection,scared face,shaking my head,non-harmful,Abbreviation
396,train,正经人谁写日记啊,表示真正正经的人不会把真心话写进日记里，常用于调侃日记里的内容并不单纯。,"A sarcastic remark suggesting that truly serious or respectable people would not put their honest thoughts in a diary, often used to tease that diary entries are not as innocent as they seem.",who keeps a diary anyway,who writes diaries,dear diary,honest diary,non-harmful,Quotation
397,train,神烦,表示超级烦、烦到无奈，常用于吐槽某人或某事特别烦人。,"It is an intensified slang expression used to complain that someone or something is extremely annoying, irritating, or so unbearable that it leaves the speaker feeling exasperated.",super annoying,god-level annoying,divine intervention,I'm fed up,non-harmful,Slang
398,train,ojbk,“o几把k”的缩写，意思是完全可以、没问题、觉得OK，带粗俗玩笑语气。,"“ojbk” is a vulgar, joking abbreviation used to say that something is totally okay, acceptable, no problem, or all good, often with a casual internet-humor tone.","totally okay, no problem",okay back,OK boomer,fine by me,non-harmful,Abbreviation
399,train,神兽,对小孩子的调侃称呼，形容其精力旺盛、爱捣乱、破坏力强，尤其常用于放假期间。,"A teasing nickname for energetic, mischievous, hard-to-control children, especially during school breaks, implying that they are lively, disruptive, difficult to manage, and capable of causing chaos at home.",little monsters,divine beasts,school-break gremlins,wild child,non-harmful,Stylistic device
400,train,碳基生物,原指以碳为生命基础的生物，网络语中常用来泛指人类或普通人。,"“Carbon-based life form” is a science-flavored internet expression used to refer broadly to humans, ordinary people, or regular living beings in a slightly nerdy or humorous way.",carbon-based lifeform,carbon creature,carbon life,human being,non-harmful,Stylistic device
401,test,思鸡盯,用来调侃楼主为什么会被色情广告或卖片账号盯上，暗示其平时行为值得反思。,"A teasing comment telling someone to reflect on why adult spam accounts are targeting them, implying their usual online behavior may explain why such accounts keep noticing or approaching them.",reflect on why they targeted you,think chicken stare,chicken watching,targeted by spam,non-harmful,Homophonic pun
402,test,苏卡不列,俄语粗口的中文音译，常用于表达强烈愤怒、辱骂或游戏语境中的粗俗情绪。,"This term is a phonetic rendering of a Russian profanity, used online to vent anger, frustration, or a strong insult, especially in rough joking or gaming contexts.",cyka blyat,suka not listed,Russian phrase,damn it,harmful,Homophonic pun
403,train,拉郎,指把没有感情基础、毫不相干的人或角色强行配成一对，常见于同人CP语境。,"It means to force an unlikely romantic pairing between unrelated people or fictional characters, especially in fandom contexts where two people or characters with no emotional basis or real connection are treated as a couple.",forced ship,pull a guy,arranged marriage,unlikely ship,non-harmful,Slang
404,train,年下,圈内语境中指恋爱关系里主动方年龄更小，常用于CP属性描述。,"A relationship trope where the active or pursuing partner is younger, often used in fandom or pairing descriptions to highlight that the younger person takes initiative in the romantic dynamic.",younger pursuer,younger below,junior-senior romance,age gap couple,non-harmful,Slang
405,train,年上,圈内语境中指恋爱关系里主动方年龄更大，与“年下”相对。,"A relationship trope where the active or pursuing partner is older, emphasizing an age dynamic in romance where the older person takes the more forward, dominant, or initiating role.",older pursuer,older above,senpai crush,age-gap romance,non-harmful,Slang
406,test,年下男,指恋爱或婚姻关系中年龄比自己小的男生，常用于姐弟恋语境。,"It refers to a younger male romantic partner in an age-gap relationship, especially when the woman is older and the dynamic is framed as a “older woman, younger man” romance.",younger male romantic partner,younger man,little brother type,toyboy,non-harmful,Abbreviation
407,train,哈拉少,俄语“好”的中文空耳，用来表示太好了、真棒、绝了。,"This phonetic catchphrase is used to praise something enthusiastically, meaning that it is great, excellent, impressive, or awesome.",awesome,hala less,Russian okay,not bad,non-harmful,Homophonic pun
408,train,绝绝子,表示“太绝了”，多数用于夸某人或某物特别好，少数语境下也可反讽特别差。,"Juejuezi"" is an intensified slang expression used to praise someone or something as exceptionally good, while in some contexts it can also be used sarcastically to mean something is unbelievably bad.",absolutely amazing,absolute child,so extreme,iconic,non-harmful,Stylistic device
409,train,画面太美我不敢看,用来调侃某个场面太奇葩、太离谱、太有冲击力，以至于“不敢看”。,"A joking reaction to a scene so bizarre, awkward, shocking, or overwhelming that it feels almost unbearable to look at, often used mockingly when something is absurdly intense or ridiculous.",too cursed to look at,the picture is too beautiful,eye candy,this is awkward,non-harmful,Quotation
410,train,要你寡,“要你管啊”的连读谐音，用来怼别人别多管闲事。,"It is a playful retort telling someone to mind their own business and stop interfering, usually used to push back when someone is being nosy or meddling in another person’s affairs.",mind your own business,want you widowed,OK boomer,who asked,non-harmful,Homophonic pun
411,train,豆沙了,“都鲨了”的谐音梗，常见于弹幕，表示把你们都解决掉，多用于单身者看到秀恩爱内容时的夸张吐槽。,"A coded exaggerated threat used in comments to jokingly express frustration, jealousy, or mock anger toward others, often when single viewers react dramatically to couples showing affection online.",kill them all,red bean paste,sharked everyone,I’m jealous,non-harmful,Homophonic pun
412,test,6块钱麻辣烫,男女暗示用语，常指廉价约会或低成本性暗示，多带调侃、轻蔑或性别冒犯意味。,"The phrase is a sexual innuendo suggesting a cheap date or low-cost hookup, often used jokingly, mockingly, or disrespectfully, with a tone that can carry gendered insult or social contempt.",cheap hookup,six-yuan spicy hot pot,Happy Meal,Netflix and chill,harmful,Stylistic device
413,train,挨打要立正,指做错事就要勇于承认，哪怕接受惩罚也要站正、认账。,"This phrase means that when someone has made a mistake, they should honestly admit it, take responsibility, and accept any criticism or punishment that follows instead of making excuses.",face the music,stand straight when beaten,turn the other cheek,say you're sorry,non-harmful,Slang
414,test,不讲武德,原为“年轻人不讲武德”的名场面，现指不按套路出牌、出其不意或手段太猛。,"It is a joking phrase for someone acting unfairly, unexpectedly, or too aggressively outside the usual rules, especially by breaking the expected pattern or using surprisingly forceful tactics.",doesn't play by the rules,no martial virtue,the code of chivalry,caught off guard,non-harmful,Quotation
415,train,狼灭,“狠人”的升级版，形容特别狠、特别强、特别能扛或特别厉害的人。,"It is an intensified slang label for someone extremely tough, ruthless, bold, or formidable, often implying a person who can endure a lot, act decisively, or prove unusually powerful in a difficult situation.",absolute savage,wolf extinction,lone wolf,hothead,non-harmful,Homophonic pun
416,train,终究还是一个人扛下了所有,指一个人独自承担困难、压力或伤痛，也常在搞笑场景中形容某人表现突出、独自完成一切。,"A melodramatic or joking phrase about carrying all the burden alone, used when someone appears to face hardship, pressure, or pain by themselves, or humorously seems to complete everything single-handedly.",shouldering it all alone,carried all the bags by himself,the chosen one,main character moment,non-harmful,Stylistic device
417,train,开火车,指讨论成人向、黄色、擦边或不健康话题，常用于说黄段子、带节奏进入污话题。,"It means to steer a conversation into sexual, dirty, or NSFW territory, often by making suggestive jokes or nudging the discussion toward adult, vulgar, or inappropriate topics.",steer the conversation into NSFW territory,drive a train,train of thought,derail the conversation,non-harmful,Stylistic device
418,train,妈系好友,指像妈妈一样关心、唠叨、照顾你的朋友，既会骂你又会关心你吃没吃、睡没睡。,"A “mom-type friend” is a caring friend who nags, protects, and looks after you like a mother, scolding you when needed while worrying about whether you have eaten, slept, and taken care of yourself.",mom friend,mother department friend,soccer mom,overprotective friend,non-harmful,Stylistic device
419,test,地铁赌徒,指在地铁上没座位时押注某个乘客快下车，赌自己能抢到座位的人。,A commuter who bets on which passenger will get off soon so they can quickly grab the vacated seat when riding the subway without a place to sit.,subway seat gambler,subway gambler,seat hunter,commuter gamble,non-harmful,Stylistic device
420,train,你人还怪好嘞,调侃大学生或年轻人对陌生人莫名信任，也可用于夸别人意外地好心。,"A teasing phrase used when someone turns out to be unexpectedly kind, overly trusting, or naively nice, often poking fun at young people who place surprising faith in strangers.","You're surprisingly kind, almost too trusting",your person is weirdly good,stranger danger,too wholesome for this world,non-harmful,Stylistic device
421,train,下班高手,形容特别擅长准时下班、不拖延、不加班、不把灵魂留在写字楼的人。,"A joking label for someone highly skilled at leaving work exactly on time, avoiding delay or overtime and making a clean escape from the office the moment the workday ends.",master of clocking out on time,off-duty expert,TGIF warrior,work-life balance advocate,non-harmful,Stylistic device
422,train,窝囊费,“窝囊废”的谐音，指打工人含泪挣来的工资，常用于自嘲收入和身心消耗不匹配。,"This self-deprecating term refers to wages earned through exhausting, humiliating, or emotionally draining work, especially when workers feel their income does not match the physical and emotional cost.",misery pay,coward fee,paycheck,pain money,non-harmful,Homophonic pun
423,train,wifi型人格,形容情绪和沟通状态像WiFi信号一样时稳时不稳，时而能连接、时而断线。,"A personality metaphor for someone whose mood, attention, or communication is unstable like a Wi-Fi signal, sometimes emotionally available and responsive, but at other times disconnected, inconsistent, or hard to reach.",spotty connection personality,Wi-Fi personality,unstable signal,emotionally unavailable,non-harmful,Stylistic device
424,train,45度青年,指不完全躺平也不参与内卷，处在奋斗与摆烂之间的佛系年轻人。,"A self-mocking label for young people halfway between lying flat and joining the rat race, describing those who neither fully give up nor compete intensely, staying in a laid-back middle ground between striving and slacking off.",halfway between lying flat and the rat race,45-degree youth,gap year kid,quiet quitter,non-harmful,Experience
425,train,突发恶疾,字面为突然得重病，网络语中用来调侃某人突然做出不正常、离谱或令人无语的言行。,"A teasing phrase for someone suddenly acting absurd, irrational, or wildly out of line, as if they had abruptly come down with a serious condition that made their behavior bizarre or impossible to explain.",sudden brain malfunction,sudden serious illness,main character syndrome,are you serious right now,non-harmful,Stylistic device
426,train,弟中弟,用来蔑称比自己弱、水平更低、很菜的人，来源于“你就是个弟弟”。,"It is a mocking label for someone considered extremely weak, inferior, inexperienced, or far below others in ability, often used to belittle them as clearly outclassed or incompetent.",bottom-tier noob,little brother among little brothers,rookie,underdog,harmful,Stylistic device
427,train,丐版,指“乞丐版”，常用于汽车、电子产品等低配置、最低配版本。,"“Beggar version” is a slang term for the lowest-end, bare-bones, stripped-down version of a product, especially cars or electronics, with only the most basic configuration and fewest features.",bare-bones base model,beggar edition,dollar-store version,standard model,non-harmful,Abbreviation
428,train,用爱发电,指凭兴趣和热爱做事，即使没有经济回报也继续投入。,"It refers to continuing to do something purely out of passion, love, or personal interest, even when there is no financial reward or practical compensation.",labor of love,generate electricity with love,pay it forward,side hustle,non-harmful,Quotation
429,train,妈味儿,指喜欢用“妈妈式”姿态说教、照顾、控制或自我感动的人，常带讽刺。,"It describes a patronizing, motherly, controlling, or self-righteous vibe in the way someone lectures, manages, fusses over, or emotionally frames themselves as caring for others, often with a sarcastic or critical tone.",maternal patronizing vibe,mom flavor,motherly care,helicopter mom,non-harmful,Stylistic device
430,train,爹味,可指成熟父爱感，也常指居高临下、爱说教、控制欲强的“老父亲式”气质。,"It describes a paternal vibe that may feel mature and fatherly, but more often suggests a patronizing, preachy, controlling “old dad” attitude toward others.",paternalistic vibe,dad flavor,fatherly vibe,mansplaining,non-harmful,Stylistic device
431,train,磕到了,饭圈或CP语境中表示被情侣感、互动甜度或CP感触动了。,"A fandom phrase meaning one has felt the romantic chemistry or sweetness of a pairing, often after seeing interactions that seem especially cute, affectionate, or suggestive of a couple-like bond.",I ship it,knocked into it,shipping,caught feelings,non-harmful,Slang
432,train,vers,彩虹圈术语，指既可攻也可受，或角色特征可在不同性别气质之间转换。,"Vers is a queer community term for someone who can take either sexual or romantic role, or whose role presentation can shift flexibly across different gendered expressions.",versatile,verse,ambidextrous,bottom,non-harmful,Abbreviation
433,train,越共探头,比喻某个群体平时不显眼，一有相关话题就突然大量冒出来。,A neutral meme describing a usually hidden or quiet fanbase or group that suddenly appears in large numbers as soon as a related topic is mentioned or becomes relevant.,hidden fanbase emerging,Viet Cong peeking,lurkers,fan swarm,non-harmful,Stylistic device
434,train,赵弹,评论区中常用来表示支持、火力支援或赞同，也可能表示强力打击。,"This slang term is used in comment sections to signal strong support, backing, or added firepower for someone’s point, and can also imply delivering a forceful verbal strike against the opposing side.",fire support,Zhao bullet,censorship strike,upvote,non-harmful,Stylistic device
435,train,海了去了,唐山方言，表示数量非常多、多得数不清。,"This Tangshan dialect expression means that there are extremely many of something, so many that they feel countless or impossible to fully enumerate.",too many to count,gone to the sea,a sea change,a handful of,non-harmful,Slang
436,train,野猪品不了细糠,用来讽刺或调侃某人不懂欣赏高级、精致或更好的东西。,"A mocking phrase for someone unable to appreciate refined, high-quality, or better things, used to tease or criticize a person who lacks the taste or understanding to recognize something more sophisticated or superior.",pearls before swine,wild boar cannot eat fine bran,picky eater,acquired taste,harmful,Slang
437,train,抛开事实不谈,指在事实对自己不利时先不谈事实，转而强词夺理、道德绑架或找对方问题。,"This describes a bad-faith rhetorical move where someone sets aside inconvenient facts, then argues unfairly by shifting blame, applying moral pressure, or attacking the other side instead.",bad-faith argument,leaving facts aside,whataboutism,moral high ground,non-harmful,Stylistic device
438,train,儒了子,山东济宁方言，用来骂人智商低、反应慢或很蠢。,"A regional insult from Jining, Shandong, used to mock or criticize someone as stupid, slow-witted, mentally dull, or slow to react.",idiot,Confucian child,scholar,slowpoke,harmful,Slang
439,train,女子月半王求,“好胖球”的拆字写法，用来夸赞 bombl4 表现出色、对队伍帮助很大。,"This split-character meme is a playful praise saying that the chubby-ball player performed very well, contributed greatly to the team, and helped secure the win.",great chubby-ball player,woman-child moon-half king-seek,Big Chungus,nice assist,non-harmful,Homophonic pun
440,train,天道酬勤,成语，指上天会回报勤奋努力的人。,"A proverb meaning hard work is rewarded by fate, heaven, or time, used to express the belief that diligent effort will eventually bring deserved success or recognition.",hard work pays off,heaven pays wages,work hard,karma pays off,non-harmful,Slang
441,train,不吃香菜,指短视频评论区中某账号曝出夸张私生活信息的事件梗，常用于调侃“婚前隐瞒黑历史”类叙事。,"This refers to a viral comment-section scandal meme about someone allegedly hiding a messy dating history before marriage, often used to mock stories about concealed romantic “black history” being exposed online.",hidden dating history,no cilantro,cilantro hater,messy past,non-harmful,Quotation
442,train,你甚至不愿意叫我一声,源自《教父》经典句式，用于调侃别人不够尊重或没有按某种称呼叫自己。,"A dramatic quote template used to mock someone for not showing enough respect, especially by failing to address the speaker with the title, name, or level of deference they jokingly expect.",you won’t even call me,you won’t call me,respect me,Godfather quote,non-harmful,Quotation
443,train,远方传来风笛,原为周杰伦歌词，网络语中常被借用为委婉表达“滚”的梗。,"A poetic song lyric repurposed online as a playful, indirect way to tell someone to go away, softening the bluntness of “get lost” with a mock-elegant tone.",get lost,distant bagpipes,song lyric,leave me alone,non-harmful,Experience
444,train,你的良心不会痛吗,用来吐槽别人做某事怎么能心安理得，带有责备和无语情绪。,"A rhetorical complaint used to blame or call out someone for doing something shamelessly, asking how they can feel at ease and show no guilt about it.",have you no shame,does your conscience hurt,shame on you,guilt trip,non-harmful,Experience
445,train,细作,指潜伏在内部的卧底、内鬼或泄密者。,"It refers to a spy, mole, or insider betraying a group from within by secretly working against their own side, leaking information, or helping opponents while pretending to belong.",mole,fine work,secret agent,traitor,harmful,Slang
446,train,滚粗,“滚”的玩笑化变体，意思是让对方走开，但语气比直接骂人轻。,"This meme is a joking, softened way to tell someone to get lost or go away, usually sounding less harsh than a direct insult while still expressing mock annoyance or dismissal.","shoo, go away",roll thick,touch grass,knock it off,harmful,Homophonic pun
447,train,星宝,对孤独症儿童的昵称，带有温和称呼色彩。,"“Star baby” is an affectionate nickname for autistic children, used as a gentle and warm way to refer to them without sounding clinical or harsh.",affectionate nickname for autistic children,star treasure,rainbow baby,special needs child,non-harmful,Stylistic device
448,train,起夜急李姐,“企业级理解”的谐音梗，调侃对方理解方式很刁钻、歪曲或过度解读。,"This phonetic joke mocks someone for interpreting something in an oddly elaborate, overly sophisticated, or twisted way, implying that their understanding is comically forced or distorted.",advanced misreading,getting up at night,enterprise-level understanding,overthinking,non-harmful,Homophonic pun
449,train,天一亮时间就不属于我了,表达白天一开始就被工作、学习或生活占据，对个人时间消失的无奈。,"A melancholic phrase about losing control over one’s time once the day begins, expressing the helpless feeling that work, study, or daily responsibilities immediately take over and leave no personal time.",my time is no longer mine,when dawn comes,no free time,morning dread,non-harmful,Stylistic device
450,test,轻舟已过万重山,源自李白诗句，网络语中常用来表示终于越过困难、走出低谷。,"A poetic phrase used to say that someone has finally passed through many difficulties, left a low point behind, and continued moving forward with a sense of relief and progress.",finally past the worst,light boat passed mountains,poetic success,through hardship,non-harmful,Quotation
451,test,二月红前来求药,出自电视剧台词，表示某人急切地追求、请求或寻找某物。,"A dramatic phrase used when someone is desperately seeking help, a cure, or something they urgently want, often with an exaggerated sense of pleading or emotional urgency.",came begging for a cure,February Red came to ask for medicine,May the odds be ever in your favor,asking for a friend,non-harmful,Quotation
452,train,hxd,“好兄弟”的拼音首字母缩写，指关系好的兄弟、朋友。,"“hxd” is an online abbreviation used to refer warmly to a close bro, buddy, or good friend, especially someone with whom the speaker has a familiar and friendly relationship.",bro,happy,good brother,dude,non-harmful,Abbreviation
453,train,kiyomi,韩语“可爱”的音译，用来称呼小可爱、可爱鬼。,"“Kiyomi” is a Korean-derived cute term used to affectionately describe someone adorable, sweet, or endearingly charming, similar to calling them a little cutie.",cutie,Kiyomi,cute girl,sweetie,non-harmful,Homophonic pun
454,train,kiyo,韩语“可爱”的音译，用来表示可爱、小可爱。,"“Kiyo” is a Korean-derived expression used to describe someone or something as cute, adorable, or endearingly sweet, often like calling a person a little cutie.",cute,Kiyo as a personal name,K-pop fan,wholesome,non-harmful,Homophonic pun
455,train,娃圈,以收藏、改造、拍摄和交流BJD、MJD等娃娃为核心的兴趣圈层。,"It refers to a hobby community centered on collecting, customizing, photographing, and sharing dolls, especially specialized collectible dolls, where enthusiasts exchange creations, styling ideas, and related experiences.",doll community,doll circle,toy fandom,figure collectors,non-harmful,Abbreviation
456,train,xswl,“笑死我了”的拼音缩写，用于表达非常好笑。,"“xswl” is an abbreviation used online to mean that something is extremely funny, so funny that it makes the speaker laugh very hard.",LMAO,laugh at me,YOLO,that's mildly funny,non-harmful,Abbreviation
457,test,ju,饭圈用语，来自“judge”，指随意评价、审判或攻击他人。,"In fandom slang, “ju” means to judge, criticize, or attack someone unfairly, often by casually passing harsh opinions or treating them as if they deserve public condemnation.",judge or unfairly criticize someone,chrysanthemum,serve as a contest judge,give feedback,non-harmful,Abbreviation
458,train,锁了,饭圈常用语，表示两个人关系很好、很稳、拆不散。,"In fandom slang, ""locked"" means that two people or characters are seen as a firmly bonded pair whose relationship is stable, close, and impossible to separate.",locked in,locked,shipped,official couple,non-harmful,Slang
459,train,粉籍,“粉丝户口”的缩写，指某人在饭圈中被认可的粉丝身份。,"It refers to a recognized fandom identity that shows which celebrity or idol someone officially supports, functioning like a fan affiliation within online idol and celebrity fan communities.",fan affiliation,fan registry,fan card,fandom status,non-harmful,Abbreviation
460,train,轮博,饭圈用语，指粉丝轮流转发微博以提高偶像相关内容的数据。,"This refers to coordinated reposting by fans to boost social media metrics, where supporters take turns sharing posts so an idol-related topic gains higher visibility, engagement numbers, and apparent popularity online.",repost farming,rotate blog,spam repost,fan campaign,non-harmful,Abbreviation
461,test,空瓶,“控评”的谐音，指粉丝控制评论区走向，营造正面舆论。,"“Empty bottle” is a homophone-based slang term meaning coordinated comment control by fans, who flood or manage replies under posts to steer the discussion and create a favorable public opinion environment.",comment control,empty bottle,comment cleanup,fan comments,non-harmful,Homophonic pun
462,test,蒸煮,“正主”的谐音，通常指粉丝喜欢的明星本人。,"This fandom slang is a homophone used to refer to the actual idol, celebrity, or public figure that a fan supports, as opposed to related content, rumors, or other people around them.",bias,steamed host,main owner,stan,non-harmful,Homophonic pun
463,train,李涛,“理性讨论”的谐音，指相对冷静、理性的分析讨论。,"“Li Tao” is a homophonic fandom phrase meaning rational discussion, used to signal a relatively calm, reasoned analysis or exchange of opinions rather than emotional arguing or impulsive commentary.",rational discussion,Li Tao,analysis post,serious talk,non-harmful,Homophonic pun
464,test,撒糖,指情侣或CP展示甜蜜互动，让旁观者感到很甜。,"It means to show sweet romantic interactions or affectionate moments between a real couple or a shipped pairing, making onlookers feel that the relationship is especially cute, loving, or heartwarming.",serve up sweet couple moments,sprinkle sugar,shipping war,third-wheeling,non-harmful,Stylistic device
465,train,粗花,“出发”的方言化或淋语说法，意思是出发。,"It is a playful dialect-like or campy internet way to say “set off” or “depart,” used when someone is about to leave, start a trip, or begin moving toward a destination.",set off,coarse flower,flower power,get ready to leave,non-harmful,Homophonic pun
466,train,五彩斑斓的黑,用来嘲讽不懂设计却提出矛盾需求的客户。,"A sarcastic phrase mocking impossible or contradictory design requests, especially when clients who do not understand design ask for mutually incompatible visual effects as if they were reasonable.",an impossible contradictory design request,colorful black paint,the customer is always right,scope creep,non-harmful,Stylistic device
467,train,幼爽,篮球圈用语，称赞某人打球技术很好、很厉害。,"A basketball slang compliment meaning someone plays extremely well, often used to praise a player as highly skilled, impressive, or especially dominant on the court.",baller,young and smooth,cool kid,great shooter,non-harmful,Slang
468,train,飞蝗芜湖,“非黄勿护”的谐音，表示帖子不是色情内容，请不要删除。,This coded phrase tells moderators that a post is not pornographic content and asks them not to remove or delete it for violating adult-content rules.,"not porn, do not delete",flying locust Wuhu,do not delete,safe post,non-harmful,Homophonic pun
469,test,奥黛丽恐惧症,指美好画面中突然出现猝不及防、令人震惊的奇怪行为。,"A meme term for a sudden shocking or absurd disruption in an otherwise pleasant scene, describing an unexpected strange act that breaks into a beautiful or pleasant moment and catches people completely off guard.",sudden weirdness,Audrey phobia,jump scare,awkward twist,non-harmful,Stylistic device
470,train,我的基因融入你的基因,理科式土味情话，委婉表达想和对方生孩子或建立亲密关系。,"This nerdy pickup line frames romantic or sexual desire in scientific terms, implying that the speaker wants to have a child with someone or become intimately connected by merging their genes.",let’s make a baby,my genes enter yours,biology flirting,love confession,non-harmful,Stylistic device
471,test,麻了,表示人已经疲惫、无语、震惊或情绪麻木，也可指醉了。,"It is a slang expression for feeling numb, speechless, exhausted, or overwhelmed, often used when someone is too tired, shocked, frustrated, or emotionally drained to react normally.",I'm emotionally numb,hemped,touch grass,I'm over it,non-harmful,Stylistic device
472,train,一氧化二氢,指水的化学式式说法，常用来嘲讽危言耸听或伪科学表述。,"A scientific-sounding way to say water, often used to mock alarmist misinformation by making an ordinary substance sound dangerous through technical or pseudo-scientific wording.",dihydrogen monoxide,one oxygen two hydrogen,snake oil science,H2O joke,non-harmful,Stylistic device
473,train,砍兰,闽南方言语境中表示厉害、很牛、了不起，也可带自负意味。,"This dialect slang term describes someone or something as impressive, awesome, or extremely capable, often expressing admiration for remarkable skill or achievement and sometimes carrying a slightly boastful or self-important tone.",impressive and awesome,cutting orchids,green thumb,humblebragging,non-harmful,Slang
474,train,都是时臣的错,二次元甩锅梗，用来把一切坏事都归咎于某人。,"This is an anime blame-shifting meme used to jokingly explain every bad thing as being someone’s fault, making that person the catch-all scapegoat for any problem or misfortune.",blame Tokiomi for everything,Tokiomi made one mistake,Darth Vader did it,call him out,non-harmful,Quotation
475,train,神马,“什么”的谐音，意思就是“什么”。,"“Shenma” is a playful internet homophone for “what,” used casually to ask what something is or to express mild confusion in a joking, meme-like tone.",what?,divine horse,holy cow,whatever,non-harmful,Homophonic pun
476,train,妥妥的,表示稳稳的、没问题、可以放心。,"A reassuring slang phrase meaning something is certain, stable, or no problem, used to express confidence that a situation is secure, reliable, and can be trusted without worry.",a sure thing,properly,no cap,good enough,non-harmful,Slang
477,train,斜杠青年,指拥有多重职业、身份或兴趣标签的年轻人。,"A “slash youth” refers to a young person with multiple careers, roles, or identities, often presenting themselves through several professional, personal, or interest-based labels at the same time.",multi-hyphenate young person,a young person with a slash mark,freelancer,side hustler,non-harmful,Experience
478,train,弃猫效应,指被抛弃过的人或动物因害怕再次被抛弃而变得格外乖巧、黏人。,"The “abandoned cat effect” is a metaphor for becoming extra obedient, clingy, or cautious after being abandoned, out of fear that rejection or abandonment might happen again.",abandoned-cat effect,abandoned cat,attachment issue,people pleasing,non-harmful,Quotation
479,train,99977,九宫格输入法数字梗，对应“珍惜眼前人”。,"“99977” is a numeric code based on nine-key phone input that means “cherish the person in front of you,” urging someone to value the person currently by their side.",cherish the one before you,phone number,number code,cherish love,non-harmful,Homophonic pun
480,train,寒蝉效应,指因害怕报复或惩罚而不敢发表意见、保持沉默。,"The term describes the chilling effect where people stay silent out of fear of retaliation or punishment, avoiding expressing their opinions because speaking up may bring negative consequences.",chilling effect,cicada effect,silence effect,fear speech,non-harmful,Quotation
481,train,喜大普奔,“喜闻乐见、大快人心、普天同庆、奔走相告”的缩写，表示大家都很高兴并传播好消息。,"It is an abbreviation used to express collective joy and celebration, suggesting that everyone is delighted by good news and eager to spread it widely.",cause for celebration,happy big run,celebration,great news,non-harmful,Abbreviation
482,train,人肉开盒,指通过非法或不当方式公开曝光他人隐私信息。,"It refers to the act of exposing someone’s private personal information online, especially by using improper or illegal methods to reveal details such as identity, contact information, address, or other sensitive data.",doxxing,human box opening,cancel culture,public shaming,harmful,Stylistic device
483,train,水浅王八多,常与“庙小妖风大”连用，讽刺环境小却乱象多、坏人或奇葩很多。,"A crude saying mocking a small place full of troublemakers or shady people, used to satirize a minor or limited environment that somehow has excessive chaos, bad actors, or strange disruptive people.",a small pond full of troublemakers,"shallow water, many turtles",a storm in a teacup,too many clowns,harmful,Slang
484,train,西内,日语“死ね”的中文空耳，是骂人“去死”的粗口。,"This term is a phonetic borrowing from Japanese internet language, used as a harsh insult meaning “go die” or “drop dead” when attacking or cursing someone.",go die,west inside,Japanese curse,shut up,harmful,Homophonic pun
485,train,支棱起来,东北方言，表示振作起来、精神起来、重新有干劲。,"A dialect phrase meaning to perk up, get motivated, or pull oneself together, often used to encourage someone to regain energy, confidence, and drive after feeling low or unmotivated.",get it together,stand up,cheer up,wake up,non-harmful,Slang
486,train,人肉搜索,指通过网络和人工搜索手段收集、曝光他人个人信息，可能侵犯隐私。,"It refers to searching for and exposing someone’s personal information online, often through crowdsourced internet sleuthing and manual digging, in a way that can violate privacy or enable harassment.",doxxing,human search,crowdsourced search,online investigation,non-harmful,Stylistic device
487,test,阿sir,港片语境中对警察、老师或长官等的称呼，近似“长官”“先生”。,"“Ah sir” is a Hong Kong-style form of address used for a police officer, teacher, or other authority figure, roughly like calling someone “sir,” “officer,” or “boss” in context.",sir,Mr. Ah,sheriff,professor,non-harmful,Slang
488,train,有木有,“有没有”的网络化说法，语气更强，常用于强调或求共鸣。,"A playful, emphatic internet way to say “is there,” “do you have,” or “right,” often used to stress a point, ask for agreement, or invite others to share the same feeling.",right?!,have wood,pics or it didn't happen,same here,non-harmful,Homophonic pun
489,train,无情哈拉少,俄语“非常好”的中文空耳，用来表示太好了、太赞了。,"This Russian-sounding phonetic meme is used to say that something is extremely good, awesome, or impressively great, often with a playful borrowed-language flavor.",very khorosho,ruthless harasho,hakuna matata,not bad at all,non-harmful,Quotation
490,test,雪糕刺客,指价格隐藏、结账时才发现很贵的天价雪糕。,"Snow ice cream assassin"" refers to overpriced ice cream with hidden or unclear pricing that only reveals its shocking cost at checkout, making buyers feel ambushed by the bill.",overpriced ice cream with hidden pricing,ice cream assassin,luxury gelato,checkout sticker shock,non-harmful,Stylistic device
491,train,墙头,饭圈用语，指没有固定本命、容易喜欢多个明星的易变粉丝。,"In fandom slang, this describes a fan without one fixed favorite idol, someone who easily changes preferences or casually likes many celebrities at the same time.",fickle multi-stan with no fixed fave,wall top,bandwagon fan,bias wrecker,non-harmful,Slang
492,train,CP粉,指支持或幻想某两个人、角色成为情侣关系的粉丝。,"A CP fan is a fan who supports or imagines a romantic pairing between two people or fictional characters, often enjoying the idea of them being in a couple relationship.",shipper,fan of couples,stan,romance fan,non-harmful,Abbreviation
493,train,毒唯,饭圈用语，指只喜欢某一成员且攻击其他成员或粉丝的极端唯粉。,"An extreme solo stan who supports only one idol while aggressively attacking other members, rival fans, or anyone seen as threatening their chosen favorite.",toxic solo stan,toxic only,solo fan,anti-fan,harmful,Abbreviation
494,test,oppai,日语俚语，指胸部，常见于二次元语境。,"“Oppai” is a Japanese slang term for breasts, often used in anime and otaku contexts to refer to a female character’s chest in a playful or suggestive way.",boobs,op pie,waifu,cleavage,non-harmful,Homophonic pun
495,train,jio,“脚”的谐音或卖萌说法。,"“Jio” is a playful, cute-sounding phonetic way to say “foot,” often used online to sound childish, affectionate, or deliberately adorable.",a cute way to say foot,the letters j-i-o,paw print,toes,non-harmful,Homophonic pun
496,train,好家伙,表示惊讶、赞叹、无语或吐槽的感叹词。,"An exclamation used to react with surprise, admiration, disbelief, speechlessness, or mild mockery, often when something is impressive, unexpected, absurd, or leaves the speaker unsure how to respond.",holy crap,good fellow,bless your heart,that's impressive,non-harmful,Slang
497,test,老北鼻,“老baby”的谐音，指年纪大但像小孩一样可爱、幼稚或亲昵的人。,"A playful nickname for an older person who acts cute or childlike, describing someone older who seems endearing, childish, or affectionately babyish in their behavior.",affectionately babyish elder,old north nose,baby boomer,cute senior,non-harmful,Homophonic pun
498,train,北鼻,“baby”的中文谐音，可指宝贝、宝宝或亲昵称呼。,"“Beibi” is a cute phonetic rendering of “baby,” used online as an affectionate way to address someone like “babe,” “dear,” or “little one.”",babe,north nose,Baby Shark,baby talk,non-harmful,Homophonic pun
499,train,揍性,京津冀方言中带蔑视意味的词，类似“德行”，形容人的样子或能力不怎么样。,"A regional derogatory term used to belittle someone’s unimpressive appearance, behavior, ability, or general manner, similar to calling out their poor conduct or lack of worth.",a sorry excuse for a person,beating nature,bad karma,awkward vibe,harmful,Slang
500,test,埋汰,北方方言，可表示脏、不干净，也可表示讽刺、挖苦别人。,"A northern dialect word meaning dirty or unclean, and also used to describe mocking, belittling, or sarcastically putting someone down.",dirty or put someone down,buried and dirty,filthy rich,trash talk,non-harmful,Slang
501,train,猎奇,指追求新奇、怪异、特殊或刺激的事物。,"This term refers to the pursuit of strange, bizarre, unusual, or shocking things, especially a fascination with experiences, images, stories, or content that feel novel, weird, extreme, or unsettling.",bizarre curiosity,hunting strange,curiosity,weird content,non-harmful,Stylistic device
502,train,王炸,形容隐藏到最后、具有重磅效果的人、事或反转。,"It describes a trump-card moment or heavy-hitting reveal saved for last, where a person, event, or twist is held back until the end for maximum impact.",trump card,king bomb,ace card,big reveal,non-harmful,Stylistic device
503,train,包浆视频,指被多次转载、叠满水印、画质模糊但很魔性的视频。,"A repeatedly reposted low-quality video covered in stacked watermarks, often blurry and degraded from countless shares but still strangely catchy or mesmerizing to watch.",crusty repost,patina video,reposted video,blurry meme,non-harmful,Stylistic device
504,train,流里流气,形容人举止轻浮、不端正、像混混。,"It describes someone whose behavior, manner, or appearance comes across as sleazy, delinquent, unserious, and lacking proper self-discipline or respectability.",sleazy and hoodlum-like,flowing vibe,gangster rap style,flirty and unserious,harmful,Slang
505,train,武则天守寡,歇后语谐音“失去李治”，意为失去理智。,"A punny saying meaning someone has lost their mind or reason, used to describe a person acting irrationally, losing judgment, or behaving as if they no longer have any sense.",lost their mind,Wu Zetian became a widow,the queen lost her crown,made a bad decision,non-harmful,Homophonic pun
506,test,社交稀土,形容社交场合中别人都很潮，只有自己很土，像稀有的“土”。,"It is a self-mocking way to describe feeling unfashionable, awkward, and out of place in social settings where everyone else seems stylish, trendy, or socially polished.",the uncool odd one out in a trendy crowd,social rare earth,a rare-earth element,bad at networking,non-harmful,Stylistic device
507,train,柠檬姐妹,指闺蜜间互相盼对方暴富包养自己未果，只好一起酸别人。,"Lemon sisters"" jokingly describes close friends who hope one of them will become rich and support the other, but when that fails, they end up envying other people together.",envious besties,lemon sisters,when life gives you lemons,frenemies,non-harmful,Stylistic device
508,train,屁话海王,形容把鸡毛蒜皮的小事发给大量好友、到处聊天的人。,"A “trivial nonsense player” is someone who constantly sends petty, meaningless updates or chatter to many friends at once, acting like a mass-chatting flirt who spreads pointless conversation everywhere.",nonsense spammer,nonsense sea king,oversharer,spam texter,non-harmful,Stylistic device
509,train,那你报警吧,表示不想继续争辩，有本事就报警，带摆烂和拒绝沟通意味。,"A dismissive phrase meaning stop arguing and call the police if you really care, used to shut down further debate with an attitude of giving up, refusing to engage, or daring the other person to escalate.","go ahead, call the cops",then sound the alarm,take it to Judge Judy,"whatever, I'm done arguing",non-harmful,Experience
510,train,特种兵式旅游,指在很短时间内高强度打卡多个景点、挑战体力极限的旅游方式。,"A high-intensity travel style that crams many attractions into a short time, often involving rushed check-ins at multiple sights and pushing one’s physical stamina to the limit.",commando-style travel,special forces travel,speed tourism,packed itinerary,non-harmful,Experience
511,train,放闪,台湾网络用语，指情侣公开秀恩爱、展示甜蜜互动。,"To publicly show off romantic affection or couple intimacy, especially when a couple displays sweet, affectionate interactions in front of others or online.",public display of affection (PDA),flash light,humblebrag,post a couple selfie,non-harmful,Slang
512,train,捡尸,指趁他人醉酒、昏迷或失去意识时将其带走并实施性侵害的违法犯罪行为。,"This term refers to the criminal act of taking advantage of someone who is drunk, unconscious, or otherwise incapacitated in order to sexually assault or exploit them.",assaulting an incapacitated person,picking up a corpse,taking someone home,hookup,non-harmful,Stylistic device
513,train,扩列,“扩展好友列表”的简称，指想加好友、交朋友、拓展社交关系。,"Kuolie"" is youth slang for wanting to add new friends, meet people, or expand one’s social contact list, often used when someone is openly looking to broaden their social circle.",looking to add new friends,expand columns,networking event,follow me back,non-harmful,Abbreviation
514,train,k48,谐音梗，意思是“快死吧”，属于带死亡诅咒意味的攻击性表达。,"k48"" is a homophonic coded insult used online to express a hostile death wish, essentially telling someone to die soon while disguising the attack in a shortened meme-like form.",go die soon,K48,hurry up,go away,harmful,Homophonic pun
515,train,机械飞升,指将身体机械化、意识数据化或通过技术超越肉身限制的想象。,"It refers to a sci-fi fantasy of surpassing the limits of the human body by replacing flesh with cybernetics, mechanizing oneself, or uploading consciousness into a digital form.",synthetic ascension,machine flying upward,deus ex machina,biohacking,non-harmful,Stylistic device
516,test,劲夫,源于现实事件与游戏角色联想，网络中常指《英雄联盟》腕豪瑟提，也可指强势、能打的女性形象。,"This meme nickname evokes a strong fighter archetype, often used for the League of Legends champion Sett or, by extension, a tough, dominant woman who seems powerful and ready to fight.",fighter archetype,strong husband,boxer,tough girl,non-harmful,Quotation
517,test,很润,出自影视台词，形容女性漂亮、皮肤细腻水嫩，带有凝视和调侃意味。,"A teasing compliment implying a woman looks smooth-skinned, attractive, and delicate, often with a playful or objectifying gaze that comments on her soft, fresh, and refined appearance.",smooth and attractive,very moist,pretty woman,smooth skin,non-harmful,Quotation
518,train,彳亍,原意为徘徊、犹豫不定，网络中也常被当作“行吧”的拆字式表达。,"This playful written form means “okay” or “fine,” often carrying a tone of reluctant agreement, hesitant acceptance, or going along with something after some uncertainty.","fine, I guess",walking slowly,walk of shame,let me think,non-harmful,Homophonic pun
519,train,ban,电竞术语，表示在竞技游戏中禁用某个英雄、角色、地图或选项。,"In competitive gaming, “ban” means to prohibit or disable a specific character, hero, map, or option so that it cannot be selected or used during a match.",ban,class,cancel,nerf,non-harmful,Abbreviation
520,train,越共,原指越南游击队，网络中常用来形容极善于隐蔽、突然出现或与环境融为一体的人。,"This meme label describes someone who is hidden or blended into the environment so well that they seem to suddenly appear out of nowhere, often with a stealthy or ambush-like effect.",hidden ambusher,Viet Cong,guerrilla,camper,non-harmful,Stylistic device
521,train,运费过敏,指网购时看到商品要收运费就产生强烈抗拒，好像过敏一样。,"It describes an aversion to paying shipping fees when shopping online, where a shopper strongly resists or loses interest as soon as they see that delivery is not free.",allergic to shipping fees,shipping allergy,free shipping,delivery fee,non-harmful,Stylistic device
522,train,赢麻了,表示赢得太多、优势太大，以至于已经习惯甚至麻木。,"It describes winning so often or having such a large advantage that victory no longer feels exciting, as one has become numb to winning.",winning too hard,won numb,winning streak,easy win,non-harmful,Stylistic device
523,train,小布尔乔亚,bourgeoisie 的音译，网络中常指有一定财富、品味和小资情调的中产或资产阶级群体，常带贬义。,"A mildly derogatory label for petty-bourgeois or middle-class people whose lifestyle emphasizes comfort, taste, modest wealth, and refined cultural preferences, often implying pretension or affected sophistication.",petty bourgeois,little bourgeois,middle class,yuppie,non-harmful,Homophonic pun
524,train,罕见,“汉奸”的谐音梗，用来骂人背叛本民族或立场不忠。,"It is a coded insult accusing someone of betrayal or being a traitor, often used online to attack a person as disloyal to their own group, nation, or stated position.",national traitor,rare sight,weeb,flip-flopper,harmful,Homophonic pun
525,test,换蛋期,网友虚构的成人笑话梗，调侃所谓男性生理周期，并非真实生理概念。,"It refers to a fabricated adult joke about a fake male biological cycle, used online to humorously mock the idea that men have a periodic physical phase like a biological rhythm.",fake male biological cycle,egg-changing period,puberty,man flu,non-harmful,Stylistic device
526,train,雄竞,指男性之间为了获得女性青睐、地位或资源而进行的竞争。,"It describes male competition for attention, status, mates, or approval, especially rivalry among men to gain women’s favor, social position, resources, or validation.",male competition,hero contest,alpha wolf hierarchy,one-upmanship,non-harmful,Abbreviation
527,test,雌竞,指女性之间围绕外貌、关系、资源或男性注意力展开的竞争。,"It refers to competition among women over appearance, social status, approval, resources, relationships, or romantic attention, often highlighting rivalry shaped by social expectations and comparisons.",female competition,female contest,rivalry,catfight,non-harmful,Abbreviation
528,train,蹲蹲,常用于评论区，表示蹲在这里等待答案、后续、资源或更新。,"“Dun dun” means staying in a comment thread to wait for an answer, update, resource, or follow-up, like marking your spot and hoping someone will return with more information.",waiting for updates,squat here,waiting,follow,non-harmful,Stylistic device
529,train,阿达西,维吾尔语中指哥们儿、兄弟、密友，多用于男性之间较亲近的称呼。,"“Ahdaxi” is a Uyghur term of address meaning bro, buddy, or close male friend, typically used as an affectionate or familiar way for men to refer to one another.",bro,Adaxi,senpai,acquaintance,non-harmful,Homophonic pun
530,train,打火机烧杯子,由“烧杯”谐音引申出的骂人梗，可表示愚蠢或对女性的粗俗性羞辱。,"This phrase is a coded vulgar insult based on wordplay, used to call someone an idiot or, depending on context, to make a misogynistic sexual slur against a woman.",coded vulgar insult,lighter burns cup,beaker,idiot,harmful,Homophonic pun
531,test,攒劲,方言词，网络中常表示有本事、有能力、很厉害，用于赞扬人或事物。,"This dialect-based compliment is used online to praise a person or thing as capable, impressive, powerful, or excellent, suggesting they have real skill or are especially good.",impressive,save up energy,having guanxi,hardworking,non-harmful,Slang
532,train,扯把子,四川、重庆方言，指闲聊、吹牛、说不着边际的话，也可指说谎。,"A Sichuan-Chongqing dialect phrase meaning to chat nonsense, brag, or lie, often used when someone is rambling, exaggerating, talking without substance, or making things up.",talking nonsense,pull handle,small talk,bragging,non-harmful,Slang
533,train,冲壳子,四川方言，指聊天吹牛、说大话、摆龙门阵。,"This Sichuan dialect phrase refers to casually chatting, telling exaggerated stories, boasting, or talking big, often in the style of lively informal conversation or banter.",shoot the breeze and talk big,rush shell,spill the tea,trash talk,non-harmful,Slang
534,train,去小树林,指情侣去隐蔽地方幽会或进行亲密、成人向活动。,"It is a euphemism for couples going somewhere private, secluded, or hidden so they can meet romantically and engage in intimate or sexual activity away from others.",sneak off for intimacy,go to the small woods,secret date,make out,non-harmful,Stylistic device
535,test,帅呆了,表示非常帅、非常漂亮、非常酷，用于赞叹人或事物。,"It is an enthusiastic compliment used to praise a person or thing as extremely handsome, cool, stylish, beautiful, or impressive.",super cool,handsome and stunned,cool as a cucumber,pretty good,non-harmful,Slang
536,train,酷毙了,表示非常酷、非常厉害、很有吸引力，是强烈赞美。,"It is an enthusiastic compliment used to say that someone or something is extremely cool, awesome, impressive, or highly attractive in a strongly admiring way.",super cool,cool to death,killer app,not bad,non-harmful,Slang
537,train,剑纯行为,源自游戏圈，指不解风情、直男式、缺乏浪漫感或情商较低的行为。,"It describes behavior seen as clueless, unromantic, emotionally awkward, or stereotypically straight-guy-like, especially when someone fails to read the mood or respond with sensitivity in a romantic or social situation.",clueless straight-guy behavior,sword purity behavior,straight man behavior,clueless guy,harmful,Quotation
538,test,开后宫,ACGN语境中指一个男性角色被多个女性角色围绕、爱慕或追求。,"It describes a harem trope in ACGN stories where one male character is surrounded, admired, or pursued romantically by multiple female characters.",build a harem,open palace,many girlfriends,love triangle,non-harmful,Stylistic device
539,train,掉马,“掉马甲”的简称，指隐藏身份、账号或伪装被曝光。,"It means to have one’s hidden identity, alias, or alternate account exposed, especially when someone’s disguise, persona, or separate online account is revealed to others.",hidden identity exposed,horse dropped,identity theft,called out,non-harmful,Abbreviation
540,train,玩火,比喻做冒险、危险或可能伤害他人的事。,"To “play with fire” means to engage in risky, dangerous, or harmful behavior, especially actions that could backfire, cause trouble, or hurt oneself or other people.",playing with fire,playing with actual flames,fight fire with fire,taking a calculated risk,non-harmful,Stylistic device
541,train,赶due,中英混合表达，指赶在截止日期前完成任务、作业或项目。,"Gan due"" is a mixed Chinese-English slang expression meaning to rush through work, homework, or a project in order to finish it before a deadline.",rush to meet a deadline,chase due,due diligence,cramming for an exam,non-harmful,Homophonic pun
542,train,研究僧,“研究生”的谐音梗，调侃读研期间专注学习、写作、科研的学生。,"A punny nickname for graduate students absorbed in study and research, jokingly portraying them as people consumed by coursework, writing, experiments, and academic labor during postgraduate life.",research monk,a monk doing research,salaryman,overworked academic,non-harmful,Homophonic pun
543,train,雏鸟情节,指像雏鸟印刻一样，对生命中最早出现的重要异性产生特殊依恋或好感。,"An imprinting-like attachment or attraction to the first important person one encounters, often describing a special affection or dependence formed toward an early significant figure in one’s life.",imprinting attachment,fledgling complex,Oedipus complex,puppy love,non-harmful,Quotation
544,train,男默女笑,“男生看了沉默，女生看了发笑”的缩写，用于描述性别视角差异下的搞笑或反讽内容。,"It describes content that produces a gendered reaction: men fall silent while women laugh at the same joke, situation, or ironic observation because they read it from different perspectives.",men go silent while women laugh,silent men and laughing women,battle of the sexes,women get the joke,non-harmful,Abbreviation
545,train,男默女泪,“男生看了会沉默，女生看了会流泪”的缩写，多用于情感或爱情故事。,"This phrase means that after reading or seeing something deeply emotional, especially a romantic or relationship story, men are left silent while women are moved to tears.",so moving that men fall silent and women tear up,"men keep quiet, women cry for help",chick flick,emotional relationship drama,non-harmful,Abbreviation
546,train,三分伴侣,指关系起初并不完全合拍，但通过磨合逐渐改善和发展的伴侣关系。,"A romantic relationship that becomes better through gradual adjustment and compromise, especially when two partners are not perfectly compatible at first but grow closer by adapting to each other over time.",a relationship that grows through compromise,three-point partner,better half,opposites attract,non-harmful,Stylistic device
547,train,你忙吧我吃柠檬,由粗口缩写伪装而来的句子，表面像吃柠檬，实则是隐蔽骂人。,"This phrase is a disguised profanity that appears harmless on the surface, like someone casually saying they are eating lemons, but actually hides an insult through its initials.",disguised profanity,go eat lemons,when life gives you lemons,sarcastic insult,harmful,Homophonic pun
548,train,知三当三,指明知对方有伴侣或自己是第三者，仍主动插足感情关系。,"It describes knowingly becoming or remaining the third party in someone else’s relationship, actively interfering in a romantic partnership despite being aware that the other person already has a partner.",knowingly being the third party in a relationship,know three be three,third wheel,having a crush on someone taken,harmful,Abbreviation
549,train,456,数字暗语，按五线谱读作“fa sao la”，常用于表示发骚或性化挑逗意味。,"“456” is a numeric code used as a sexualized hint meaning someone is acting flirtatious or horny, based on a playful sound reading that suggests teasing, provocative, or sexually suggestive behavior.",horny code,four five six,music notes,flirting,harmful,Homophonic pun
550,train,铲里以贰寺,四川方言“铲你一耳屎”的谐音，意思是扇你一巴掌、打你耳光，多用于警告或威胁。,"This dialect-based phrase is a joking or threatening way to say someone will slap another person across the face, often used as a warning or mock intimidation.",slap you,shovel you twice,slap warning,hit you,harmful,Homophonic pun
551,train,满嘴跑火车,形容一个人说大话、吹牛、信口开河、不靠谱。,"It describes someone who talks nonsense, boasts wildly, or makes unreliable claims, often speaking carelessly and exaggerating so much that their words cannot be trusted.",full of bullshit,trains running in the mouth,shoot the breeze,tell white lies,harmful,Slang
552,train,海的味道我知道,带成人暗示的污梗，常用于影射女性身体某处气味。,"This phrase is a sexual innuendo referring to intimate body odor, used as a crude joke to suggest familiarity with the smell of a woman’s private parts.",sexual smell innuendo,taste of the sea,salty smell,dirty joke,harmful,Stylistic device
553,train,你永远叫不醒一个装睡的人,指无法改变一个本来就不想改变、不愿面对事实的人。,"It means that one cannot convince someone who deliberately refuses to face the truth, because they have chosen denial or resistance rather than genuine misunderstanding.",you cannot wake someone pretending to sleep,cannot wake a sleeper,willful ignorance,stubborn person,non-harmful,Slang
554,train,童鞋,“同学”的谐音，常用于网络上亲切或调侃地称呼同学们。,"The term is a playful homophone used online to warmly or jokingly address classmates or fellow students, often with a casual, affectionate tone among peers.",classmates,children's shoes,senpai,folks,non-harmful,Homophonic pun
555,train,我也是醉了,表达对无法理喻、无力吐槽的人或事感到无奈、郁闷、无语。,"A phrase expressing speechless frustration, disbelief, or helpless exasperation, used when someone finds a person or situation so unreasonable, annoying, or absurd that they feel too helpless or weary to respond.",I can't even,I am drunk too,hold my beer,that's hilarious,non-harmful,Experience
556,train,414,数字谐音“试一试”，表示尝试一下、去试试看。,"“414” is a numeric pun used to mean “give it a try,” suggesting that someone should attempt something, test it out, or see whether it works in practice.",give it a try,four one four,break a leg,trial and error,non-harmful,Homophonic pun
557,train,报一丝,“不好意思”的快读谐音，表示抱歉、不好意思。,"It is a playful phonetic way to say sorry or excuse me, used to express apology, embarrassment, or mild awkwardness in a lighthearted internet-slang tone.",playful sorry,report one thread,bless your heart,awkward turtle,non-harmful,Homophonic pun
558,train,小蓝施,云南方言“小烂屎”的变体，常用于贬低游手好闲、道德欠佳的女性。,"A regional misogynistic insult used to demean a woman by portraying her as idle, morally deficient, or sexually promiscuous.",regional misogynistic slur,little blue thing,Karen,lazybones,harmful,Homophonic pun
559,train,钞能力,“超能力”的变体，指用钱解决问题的能力，形容特别有钱。,"This meme refers to the power of money to solve problems or buy influence, jokingly treating wealth as a kind of superpower that lets someone overcome obstacles through spending.",money superpower,money power,rich privilege,buying power,non-harmful,Homophonic pun
560,train,凤凰男,指出身贫寒但通过读书、奋斗进入城市和较高阶层的男性，常带复杂婚恋评价。,"A man from a poor rural background who rises through education and work but carries class-related tensions, especially in urban relationships where family expectations, status differences, and marriage pressures are judged ambivalently.",upwardly mobile rural man,phoenix man,self-made man,rural striver,harmful,Stylistic device
561,train,光脚的不怕穿鞋的,指一无所有的人没有顾虑，敢和有身份、有财产的人对抗。,"It means that those with nothing to lose are less afraid of consequences, so people with no status or possessions may dare to confront those who have wealth, position, or security.",nothing-to-lose mindset,barefoot people fear no shoes,Achilles' heel,reckless underdog,non-harmful,Slang
562,train,上岸,网络语中可指考公考编成功、达成目标，也可指脱离不良状态、回归稳定。,"The meme means successfully achieving a major goal, such as passing a competitive exam or securing a stable position, and can also refer to escaping a difficult or unhealthy situation and returning to stability.",make it,go ashore,pass the exam,escape trouble,non-harmful,Stylistic device
563,test,小学鸡,形容行为幼稚、心智不成熟、像小学生一样的人，带贬义或调侃。,"A derogatory or teasing label for someone childish and immature, especially someone whose behavior or mindset seems petty, naive, or emotionally underdeveloped like a young schoolchild.",childish immature brat,primary school chicken,teacher's pet,naive newbie,harmful,Stylistic device
564,train,针不戳,“真不错”的谐音梗，表示很好、不错，常带搞笑语气。,"This playful homophone means “really nice” or “pretty good,” often used in a light, joking tone to praise something while making the compliment sound more humorous or meme-like.",really noice,needle not poke,bless your heart,nice try,non-harmful,Homophonic pun
565,train,宝批龙,四川、重庆方言，骂人傻瓜、傻子。,"This Sichuan-Chongqing dialect insult is used to call someone a fool or idiot, often expressing contempt for a person seen as stupid, clueless, or foolish.",idiot,treasure dragon,Sichuan hotpot master,jerk,harmful,Slang
566,train,多少米,网络语中“米”代指钱，意思是多少钱。,"This slang expression uses “rice” as a playful stand-in for money, so it is a casual way to ask how much something costs or what price someone is charging.",how much does it cost,how many meters,rice money,what's your budget,non-harmful,Stylistic device
567,train,金丝雀,比喻依附男性、被供养、过着优渥生活但缺乏独立性的女性。,"A metaphor for a woman who is financially kept by a man, living comfortably and materially well while lacking independence and remaining dependent on his support.",kept woman,canary,canary in a coal mine,trophy girlfriend,harmful,Stylistic device
568,train,蓝朋友,“男朋友”的谐音，也可泛指男性伴侣或亲密男性朋友。,"This term is a playful homophone used to mean a boyfriend, male partner, or sometimes a close male friend, often with a cute or affectionate tone.",boyfriend or male partner,blue friend,feeling blue,wingman,non-harmful,Homophonic pun
569,train,白月光,指未曾真正得到、因距离和遗憾而显得格外美好纯洁的人或事物。,"It refers to an idealized, unattainable love or memory that feels especially pure and beautiful because it was never truly possessed and is intensified by longing, distance, and regret.",unattainable ideal,white moonlight,first love,ideal lover,non-harmful,Quotation
570,train,恋爱脑,指把恋爱和恋人放在第一位，容易失去自我判断的人。,"Someone with a ""love brain"" is a person who puts romance and their partner above everything else, often becoming so absorbed in love that they lose self-awareness and sound judgment.",love-addled,love brain,hopeless romantic,obsessed lover,non-harmful,Stylistic device
571,train,9494,数字谐音“就是就是”，表示附和、赞同别人。,"The term is a numeric pun meaning “exactly,” “yes,” or “that’s right,” used to echo someone else’s point and show agreement, affirmation, or supportive approval in casual online conversation.",that’s right,nine four nine four,404 not found,fair enough,non-harmful,Homophonic pun
572,test,铁汁萌,“铁子们”的方言谐音，意思是老铁们、兄弟们、朋友们。,"Tezhimeng"" is a dialect-style friendly address for buddies, bros, or friends, used casually to call out to close companions or an audience in a warm, familiar way.",hey bros,iron juice cuties,squad goals,followers,non-harmful,Homophonic pun
573,train,香泥乐铁汁,“想你了铁汁”的谐音，是一种土味情话，表示想你了兄弟或亲密对象。,"A cheesy phonetic meme phrase used like a rustic pickup line to say “I miss you,” usually addressed affectionately to a bro, close friend, or dear intimate person.","miss you, bro",fragrant mud joy bro,miss you,cheesy line,non-harmful,Homophonic pun
574,train,铁汁,东北话“铁子”的谐音，指老铁、兄弟、哥们儿。,"This is a dialect-style friendly term used to address someone like a bro, buddy, mate, or close friend, often carrying a casual, familiar, and warm tone.",bro,iron juice,senpai,wingman,non-harmful,Homophonic pun
575,test,灵魂拷问,指直击内心、令人难以回答或左右为难的问题。,"A deeply uncomfortable question that forces someone to confront the truth, often cutting straight to an issue the person would rather avoid and leaving them unsure how to answer.",soul-searching question,soul interrogation,hard question,deep question,non-harmful,Stylistic device
576,train,赶脚,“感觉”的方言化谐音，用于搞笑表达“感觉”。,"A playful dialectal pun meaning “feeling” or “impression,” used humorously online to make an ordinary expression sound more casual, regional, or silly.",a playful way to say feeling,rushing feet,feet don't fail me now,catch a vibe,non-harmful,Homophonic pun
577,train,重开,原指游戏重新开始，网络中也可暗指想重新投胎或自我伤害相关表达。,"Restart"" originally means starting a game over, but online it can also be used darkly to suggest wanting to reset one's life, including implications of rebirth or self-harm.",reset one's life,reopen,remake,rage quit,non-harmful,Stylistic device
578,train,仙女局,指全是女生或女生占比很高的聚会。,"It refers to a social gathering where all the participants, or the overwhelming majority of them, are girls, often highlighting the group’s distinctly female makeup.",all-girls gathering,fairy gathering,bachelor party,friend group meetup,non-harmful,Stylistic device
579,train,处cp,指两人尝试组成恋爱关系、搭档关系或情侣式配对。,"It means to form or try out a romantic pairing or couple-like relationship, where two people attempt to become a couple, act like partners, or test whether they fit together in a relationship-like way.",try being a couple,handle CP,ship a celebrity couple,go on a date,non-harmful,Abbreviation
580,train,仙人跳,指用色诱方式设局骗财、威胁或敲诈他人的圈套。,"A honey trap involving seduction followed by extortion or blackmail, where someone is lured into a sexual or romantic setup and then threatened, scammed, or coerced for money.",sexual blackmail trap,immortal jump,jumping the shark,catfishing scam,non-harmful,Slang
581,train,半场开香槟,指比赛或事情还没结束就提前庆祝，最后可能被翻盘打脸。,"It means celebrating too early before a match, contest, or situation is truly won, only to risk a reversal that makes the premature confidence look foolish.",celebrate too soon,halftime champagne toast,Monday-morning quarterbacking,jinx the result,non-harmful,Quotation
582,train,孝死我了,“笑死我了”的谐音，常用于讽刺所谓“大孝子”或不真孝顺的搞笑行为。,"This phrase is a pun meaning “it made me die of filial piety,” used to mock exaggerated, performative, or ironically fake displays of being a dutiful child.",performative filial piety,obedient until death,OK boomer,teacher's pet,non-harmful,Homophonic pun
583,test,气抖冷,缩写自“气得发抖、全身冷汗”，用于夸张表达愤怒或讽刺式愤怒。,"“Shaking with anger” is an exaggerated expression for being so furious that one trembles and breaks into a cold sweat, often used sarcastically to mock performative outrage.",shaking with rage,angry shaking cold,furious,outrage,non-harmful,Abbreviation
584,train,人在家中坐锅从天上来,指自己什么都没做却莫名背锅，类似躺着也中枪。,"It means being suddenly and unfairly blamed for something out of nowhere, even though you did nothing to cause it and were not involved in the situation.",unfairly blamed out of nowhere,a pot falls from the sky,skeletons in the closet,caught in the crossfire,non-harmful,Experience
585,train,心巴,“上巴”的衍生词，可理解为心脏、心动点，常指某人某物戳中心动感觉。,"This cute slang term refers to the tender spot in someone’s heart that gets struck when a person or thing feels especially attractive, moving, or heart-fluttering.",hit me in the heart,heart bar,heartstrings,crush moment,non-harmful,Experience
586,train,鸡优恩,“gun”的拆音梗，意思是“滚”，用于骂人走开。,"This term is a spelling-based coded insult that sounds like a rude command telling someone to go away, used to tell a person to get lost or leave immediately.",get lost,G U N,go away,leave,harmful,Homophonic pun
587,train,哥屋恩,“gun”的拆音梗，意思是“滚”，用于骂人走开。,This spelling-based coded insult mimics the sound of a harsher command and is used to tell someone rudely to go away or get lost.,get lost,brother house kindness,gun meme,please leave,harmful,Homophonic pun
588,train,handhandsloudlouds,“旱的旱死，涝的涝死”的英文空耳梗，形容资源或机会分配极不均。,"“handhandsloudlouds” is a phonetic meme used to describe extreme inequality in resources or opportunities, where some people have far too little while others have far too much.",extreme inequality in resources and opportunities,hand hands loud louds,raining cats and dogs,unfair treatment,non-harmful,Homophonic pun
589,train,旱的旱死涝的涝死,字面指旱处旱死、涝处涝死，网络中形容机会、资源、桃花等极端不均。,"This saying describes extreme inequality in opportunities, resources, romance, or luck, where some people have almost nothing while others have far more than they need.",some have too much while others have nothing,dying of drought or drowning in flood,"when it rains, it pours",all-or-nothing situation,non-harmful,Slang
590,train,不扶墙就服你,“墙都不扶就服你”的缩略，表示对对方佩服，也可用于讽刺。,"This phrase expresses that someone is so impressive, outrageous, or unbelievable that the speaker “has to admire them,” often sincerely but also commonly with sarcastic disbelief.",I have to hand it to you,I won't hold up the wall,bless your heart,that's unbelievable,non-harmful,Slang
591,train,贩剑,“犯贱”的谐音，委婉骂人自讨没趣、低贱或作贱自己。,"This homophonic insult is used to say that someone is acting in a self-degrading way, bringing humiliation on themselves, or deliberately asking for trouble through foolish or debasing behavior.",degrading yourself and asking for trouble,selling swords,being a cheapskate,playing the victim,harmful,Homophonic pun
592,train,乔峰,“瞧峰”的谐音，指盯着女性胸部看的人。,"This meme uses a coded pun to describe someone who is staring at a woman’s chest, usually implying a leering or inappropriate gaze disguised through wordplay.",chest-staring creep,Qiao Feng,stare at peaks,creep,harmful,Homophonic pun
593,train,拖孩,西南方言中“拖鞋”的发音写法，指拖鞋。,"“Tuohai” is a Southwestern Chinese dialectal spelling for “tuoxie,” meaning slippers or flip-flops, typically referring simply to casual slip-on footwear worn at home or in informal settings.",slippers,dragging child,Cinderella's glass slipper,sandals,non-harmful,Homophonic pun
594,train,钓凯子,指女性寻找有钱男性或“金龟婿”，常带功利或贬义。,"It refers to a woman deliberately pursuing a wealthy man for money, social status, or marriage, often with a calculating or derogatory implication.",gold digging,fishing for Kaizi,trophy wife,dating a rich boyfriend,harmful,Slang
595,test,爆肝,网络语中指熬夜、高强度玩游戏或赶任务，累到伤肝。,"To ""grind intensely"" means to push through games, work, or urgent tasks with exhausting effort, often by staying up late or sacrificing sleep until it feels physically draining.",grind intensely until exhausted,liver explosion,touch grass,work overtime,non-harmful,Experience
596,train,黑凤梨,粤语“喜欢你”的谐音，常用于表达喜欢你。,"“Black pineapple” is a Cantonese phonetic pun that sounds like “I like you,” used playfully online to express affection or say that someone likes another person.",I like you,black pineapple,pineapple bun,love song,non-harmful,Homophonic pun
597,train,毒鸡汤,表面像励志鸡汤，实际空洞、有害、误导或暗藏营销套路的内容。,"It refers to motivational-sounding content that appears inspirational on the surface but is actually empty, harmful, misleading, or manipulative, often pushing shallow advice or hidden marketing agendas.",toxic positivity,toxic chicken soup,fake motivation,bad advice,non-harmful,Stylistic device
598,train,秃露反帐,东北方言，形容说话办事不利索、没条理、反复无常、容易反悔。,"A northeastern dialect phrase describing someone whose speech or actions are messy, disorganized, inconsistent, unreliable, or prone to changing their mind and backtracking.",disorganized and prone to backtracking,bald exposed account,pulling a fast one,talking in circles,harmful,Slang
599,test,酸萝卜别吃,“son of a bitch”的中文音译梗，是骂人的粗口。,"This meme phrase is a phonetic rendering of an English profanity, used as a crude insult that imitates the sound of “son of a bitch” rather than carrying a literal food-related meaning.",son of a bitch,sour radish do not eat,English curse,insult,harmful,Homophonic pun
600,train,理中客,“理性、中立、客观”的缩写，常讽刺表面中立但实际冷漠或偏颇的人。,"A sarcastic label for someone claiming to be rational, neutral, and objective, often implying that their supposed fairness is actually cold, detached, or biased in a way that avoids taking a clear moral position.",performatively neutral both-sideser,rational-neutral-objective person,Swiss neutrality,devil's advocate,harmful,Abbreviation
601,train,蚌埠住了,“绷不住了”的谐音，表示情绪撑不住，可能想哭、想笑或被冲击到。,"A homophone meaning one cannot hold it together emotionally, used when someone is so overwhelmed, shocked, amused, or moved that they can no longer keep their reaction under control.",can’t hold it together,Bengbu cannot hold,can’t hold it,burst out laughing,non-harmful,Homophonic pun
602,test,四斋蒸鹅心,“死宅真恶心”的谐音，表面像菜名，实际是骂宅男恶心。,"This phrase is a homophonic insult disguised as the name of a dish, used to mock or condemn otaku by implying that they are disgusting.",disgusting otaku,four vegetarian steamed goose heart,fake dish,otaku insult,harmful,Homophonic pun
603,train,打直球,指在恋爱或交流中直接表达喜欢、不玩暧昧、不绕弯子。,"To “throw a straight ball” means to express one’s feelings directly and clearly without ambiguity or coy hints, especially in romantic situations where someone openly shows interest instead of playing vague or indirect games.",be upfront about your feelings,hit a straight ball,throw a curveball,play hard to get,non-harmful,Stylistic device
604,train,假期综合症,指长假后难以回归正常作息、学习或工作状态的不适感。,"“Post-holiday syndrome” describes the difficulty of readjusting to work, study, normal schedules, or everyday routines after a long holiday, often with lingering discomfort, low energy, or resistance to getting back on track.",post-holiday syndrome,holiday syndrome,winter blues,Monday blues,non-harmful,Experience
605,test,快落,“快乐”的可爱或方言化说法，表示开心。,"Kuai le"" is a cute or dialectal way to say happy, used to express joy, cheerfulness, or a lighthearted feeling of being pleased.",cutesy happy,fast fall,kawaii,cheer up,non-harmful,Homophonic pun
606,test,庭有枇杷树,借古文句式伪装的脏话，实际用于代指母亲相关恶毒咒骂。,"This phrase is used as a classical-looking coded insult, disguising a vicious mother-directed curse behind the style of an old literary expression.",coded mother curse,loquat tree in the yard,classical quote,hidden curse,harmful,Homophonic pun
607,train,尼美舒利,药名被借作谐音替代，用来规避平台识别，实际代指母亲相关脏话。,"This medicine name is used as a homophonic coded substitute to evade platform moderation, while actually referring to a profanity directed at someone’s mother.",coded mother profanity,nimesulide,medicine,hidden curse,harmful,Homophonic pun
608,train,深井冰,“神经病”的谐音，指疯癫、不正常或让人无语的人，带贬义。,"A homophonic insult meaning crazy, unhinged, or mentally abnormal, used disparagingly to mock someone who seems irrational, bizarre, mentally unstable, or so unreasonable that others are left speechless.",nutcase,deep well ice,snowflake,cringe lord,harmful,Homophonic pun
609,train,大弧蝶,“反射弧很长”的谐音梗，指回消息慢、反应迟钝的人。,"This pun describes someone whose reaction comes very late or who replies slowly, implying they take a long time to process what happened or respond to a message.",slow to react or reply,big arc butterfly,social butterfly,procrastinator,harmful,Homophonic pun
610,train,歪脖子树,比喻长相不好、没出息或不成材的人，常带贬义。,"A derogatory metaphor for someone seen as unattractive, useless, or unpromising, implying that the person is flawed, lacks potential, or is unlikely to amount to anything.",a hopeless good-for-nothing,crooked-neck tree,black sheep,ugly duckling,harmful,Stylistic device
611,train,泥奏凯,“你走开”的谐音，意思是走开、别烦我。,"It is a playful phonetic expression used to tell someone to go away or stop bothering you, often with a joking or teasing tone rather than serious hostility.","shoo, go away",mud plays triumph,"no way, José",stop messing around,non-harmful,Homophonic pun
612,train,意满离,“心满意足地离开”的缩写，表示看完内容很满足，可以退出了。,"It means leaving a post or comment section feeling fully satisfied because you found exactly the content, answer, joke, or reaction you were hoping to see.",leave satisfied,satisfied leave,leave happy,content exit,non-harmful,Abbreviation
613,train,吃土,指花钱太多后穷到只能吃土，常用于购物后的自嘲。,"This meme jokingly means being so broke after spending too much money, especially after shopping, that one can only “eat dirt” as a form of self-mocking exaggeration.",broke after shopping,eat dirt,broke,overspent,non-harmful,Stylistic device
614,train,注孤生,“注定孤独终生”的缩写，调侃某人注定单身或孤独。,"A self-mocking or teasing phrase meaning destined to be alone forever, used to joke that someone’s personality, behavior, or romantic awkwardness makes them seem fated to stay single or lonely for life.",forever alone,destined lonely life,lonely planet,third wheel,harmful,Abbreviation
615,train,玉玉症,“抑郁症”的谐音，常用于调侃或讽刺假装抑郁的人，也有心理健康污名风险。,"A homophonic slang term involving depression, often used mockingly or dismissively toward people seen as pretending to be depressed, and it can carry a risk of stigmatizing mental health issues.",depression-mocking slang,jade syndrome,fake depression,mental health joke,harmful,Homophonic pun
616,test,肝游戏,指为了游戏成就、道具或任务长时间高强度游玩，常伴随熬夜。,"To grind a game intensely for rewards, achievements, or progress, usually by playing for long, high-effort sessions to complete tasks, earn items, unlock achievements, or advance quickly.",grind the game,liver game,grind game,gaming all night,non-harmful,Stylistic device
617,train,你在想屁吃,嘲讽别人想得太美、不切实际、白日做梦。,"A sarcastic phrase telling someone to stop fantasizing about something unrealistic, used to mock overly wishful thinking, impractical expectations, or daydreaming about outcomes that are clearly too good to be true.",dream on,thinking about eating farts,eat my dust,aim high,harmful,Stylistic device
618,train,盐系少年,指气质清淡、干净、瘦削、自然，有禁欲感的男生类型。,"It describes a clean, understated, slender, and restrained type of attractive young man, with a natural, fresh, low-key look and a quietly ascetic charm rather than an overtly flashy style.","clean, understated slender young man",salt boy,flower boy,soft boy,non-harmful,Stylistic device
619,test,帕秋莉go,谐音梗，表示“立正！注意！”一类口令式表达。,"This phonetic meme is used like a shouted command, humorously resembling an order to stand upright and pay attention, similar to a drill-style call for people to snap to attention.",Stand at attention!,Patchouli go,"Pokémon, go!",stand up straight,non-harmful,Homophonic pun
620,train,大聪明,表面夸人聪明，实际多为反讽某人不聪明、做事很蠢。,"“Big genius” is an ironic compliment used to mock someone who seems to be acting clever but is actually being foolish, making a dumb decision, or doing something in a ridiculous way.","Nice going, genius",big smart,mad scientist,know-it-all,harmful,Stylistic device
621,train,sqgg,“帅气哥哥”的拼音首字母缩写，常与plmm搭配使用。,"“sqgg” is an initial-letter abbreviation used online to refer to a handsome guy, often with the affectionate sense of an attractive older-brother type.",handsome older-brother type,SQGG initials,pretty girl online,nice guy,non-harmful,Abbreviation
622,train,plmm,“漂亮妹妹”的拼音首字母缩写，指漂亮女生。,"“plmm” is an acronym from Chinese pinyin used online to mean “pretty girl,” referring casually to an attractive young woman.",pretty girl,PLMM,pretty sister,cute girl,non-harmful,Abbreviation
623,train,ppmm,“漂漂美眉”的拼音缩写，意思是非常漂亮的女生。,"“ppmm” is an intensified pinyin-style abbreviation used online to refer to a very pretty girl, emphasizing that she is especially attractive or beautiful.",very pretty girl,PPMM,pretty pretty girl,beautiful girl,non-harmful,Abbreviation
624,train,私生饭,指侵犯明星私生活、跟踪、骚扰或干扰工作的极端粉丝。,"An obsessive fan who invades a celebrity’s private life by stalking, harassing, intruding on personal space, or disrupting the celebrity’s work and daily activities.",sasaeng fan,private fan,paparazzi,superfan,non-harmful,Abbreviation
625,train,入典,指某句话、行为或场面太搞笑、太离谱，可以成为经典。,"It means that a line, action, or scene is so funny, iconic, or absurd that it becomes meme-worthy and feels destined to be remembered as a classic reference.",become a classic,enter canon,iconic moment,meme classic,non-harmful,Stylistic device
626,train,典中典,指经典中的经典，可用于夸赞，也可用于讽刺老套。,"It describes something that is extremely classic, iconic, or stereotypically typical, either as sincere praise for a definitive example or as sarcastic criticism of something clichéd and predictable.",classic of classics,classic within classic,peak classic,textbook case,non-harmful,Stylistic device
627,train,你免费了,源自“you are free”，常表示你自由了、解脱了，也可带淘汰或放走意味。,"“You are free” is a translated meme phrase used to mean that someone has been released from a situation, set loose from pressure, or effectively eliminated and no longer involved.",you are free,you became free of charge,land of the free,you have free time,non-harmful,Homophonic pun
628,train,铜仁女,“同人女”的谐音，指喜欢或创作同人作品的女性群体。,"A homophonic term for women who enjoy or create fan works, referring to female fans who are especially interested in fan fiction, fan art, or other derivative creations based on existing media.",fanwork girl,copper woman,fangirl,fanfic girl,non-harmful,Homophonic pun
629,test,郭楠,“国男”的谐音贬称，用于攻击中国男性群体，具有群体歧视意味。,"The term is a derogatory homophonic label used to insult Chinese men as a group, carrying a discriminatory tone rather than referring to any specific individual or neutral identity.",derogatory slur against Chinese men,Guo Nan,Chinese man,sexist insult,harmful,Homophonic pun
630,test,蟹不肉,“shit bro”的中文音译，用于表达震惊、吐槽或“该死，兄弟”的语气。,"A phonetic rendering of an English exclamation meaning “damn, bro,” used to express shock, frustration, or a teasing complaint in a casual internet tone.",shit bro,crab has no meat,holy cow,bruh moment,non-harmful,Homophonic pun
631,train,头铁,指固执、倔强、不听劝，带贬义或调侃。,"It describes someone who is stubborn, reckless, or refusing to listen to advice, often with a teasing or negative tone toward their unwillingness to back down or consider warnings.",hardheaded,iron head,stiff upper lip,thick-skinned,non-harmful,Stylistic device
632,train,舅服你,“就服你”的谐音，用于表达佩服、震惊或调侃式服气。,"A playful homophone meaning I really admire you or I give in, used to express admiration, shock, or teasing acceptance when someone does something impressive, unexpected, or absurdly convincing.","you win, I'm impressed",uncle clothing,OK boomer,nice flex,non-harmful,Homophonic pun
633,train,你条粉肠,粤语轻度骂人话，类似“你这家伙”“你这小样”，侮辱性相对较弱。,"A Cantonese mild insult roughly meaning “you little punk” or “you rascal,” used to scold or tease someone with relatively weak hostility rather than as a severe personal attack.",you little rascal,rice noodle sausage,you lucky dog,you bastard,harmful,Slang
634,test,种草莓,指在脖子等部位留下吻痕。,"It means to leave a hickey on someone’s neck or skin, usually as a visible kiss mark from intimate contact.",give someone a hickey,plant strawberries,strawberry fields forever,make out,non-harmful,Stylistic device
635,train,doi,饭圈或网络用语，用“do”和“爱”的谐音指代发生性行为。,"“Doi” is a coded fandom and internet slang term that uses sound-alike wording to refer indirectly to having sex, often as a softer or more evasive way to discuss sexual activity.",have sex,do I,love,flirt online,non-harmful,Homophonic pun
636,train,集美们,“姐妹们”的谐音，亲昵称呼女性朋友或网友。,"This is a playful and affectionate way to address sisters, girls, female friends, or women online, similar to casually saying “girlfriends” or “ladies” in a friendly group setting.",girlies,collected beauties,sisters,girls,non-harmful,Homophonic pun
637,train,香翅捞饭,“想吃牢饭”的谐音，暗指想进监狱或做违法的事。,"It is a dish-name homophone used to imply that someone is asking to go to jail, usually by suggesting they are about to do something illegal or reckless.",asking for jail,chicken wing rice,jail food,criminal joke,non-harmful,Homophonic pun
638,train,香菜凤仁鸡,“想踩缝纫机”的谐音，暗指进监狱服刑劳动。,"This dish-like phrase is a homophone used to imply being sent to jail, specifically the prison-labor image of operating a sewing machine while serving a sentence.",serving time doing prison labor,cilantro chicken,Orange Is the New Black,sewing machine meme,non-harmful,Homophonic pun
639,train,香精煎鱼,“想进监狱”的谐音，常用于警告别人别做违法的事。,"“Fragrance essence fried fish” is a joke dish-name homophone for “wanting to go to prison,” used to warn someone that their planned action is illegal or could get them arrested.",go to prison,essence fried fish,jail warning,crime joke,non-harmful,Homophonic pun
640,train,苏珊,“速删”的谐音，意思是赶快删除。,"This homophone is used to tell someone to delete something quickly, usually implying that a post, message, or other content should be removed right away.",delete it ASAP,Susan,cancel culture,edit the post,non-harmful,Homophonic pun
641,train,荔枝,“理智”的谐音，常用于劝人冷静、保持理智。,"This term is a homophone used to mean rationality or staying calm, often appearing as a playful way to tell someone to cool down, think clearly, and remain reasonable.",stay rational,lychee,when life gives you lemons,think outside the box,non-harmful,Homophonic pun
642,train,谷得爆,“good ball”的中文谐音，表示好球。,"“Gu de bao” is a phonetic rendering of “good ball,” used to praise a well-played shot, move, or action in sports and games.",good ball,good explosion,slam dunk,good game,non-harmful,Homophonic pun
643,train,吃藕,“丑”的谐音，表示长得丑或不好看。,"This term is a homophonic appearance insult used to call someone ugly or unattractive, playing on a similar-sounding expression to mock a person’s looks in a joking or derogatory way.",ugly,eat lotus root,lotus eater,bad hair day,harmful,Homophonic pun
644,train,麻豆,英文 model 的音译，指模特，常用于网络平面模特语境。,"“Madou” is a phonetic borrowing from “model,” used to refer to a model, especially in online contexts where it often means a photo model or internet-based modeling figure.",model,hemp bean,Taiwanese township,photo shoot,non-harmful,Homophonic pun
645,test,8384,“不三不四”的数字谐音，形容人不像样、不正派、不靠谱，带贬义。,"“8384” is a numeric pun used to describe someone or something as improper, disreputable, unreliable, or not decent, carrying a negative judgment that they are not respectable or behave in an unacceptable way.",disreputable and unreliable,eight three eight four,lucky number 8,socially awkward,harmful,Homophonic pun
646,train,俺不中了,河南方言，意思是“我不行了”“我撑不住了”。,"This dialect phrase means “I cannot take it anymore” or “I am done,” often used to express that someone feels overwhelmed, exhausted, unable to continue, or pushed past their limit.",I can’t anymore,I am not middle,I failed,I’m tired,non-harmful,Slang
647,test,安利,指强烈推荐某个东西给别人，让别人也去尝试或喜欢。,"To ""enthusiastically recommend something to others"" means to strongly promote a product, show, game, idea, or other thing you like, hoping other people will try it and enjoy it too.",strongly recommend,Amway,sell something,promote,non-harmful,Quotation
648,train,A爆了,形容人很帅、很酷、气场很强，带有强烈吸引力。,"It is a compliment used to say someone looks extremely cool, dominant, charismatic, or attractive, often with a powerful presence that feels striking and magnetic.",insanely cool and charismatic,A exploded,straight-A student,pretty stylish,non-harmful,Quotation
649,train,暗示加大力度,表面像提醒，实际是在怂恿对方做得更狠、更明显或更过分。,"A joking phrase used when someone seems to be hinting at something, but the real point is to encourage them to go harder, push further, or make the hint more obvious.",hinting that they should go harder,increase the hint,read between the lines,push your luck,non-harmful,Stylistic device
650,train,安静的做个美男子,表示保持安静、端庄、不乱说话，像一个安静好看的人。,"A joking phrase meaning to stay quiet, composed, and good-looking, often used playfully to suggest someone should stop talking or causing trouble and simply remain calm, graceful, and attractive.",just stay quiet and look pretty,make a handsome man quiet,keep calm and carry on,sit down and shut up,non-harmful,Quotation
651,test,安静如鸡,形容非常安静、一声不吭，像鸡一样不出声。,"“A quiet as a chicken” is a humorous phrase used to describe someone or something being completely silent, staying still, and not making a sound at all.",quiet as a mouse,as noisy as a chicken,the early bird catches the worm,keep it down,non-harmful,Stylistic device
652,test,阿西莫林的房子烧没了,用来形容发生大事、极度震惊或场面非常离谱。,"“Asimolin’s house burned down” is an absurd meme phrase used to express extreme shock, disbelief, or the feeling that something huge, chaotic, or wildly outlandish has happened.",something insane happened,Asimolin’s house burned down,big news,shocking event,non-harmful,Stylistic device
653,train,按在地上摩擦,形容实力差距巨大，一方被另一方完全碾压、毫无还手之力。,"It describes a situation where one side is so overwhelmingly superior that they completely dominate, crush, or humiliate the other, leaving them with no real ability to fight back.",wipe the floor with someone,rub someone on the ground,throw someone under the bus,give someone a hard time,non-harmful,Quotation
654,test,奥斯卡欠你一座小金人,吐槽别人演技浮夸、装得太假，好像应该拿奥斯卡奖。,"This sarcastic phrase mocks someone for acting overly dramatic or obviously fake, implying their exaggerated performance is so theatrical that they seem to deserve an Oscar.",Oscar-worthy acting,Oscar owes you a statue,drama queen,fake acting,non-harmful,Stylistic device
655,train,AAB制吃饭,三人吃饭时两个人付钱，一个人白吃，调侃不公平的AA变体。,"AAB-style meal splitting jokingly refers to an unfair dining arrangement where, instead of everyone paying equally, two people cover the bill while the third person eats for free.","two pay, one freeloads",AAB payment,split the bill,free rider,non-harmful,Abbreviation
656,train,按闹分配,讽刺谁闹得最凶、最会制造麻烦，谁就能获得更多利益。,"A sarcastic phrase used to criticize situations where rewards or benefits seem to go not to the most deserving person, but to whoever complains loudest or creates the most trouble.",reward the loudest complainer,distribute by noise,loudest wins,tantrum reward,non-harmful,Experience
657,train,阿姨我不想努力了,调侃年轻人想靠富有年长女性获得资源，逃避奋斗、走捷径。,"A joking phrase used to say someone wants to avoid hard work and get ahead by relying on a wealthy older woman for money, resources, or an easier life.",I need a sugar mommy,"Auntie, I don't want to work hard anymore",cougar dating,gold digging,non-harmful,Experience
658,train,啊不就好棒棒,阴阳怪气地嘲讽别人“真厉害”，实际表达不屑或反讽。,"This is a sarcastic phrase meaning “wow, how amazing,” used to mock someone with exaggerated praise while actually expressing disdain, irony, or disbelief at their supposed achievement.","oh wow, so impressive (said sarcastically)","wow, so great",OK boomer,humblebrag,non-harmful,Experience
659,train,阿巴斯文学,指模仿某类作家或文艺腔的矫情、晦涩、故作深沉的文体。,"“Abbas literature” is a mocking label for pretentious, obscure, overly literary, or affected writing that imitates an artsy authorial style with exaggerated seriousness, artificial depth, and needlessly difficult expression.",pretentious writing,Abbas literature,literary style,poetic writing,non-harmful,Stylistic device
660,train,阿帕茶,《JOJO》相关梗，指恶作剧式饮料，带有羞辱和整蛊意味。,"A JoJo-related meme referring to a prank drink, typically framed as a humiliating or tricking gesture meant to embarrass someone or make them the target of a crude joke.",Abbacchio's tea,Apa tea,bubble tea,prank gift,non-harmful,Quotation
661,train,傲娇注定败犬,指傲娇角色在恋爱竞争中往往会失败，成为“败犬”角色。,"This trope means that tsundere characters, despite their prideful and prickly affection, are seen as destined to lose romantic competitions and become the unsuccessful “loser” love interest.",losing tsundere,proud loser,love triangle,tsundere,non-harmful,Quotation
662,train,AA制打架,调侃打架双方各自找人、各自承担后果和医药费。,"A joke describing a fight as if it follows a split-bill arrangement, where each side brings its own people and separately bears the consequences, medical expenses, and responsibility for what happens.",split-the-cost fight,AA fight,split the bill,fair fight,non-harmful,Abbreviation
663,train,奥特把脉,形容逻辑荒诞、领域错位、跨界到离谱的行为。,"It describes an absurd cross-domain act that makes no logical sense, especially when someone applies the wrong expertise, context, or logic to a situation in a wildly mismatched and ridiculous way.",absurd crossover,Ultraman pulse check,nonsense logic,weird crossover,non-harmful,Stylistic device
664,train,啊对对对,极度敷衍、懒得争辩的摆烂式回复。,"A dismissive reply meaning “yes, sure, whatever,” used when someone is too tired or unwilling to keep arguing and wants to shut down the conversation with minimal engagement.","yeah, sure, whatever","yes, yes, yes",OK boomer,"fine, you win",non-harmful,Quotation
665,train,爱情赶鹿人,指在感情中把对方越推越远的人。,A “love deer chaser” is someone whose behavior in a relationship unintentionally or repeatedly pushes their romantic partner farther away instead of keeping the connection close.,partner repeller,love deer chaser,bad lover,push away,non-harmful,Stylistic device
666,train,阿黑颜,一种极其夸张的翻白眼、吐舌表情，常见于成人向或二次元语境。,"An exaggerated anime-style facial expression, typically with rolled-back eyes and a protruding tongue, associated with adult-themed, fan-service, or deliberately over-the-top contexts.",ahegao face,black face,funny face,anime face,non-harmful,Experience
667,train,哎我感冒灵呢,用来吐槽场面太尴尬、太难受，好像需要吃药缓一缓。,"A joking reaction used when a scene feels painfully awkward or unbearable, implying that the speaker needs some medicine to calm down and get through the discomfort.",this is painfully awkward,where is my cold medicine,awkward moment,need medicine,non-harmful,Stylistic device
668,train,爱情面具人,指在感情中伪装真实性格、用人设或假面面对伴侣的人。,"A “romantic mask-wearer” is someone who hides their real personality behind a mask in romance, presenting a fake persona or carefully managed image instead of showing their true self to a partner.",romantic mask-wearer,love mask person,fake lover,two-faced partner,non-harmful,Stylistic device
669,train,阿姨没穿内衣,日语“我爱你”的恶搞空耳，常作为谐音玩笑使用。,"It is a crude phonetic joke that mimics a Japanese-sounding mishearing of “I love you,” used mainly as a playful homophone gag rather than a literal statement.",I love you,auntie has no bra,Japanese pun,confession joke,non-harmful,Homophonic pun
670,train,爱的战士,常用来讽刺写致郁、黑暗、虐心剧情却自称讲爱的创作者。,"An ironic title for a writer known for tragic, dark, or emotionally devastating stories, especially one who claims their bleak and painful plots are ultimately about love.",ironic misery-as-love writer,love warrior,knight in shining armor,edgy horror writer,non-harmful,Stylistic device
671,train,爱丁堡,对上海某些操作或风格的讽刺性代称。,"Aidingbao"" is a sarcastic nickname used to mock certain Shanghai-style behaviors or decisions, especially when people see them as pretentious, awkward, inefficient, or oddly characteristic of local official or social practices.",sarcastic Shanghai nickname,Edinburgh,Shanghai joke,city nickname,non-harmful,Homophonic pun
672,train,阿米驴,《明日方舟》角色阿米娅的调侃性绰号。,"“Amiya donkey” is a teasing nickname for Amiya, a character from Arknights, used jokingly by fans to poke fun at her image or personality without implying serious criticism.",Amiya donkey nickname,Amiya's donkey,Rhodes Island operator,Amiya bunny girl,non-harmful,Homophonic pun
673,train,俺也一样,表示附议、跟风同意，也可调侃自己没文化但想表达“我也一样”。,"A rustic or joking way to say “me too” or “I agree,” often used to echo someone else’s opinion while humorously sounding unsophisticated or self-deprecating.","me too, in a joking rustic way",I also same,this is the way,count me in,non-harmful,Quotation
674,train,挨打文学,指把被父母打、被教训等经历写成搞笑文案的表达方式。,"Comedic writing about getting beaten, scolded, or punished by parents, usually by turning childhood experiences of parental discipline into humorous captions, stories, or exaggerated internet posts.",funny childhood punishment posts,beating literature,tiger parenting memoir,family roast jokes,non-harmful,Experience
675,test,爱的结石,“爱的结晶”的黑化版，讽刺感情结果不是美好产物而是负担或麻烦。,"A dark parody of “love child,” it implies that a romantic relationship has produced not something beautiful, but a painful burden, troublesome consequence, or unwanted responsibility.",love kidney stone,love stone,love child,toxic romance,non-harmful,Homophonic pun
676,train,安排上了,表示事情已经处理妥当，也可指某人被针对、制裁或收拾。,"It means that something has been arranged, handled, or set up, and can also imply that someone has been specifically targeted, dealt with, or punished.",taken care of,arranged up,booked and busy,lined up,non-harmful,Slang
677,train,被做局了,指被人设下圈套、套路、骗局或局中局坑害。,"It means someone has been trapped, scammed, or manipulated by a deliberate setup, often implying they were led into a scheme, trick, or layered deception designed to take advantage of them.",got set up,made into a game,catfished,pranked,non-harmful,Slang
678,train,被钓成翘嘴了,形容被诱导、被套路、被钓得非常彻底，已经疯狂上当。,"It describes someone being baited or manipulated so thoroughly that they keep falling for the trap again and again, reacting exactly as the other person intended.",totally took the bait,turned into a hooked fish,catfished,fooled once,non-harmful,Stylistic device
679,train,不ins,形容风格不够时尚、不够洋气、不够社交媒体审美。,"Describes something as not stylish, trendy, aesthetic, or Instagram-worthy, especially when its look or vibe feels insufficiently fashionable, polished, cosmopolitan, or suited to social media tastes.",not Instagrammable,not Instagram,unfashionable,not aesthetic,non-harmful,Homophonic pun
680,train,不管了先XX,摆烂式表达，面对问题先不解决，先去做另一件事。,"A give-up phrase meaning to ignore the problem for now, stop trying to solve it immediately, and instead do some other easier or more appealing action first.","screw it, let's do X first","no matter what, do X first",YOLO,put it on the back burner,non-harmful,Stylistic device
681,test,不管了先加钠,“不管了先XX”的化学版恶搞，表示摆烂到干脆全毁掉。,"It is a chemistry-themed parody of “stop thinking, do it first,” used to joke that someone has completely given up and would rather stop caring and ruin everything immediately.","screw it, add sodium",add sodium first,chemical joke,destroy it,non-harmful,Homophonic pun
682,test,百合无限好可惜生不了,调侃女性之间的恋爱关系很美好，但无法自然繁衍后代。,"It jokingly says that girl-girl romance is beautiful and appealing, but has the practical limitation that the couple cannot biologically reproduce together.",beautiful but childless yuri,endless lilies,flower romance,family planning joke,non-harmful,Experience
683,train,背锅,指替别人承担错误、责任或骂名。,"It means to take the blame for someone else’s mistake or wrongdoing, often being made the scapegoat and bearing responsibility, criticism, or punishment that should belong to another person.",take the blame,carry a pot,kitchen duty,backpacking,non-harmful,Slang
684,test,b站难民,指因为资源缺失、视频下架或平台变化而到处寻找内容资源的B站用户或粉丝。,"It refers to fans or users wandering around online to find missing or removed content resources after videos, media, or other materials disappear from their usual platform.",displaced content seeker,Bilibili refugee camp,anime migrant,comment-section tourist,non-harmful,Stylistic device
685,train,爆机,指游戏完全通关、打到结局或完成主要流程。,"It means to fully clear or complete a video game, reaching the ending or finishing the main storyline and core objectives.",clear the game,exploding machine,console crash,power outage,non-harmful,Slang
686,test,补刀,原指给敌人最后一击，网络中也指在别人受伤后继续刺激、撒盐。,"It means to add the final blow or make someone feel worse after they are already hurt, especially by making a pointed comment or action when the person is already upset or vulnerable.",add insult to injury,repair a knife,healing strike,backup weapon,non-harmful,Experience
687,train,兵库北的微笑,指声优花泽香菜的著名夸张表情包，用于表达尴尬、魔性或颜艺感。,"“Hyogo North Smile” refers to a famous exaggerated reaction-face meme of voice actress Kana Hanazawa, typically used online to convey awkwardness, absurd humor, or a deliberately funny expressive face.",awkward reaction face,a smile in northern Hyogo,celebrity autograph,anime location joke,non-harmful,Quotation
688,train,暴击,原为游戏中高额伤害，网络中也指心理、情绪或现实层面的突然打击。,"This meme describes a sudden emotional hit or psychological blow, as if someone has taken unexpected heavy damage from a harsh truth, painful comparison, embarrassing moment, or upsetting real-life situation.",emotional critical hit,violent attack,gaming cheat,damage meter,non-harmful,Quotation
689,test,玻璃心,指内心脆弱、敏感，容易受伤或破防的人。,"It describes someone overly sensitive and easily hurt emotionally, whose fragile feelings make them prone to taking criticism, jokes, or ordinary comments as personal attacks.",thin-skinned,glass heart,crystal lover,transparent mind,harmful,Stylistic device
690,train,布男,指性格强势、自我、说一不二、不太顾及他人感受的男性。,"A domineering, self-centered, and stubborn man who insists on having things his own way, acts forcefully in relationships or social situations, and often shows little concern for other people’s feelings.",domineering man,cloth man,fashion guy,soft boy,non-harmful,Abbreviation
691,train,爆表,指程度极高，超过正常范围或衡量上限。,"It means something has reached an extremely high degree, exceeding the normal range or measurable upper limit, essentially going off the charts.",off the charts,broken table,form explosion,spreadsheet error,non-harmful,Quotation
692,train,布吉岛,“不知道”的谐音卖萌说法。,"This meme is a deliberately cute homophone for saying “I do not know,” used to sound playful, silly, or childlike when someone wants to express uncertainty or ignorance.",I don’t know,Buji Island,travel destination,island resort,non-harmful,Homophonic pun
693,train,保证打不死你,用于威胁或调侃别人，意思是会打你但不至于打死。,"A joking or threatening phrase meaning “I will beat you up but not kill you,” used to tease or intimidate someone by implying punishment without fatal harm.",I’ll beat you up,guaranteed survival,boxing lesson,medical promise,harmful,Quotation
694,train,班味,指上班后形成的疲惫、麻木、压抑、社畜感气质。,"It describes the tired, numb, corporate-worker vibe caused by work, a drained and oppressed aura people seem to develop after long periods of routine office life.",corporate fatigue,class smell,classroom vibe,uniform scent,non-harmful,Experience
695,train,霸气侧漏,原指气场强大，后常被调侃为装得很有气势或过度自信。,"It describes someone as giving off an intensely powerful presence, often with a humorous or teasing implication that they are acting overly imposing, dramatic, or comically overconfident.",over-the-top dominance,leaking dominance,air leak,side effect,non-harmful,Quotation
696,train,不能同意更多,表示极度赞同，意思是“完全同意”。,"The phrase means that someone agrees completely, expressing wholehearted approval or total alignment with what another person has said.",could not agree more,cannot approve extra,no more opinions,agreement limit reached,non-harmful,Experience
697,train,北京瘫,指一种十分颓废、懒散、毫无形象地瘫坐着的姿势。,"It describes a slouched, lazy, image-free sitting posture where someone sprawls or sinks into a seat in a very relaxed, unkempt, and deliberately unconcerned way.",slumped couch pose,Beijing paralysis,tourist sitting,northern sofa,non-harmful,Experience
698,train,碧瑶坐,指赵丽颖饰演碧瑶时形成的独特坐姿梗。,"A meme about a distinctive sitting posture associated with a character, referring to the recognizable way the character was seen sitting and how that pose became an internet joke.",distinctive sitting pose,Biyao chair,drama costume,celebrity seat,non-harmful,Quotation
699,train,壁咚,指把对方逼到墙边并用手撑墙，常见于恋爱、暧昧或霸道桥段。,"A romantic or dramatic gesture of pinning someone against a wall, usually by leaning in with one hand braced on the wall, often used in flirtatious, intimate, or domineering romance scenes.",wall pin,wall knock,door slam,room corner,non-harmful,Experience
700,train,憋气番,指每集时间很短、短到像憋一口气就看完的动画。,“Breath-holding anime” refers to an anime with episodes so brief that each one feels like it can be watched in a single held breath.,ultra-short anime,suffocation anime,silent episode,underwater show,non-harmful,Stylistic device
701,train,闭嘴番,指制作精良、口碑极好，让人“闭嘴直接看”的动画。,"An anime so good that viewers are told to stop arguing and just watch, usually because its production quality and reputation are strong enough to make further debate feel unnecessary.",shut-up-and-watch anime,mute anime,no-dialogue show,banned cartoon,non-harmful,Stylistic device
702,test,标题党,指用夸张、耸动或误导性标题吸引点击量的人或内容。,"It refers to content that uses exaggerated, sensational, or misleading headlines to attract clicks, often making the title seem more dramatic or enticing than the actual content supports.",clickbait,title party,headline club,newspaper fan,non-harmful,Experience
703,train,百合党,指热衷于女性之间恋爱关系或百合CP的人。,"“Baihe fans” are people who enjoy or actively support romantic relationships between female characters or women, especially girl-girl romance and yuri pairings in fiction, fandom, or online discussions.",yuri fan,lily party,flower fandom,garden lover,non-harmful,Experience
704,train,不要迷恋哥哥只是个传说,古早网络流行语，带自恋、装酷或看破红尘的调侃意味。,"An old internet catchphrase meaning “do not obsess over me, I am only a legend,” used jokingly to sound self-adoring, cool, or detached from worldly concerns.","don’t chase me, I’m a legend",don’t love brother,older-brother myth,legendary sibling,non-harmful,Quotation
705,train,不服来辩,表示对自己的观点很自信，欢迎别人来争辩或吵架。,"A challenge phrase meaning “debate me if you disagree,” used when someone is confident in their opinion and openly invites others to argue, challenge, or dispute it.",debate me,refuse to obey,come argue law,angry invitation,non-harmful,Experience
706,train,别人家的孩子,指父母口中成绩好、懂事、优秀的“完美孩子”，常给自己带来压力。,"The meme refers to the supposedly perfect child parents compare you against, a model of good grades, obedience, and excellence whose imagined perfection often creates pressure or frustration for their own children.",the comparison kid,neighbor’s kid,borrowed child,family friend,non-harmful,Experience
707,train,编剧式观影,指看剧时像编剧一样提前看穿套路、预测剧情发展。,"Watching a show while predicting the plot like a screenwriter means viewing it with a sharp eye for familiar tropes, anticipating twists, character choices, and story developments before they happen.",plot-predicting viewing,scriptwriter cinema,film major viewing,director commentary,non-harmful,Stylistic device
708,train,不听不听王八念经,捂住耳朵拒绝听别人讲话，表示强行不接受、不理会。,"A childish refusal to listen to what someone says, often shown by covering one’s ears and deliberately ignoring another person’s words or arguments.",I’m not listening,turtle chanting scripture,religious lecture,animal noise,harmful,Slang
709,train,不爱你的人洗澡洗一夜,讽刺对方用洗澡等借口长时间不回消息，其实就是不在乎你。,"A sarcastic phrase meaning someone who does not care about you will use endless excuses, like taking an impossibly long shower, to avoid replying to your messages.",excuses for not replying,showering all night,bathroom accident,clean-freak excuse,non-harmful,Stylistic device
710,train,奔现,指从线上聊天、网恋或虚拟关系转为线下真实见面。,"It means to meet offline in real life after getting to know each other online, often moving from chatting, online dating, or a virtual relationship to an in-person encounter.",meet in real life,run into reality,virtual escape,dating app download,non-harmful,Experience
711,test,爆灯,综艺梗，表示极度喜欢、强烈支持或非常心动。,"It means to show extreme approval, support, or attraction, as if enthusiastically signaling that someone or something is so impressive, appealing, or exciting that it deserves an immediate and emphatic endorsement.",slam the approval button,exploding lamp,stage lighting,traffic signal,non-harmful,Experience
712,train,拜个早年,遇到离谱、大无语或危险场面时提前开溜、提前告辞的调侃说法。,"A joking way to excuse oneself early from an absurd or unbearable situation, often implying that the scene is so ridiculous, awkward, or risky that one would rather leave immediately.",I’m out,early New Year greeting,holiday blessing,festival visit,non-harmful,Experience
713,train,布谷鸟,用来形容“鸽子”的反义词，即守约、准时、不爽约的人。,"It describes someone reliable who shows up and does not flake, keeping promises, arriving on time, and following through on plans instead of canceling or disappearing unexpectedly.",non-flake,cuckoo bird,morning alarm,forest singer,non-harmful,Homophonic pun
714,train,闭麦,指停止发言、不再参与争论或暂时沉默。,"It means to stop talking, mute oneself, or stop joining an argument, often by choosing silence temporarily instead of continuing to speak, respond, or participate in a dispute.",go silent,close the microphone,broken speaker,radio silence device,non-harmful,Stylistic device
715,train,百因必有果,表示万事皆有因果报应，做过的事终会有结果。,"“A meme phrase meaning every cause has its consequence or karma” expresses the idea that every action or cause will eventually lead to a result, often implying karmic payback for what someone has done.",what goes around comes around,hundred causes fruit,logic formula,harvest season,non-harmful,Quotation
716,train,宝宝心里苦,卖萌式表达自己委屈、难过、受了苦，但不一定直接说出来。,"This is a cute, self-pitying complaint meaning I feel wronged or hurt inside, often used to playfully express feeling upset, aggrieved, or quietly suffering without saying it too directly.",baby is suffering inside,baby tastes bitter,infant problem,candy complaint,non-harmful,Experience
717,train,不要在网络上逼逼赖赖,警告别人不要只会在网上废话、挑衅或当键盘侠。,"It is a blunt warning telling someone to stop whining, trash-talking, provoking others, or acting tough from behind a screen instead of saying or doing something meaningful.",stop talking trash online,don’t type loudly online,internet lecture,social media posting,harmful,Quotation
718,test,把话筒塞他嘴里,调侃某人说出了大家心声，应该让他继续说。,"A joking phrase meaning someone said what everyone wanted to say, used to tease that the person has voiced the crowd's shared thoughts and should be encouraged to keep speaking.",give him the mic,stuff the mic in his mouth,karaoke punishment,microphone accident,non-harmful,Experience
719,train,表面亲戚,指表面有亲戚关系，实际上冷漠、攀比、疏离的人际关系。,"“Surface relatives” refers to relatives who are related in name but emotionally distant or competitive, maintaining a family connection outwardly while interacting with coldness, comparison, and a lack of real closeness.",relatives in name only,surface relatives,distant neighbors,fake surname,non-harmful,Experience
720,train,被动颓废,指原本被打断、被迫停下后，顺势摆烂、开始颓废。,"Passive collapse into laziness after being interrupted or forced to stop means that once someone’s original momentum is broken or they are forced to pause, they simply give up, slack off, and sink into a defeated, unproductive state.",involuntary slacking,passive decay,broken schedule,accidental nap,non-harmful,Experience
721,test,爆冷,指弱者或冷门一方意外战胜强者。,"It refers to an unexpected upset where the underdog beats the favorite, especially when a weaker or less popular side surprisingly defeats a much stronger opponent.",underdog upset,cold explosion,winter blast,frozen match,non-harmful,Abbreviation
722,test,百度死,指身体不适后上网查症状，越查越觉得自己得了绝症。,"It describes the health anxiety that arises when someone searches their symptoms online and becomes increasingly convinced, often irrationally, that they have a severe or terminal illness.",cyberchondria,Baidu death,search engine curse,hospital ranking,non-harmful,Experience
723,train,不愧是我,自夸或调侃自己果然很厉害、很符合自己的风格。,"A self-praising or joking phrase used when someone’s action or result feels perfectly in line with their own style, meaning “that is exactly what I would do.”",classic me,worthy of me,personal brand,self introduction,non-harmful,Quotation
724,train,本以为是青铜没想到是王者,原以为对方很菜，结果发现对方其实是高手。,"It means initially assuming someone is a beginner or weak at something, only to discover later that they are actually highly skilled, experienced, or an expert.",secret pro,bronze to king,metal ranking,game ladder,non-harmful,Stylistic device
725,train,八倍镜女友,指观察力极强、能发现男友细节和蛛丝马迹的女友。,"A girlfriend with extremely sharp observation and detective-like attention to detail, able to notice tiny clues, subtle changes, or hidden traces in her boyfriend’s behavior that others would easily miss.",surveillance-level girlfriend,8x scope girlfriend,camera girlfriend,sniper romance,non-harmful,Stylistic device
726,train,巴黎孝子,讽刺对外国或西方事物盲目崇拜、过度维护的人。,"A sarcastic label for someone who blindly worships foreign or Western things and eagerly defends them, often implying excessive admiration, misplaced loyalty, or uncritical praise of anything seen as foreign.",blind foreign worshipper,Paris filial son,French tourist,overseas fan,harmful,Stylistic device
727,test,不提也罢,表示某事不值得再说，说了也没用，带无奈或回避意味。,"A phrase meaning it is not worth mentioning or talking about anymore, often used with resignation or avoidance when discussing something feels pointless or would not change anything.",not worth bringing up,don’t lift it,topic banned,speechless pause,non-harmful,Experience
728,train,被卖片的盯上,指发了动态后引来色情广告机器人或卖片账号骚扰。,"It means being targeted by porn-spam bots after posting online, when a social media update attracts harassment from adult-advertising accounts or automated spam profiles trying to sell explicit content.",targeted by porn spam bots,movie seller found me,video dealer attention,fan account followed me,non-harmful,Experience
729,test,帮我关一下月亮,“晚安”的文艺说法，像是请人把夜晚的月亮关掉。,"It is a poetic way to say good night, imagining bedtime as asking someone to turn off the moon and bring the night gently to a close.",poetic good night,turn off the moon,moon switch,night lamp request,non-harmful,Stylistic device
730,train,不准套娃,禁止在评论区一层层重复、模仿或递归引用别人的话。,"It means asking people in a comment thread to stop recursively repeating, imitating, or quoting one another in layered chains, especially when the replies keep nesting the same joke or wording.",stop recursive replies,no Russian dolls,doll ban,toy stacking,non-harmful,Stylistic device
731,train,蹦就完事了,表示别想太多，跟着音乐或气氛跳起来就行。,"A carefree phrase meaning stop overthinking and just dance or jump along, letting the music or atmosphere carry you without worrying about anything else.",just jump along,jump and finish it,dance battle,stage diving,non-harmful,Experience
732,train,绑他上岛当领导,调侃某人说话太有道理，应该被“抓去当领导”。,It jokingly praises someone for speaking so reasonably and convincingly that they ought to be taken away and made a leader.,make him the leader,tie him to an island,island kidnapping,village election,non-harmful,Stylistic device
733,train,爆炸吧现充,对有男朋友或女朋友、现实生活幸福的人表达嫉妒式愤怒。,"It is a resentful joke aimed at people who have partners or happy, socially fulfilled real lives, mockingly cursing them out of jealousy rather than expressing a literal threat.",curse happy couples,explode in reality,popular people party,romantic fireworks,harmful,Experience
734,train,别想大象,认知语言学经典例子，指越让人不要想某物，人越会想到它。,It refers to a classic thought-suppression example where telling someone not to think about something makes that very idea more salient and harder to avoid.,ironic thought trigger,do not like elephants,elephant memory,zoo metaphor,non-harmful,Quotation
735,train,把你骨灰给你扬了,表达极度愤怒的威胁性用语，意思是连骨灰都给你撒了。,"This phrase expresses extreme anger through a violent threat, meaning the speaker is so furious that they would even scatter the other person’s ashes.",scatter your ashes,clean your ashes,funeral joke,dust in the wind,harmful,Quotation
736,train,遍地都是ETC,形容杠精、喜欢自动抬杠的人到处都是。,"This phrase metaphorically means that argumentative contrarians, the kind of people who automatically object or pick fights over everything, seem to be everywhere.",contrarians everywhere,ETC everywhere,highway toll tags,automatic payment,harmful,Stylistic device
737,train,不买立省,指只要不买东西就等于立刻省钱，是理性但很难做到的购物准则。,"This shopping joke means that the fastest and most effective way to save money is simply not to buy anything, a rational rule that is easy to understand but hard to follow.",save money by not buying,instant discount,coupon logic,budget sale,non-harmful,Experience
738,train,暴风雪山庄模式,小说或影视中的封闭场景模式，一群人被困在隔绝空间内展开剧情。,"A closed-location mystery setup where characters are trapped together, usually in an isolated place cut off from the outside world, forcing the plot to unfold among a limited group of people.",closed-circle mystery,snowstorm villa,winter resort plot,mountain hotel drama,non-harmful,Quotation
739,train,杯具,“悲剧”的谐音，表示倒霉、不好的事情。,"A homophone meaning a tragic or unfortunate situation, used online to describe bad luck, mishaps, or an unlucky outcome in a joking or mildly self-deprecating way.",tragedy,cupware,drinking cup,tableware joke,non-harmful,Homophonic pun
740,train,不要脱袜子,调侃动画里露肉、擦边或卖肉情节，意思是别继续往成人向发展。,"A teasing phrase used when anime fanservice starts getting too revealing, jokingly telling the scene not to push further into adult or overtly sexual territory.",stop the fanservice,keep your socks on,clothing advice,foot scene,non-harmful,Stylistic device
741,train,保安日记,源于网上流传的保安自嘲文案，常指底层打工人的幽默生活记录。,"A self-mocking diary-style meme about security-guard or working-class life, used to humorously frame the everyday struggles, small observations, and resigned jokes of low-wage workers.",working-class self-mockery diary,security logbook,guard schedule,patrol report,non-harmful,Experience
742,train,不是鱼露是鲈鱼,音译空耳梗，用错位发音制造荒诞喜剧效果。,"This meme is a misheard-sound joke built on confusing similar-sounding words, using deliberately mismatched pronunciation to create an absurd comic effect.",absurd mishearing joke,not fish sauce but bass,seafood recipe,sauce correction,non-harmful,Quotation
743,train,表演型孝子,指没有实际付出，只在表面上做出孝顺姿态的人。,"Someone who performs filial piety publicly without real care or effort, making a show of being dutiful to their parents or elders while offering little genuine support, attention, or sacrifice.",performative filial child,acting son,family actor,fake ceremony,harmful,Stylistic device
744,train,波特兰伐木工,原本是球队名，后被用来引申某种人物或地域刻板印象。,“Portland Timbers” refers to a sports-team name that has been reused online as a meme label invoking a certain stereotype about a type of person or region.,stereotype meme label,Portland lumberjack,football worker,woodcutting fan,non-harmful,Quotation
745,train,B站汤达人,指B站上更新速度快、产出稳定且质量不错的UP主。,"A ""Bilibili soup master"" refers to a Bilibili creator who posts quickly and consistently while maintaining good quality, making their content output feel reliable, frequent, and satisfying to viewers.",fast and reliable creator,Bilibili soup master,noodle reviewer,cooking uploader,non-harmful,Stylistic device
746,test,闭眼吹,指不看事实、无脑夸赞、盲目吹捧。,"It means to praise someone or something blindly without looking at facts, ignoring evidence or reality and offering exaggerated approval without critical judgment.",blindly hype,blow with closed eyes,sleeping fan,blindfold game,non-harmful,Stylistic device
747,train,摆摊日记,继保安日记后流行的社会生活文案，记录摆摊人的日常和自嘲。,"A diary-style meme that records the daily life, self-mockery, and everyday social struggles of street vendors, often framing small hardships and observations as humorous slices of working-class experience.",street-vendor slice-of-life diary meme,booth setup diary,farmers' market journal,vendor work schedule,non-harmful,Quotation
748,train,辩论开始,弹幕或评论区看到争论即将发生时的提示语。,"A comment signaling that an argument or debate is about to begin, used when viewers notice a discussion thread or comment section is about to turn into a dispute.",argument incoming,debate class starts,speech contest,formal discussion,non-harmful,Stylistic device
749,test,白学公主,指从小到大都是学霸、学习成绩极强的女性角色或人设。,"The term refers to a female character or persona who is portrayed as academically outstanding from childhood onward, consistently excelling in school and fitting the image of a lifelong top student.",lifelong top-student girl,white-study princess,royal student,school heroine,non-harmful,Stylistic device
750,train,冰冻爷爷冰冻奶奶,出自电视剧的奇葩称呼，因离谱和荒诞感成为梗。,"This meme refers to an absurd line from a TV drama, mocked and reused because its bizarre way of addressing grandparents or elders sounds unintentionally ridiculous and surreal.",bizarre elder address,frozen grandpa and grandma,icy family,freezer relatives,non-harmful,Quotation
751,train,保安在哪里,出自漫展冲突现场，用来吐槽场面失控需要保安介入。,“Where is security?” is a reaction phrase used to joke or complain that a situation has become chaotic or out of control and needs security staff to step in.,Where is security?,Where is Bao'an?,Where is Waldo?,Someone get a moderator,non-harmful,Quotation
752,test,白骨之后再无西游,对《西游记》相关作品质量的评价，认为白骨精之后质量明显下降或经典难续。,"It criticizes Journey to the West stories or adaptations by saying they were never as good after the White Bone Demon arc, implying the later material declined sharply or failed to match that classic part.",decline after the White Bone Demon,no Journey after bones,skeleton ending,classic monster arc,non-harmful,Experience
753,test,本升小,形容考入大学后学习状态反而退步，像从本科倒退回小学。,"A joke about becoming academically worse after entering college, describing someone whose study habits or academic ability seem to regress after university admission, as if they went from undergraduate level back to elementary school.",academic regression,bachelor to primary school,school downgrade,campus joke,non-harmful,Homophonic pun
754,test,便衣警察摆摊,形容摆摊手艺极差、不像真正摊主，像便衣警察伪装摆摊。,A joke about someone being so bad at running a street stall that they seem less like a real vendor and more like an undercover cop awkwardly pretending to sell things.,undercover-looking vendor,plainclothes police stall,fake vendor,market disguise,non-harmful,Experience
755,train,把笋都夺没了,“多损啊”的谐音梗，表示太损、太缺德、太会调侃。,"This homophonic meme means someone is being hilariously mean, wickedly sarcastic, or so good at teasing that their joke feels both sharp and mischievously cruel.",wickedly mean,stole all the bamboo shoots,bamboo theft,vegetable joke,non-harmful,Homophonic pun
756,train,把笋都夺完了,“多损啊”的谐音梗，和“把笋都夺没了”同义，表示太损。,"A homophone meaning someone has taken sarcasm or meanness too far, used to say that a person’s teasing, mockery, or cutting remark is so harsh that it feels excessively mean.",extremely mean joke,took all the shoots,panda food theft,garden robbery,non-harmful,Homophonic pun
757,train,百步青年,指每天行动不超过百步，活动量极低、极度宅或懒散的年轻人。,"A ""hundred-step youth"" is a young person who barely moves each day, gets almost no physical activity, and lives an extremely inactive, homebound, or lazy lifestyle.",ultra-sedentary youth,hundred-step youth,walking challenge,step counter fan,non-harmful,Experience
758,train,初代同事,指个体刚进入职场时最早一起工作的同伴。,"It refers to the first group of coworkers someone works with when they initially enter the workplace, often marking their earliest professional relationships and shared experiences in a new career environment.",first workplace peers,first-generation colleague,old classmate,office senior,non-harmful,Abbreviation
759,train,此处应有本子,ACG语境中看到暧昧、兴奋或可展开成人向创作的画面时使用。,"A joking phrase used in anime, comics, and gaming contexts to imply that a suggestive or exciting scene deserves adult fan-made content expanding on it.",adult fanwork bait,there should be a notebook,missing script,comic panel needed,non-harmful,Experience
760,test,吃鸡,游戏术语，指在对局中获得最终胜利。,"It means to win a battle royale or competitive game match, especially by being the last player or team standing at the end of the round.",battle royale victory,eat chicken,chicken dinner recipe,poultry game,non-harmful,Quotation
761,test,彩蛋,指作品、软件或游戏中开发者隐藏的小内容、惊喜或暗线。,"A ""cai dan"" is hidden bonus content intentionally placed by creators in a work, app, or game, usually as a small surprise, secret detail, or subtle extra for attentive users to discover.",hidden Easter egg,colored egg,Easter holiday,bonus snack,non-harmful,Stylistic device
762,train,吃手手,原指婴幼儿吃手，网络中常用作卖萌、委屈或装可爱的表达。,"It describes a babyish cute gesture, originally like a child sucking their fingers, used online to act adorable, innocent, or pitiful in a deliberately cutesy way.",babyish cute act,eat hands,finger food,nail biting,non-harmful,Experience
763,train,处刑曲,ACG作品中角色开挂、战斗爆发或即将碾压对手时响起的BGM。,"A theme song that plays when a character is about to dominate or finish the opponent, typically used in anime, comics, or games when they power up, unleash a decisive attack, or overwhelm the enemy.",domination theme,execution song,sad ending music,opening theme,non-harmful,Experience
764,train,存在感,指角色、人物或事物在作品或场景中的活跃度、显眼程度。,"Presence"" refers to how noticeable, active, or memorable a person, character, or thing is within a work, scene, or situation, especially in terms of how strongly they stand out or leave an impression.",screen presence,sense of existence,survival instinct,screen size,non-harmful,Experience
765,train,冲鸭,“冲呀”的卖萌谐音，表示加油、冲上去、开始行动。,"A cute homophone used to encourage someone to go for it, cheer them on, or urge them to start taking action with playful enthusiasm.",go for it,rush duck,running bird,start quacking,non-harmful,Homophonic pun
766,train,臣妾做不到啊,《甄嬛传》经典台词，用来表示自己无能为力、真的做不到。,"This dramatic catchphrase is used to express that someone is genuinely unable to do something, often with exaggerated helplessness or theatrical frustration: “I really cannot do it.”",I can’t do this,concubine cannot do it,palace quote,royal refusal,non-harmful,Quotation
767,test,吃柠檬,指看到别人幸福、优秀或秀恩爱后感到嫉妒、酸。,"It means feeling jealous, bitter, or “sour” after seeing someone else’s happiness, success, excellence, or affectionate relationship, especially when their good fortune makes you feel envious by comparison.",feel jealous,eat lemons,sour food,fruit craving,non-harmful,Stylistic device
768,train,出来混迟早要还的,指在社会上做过的事迟早会付出代价，带因果报应意味。,"It warns that bad actions or debts from one’s past will eventually catch up with them, bringing consequences that must be faced sooner or later.",karma catches up,come out and mix,street life rule,loan repayment,non-harmful,Experience
769,test,草食系,指性格温和、被动，对恋爱或异性兴趣不强的男性类型。,"A ""grass-eating type"" refers to a gentle, passive man who shows little romantic or sexual aggressiveness and tends to be mild, reserved, or unassertive in relationships.",herbivore man,grass-eating type,vegetarian man,quiet eater,non-harmful,Abbreviation
770,train,菜到抠脚,形容游戏或操作水平极差，差到令人尴尬。,"Used to describe someone who is extremely bad at a game or skill, performing so poorly that it feels embarrassing or painfully awkward to watch.",painfully unskilled,picking feet badly,vegetable-level player,awkward toes,non-harmful,Experience
771,train,长亭外古道边芳草天,借《送别》歌词制造文雅表面，实际常用于阴阳怪气地骂人或表达不满。,"This poetic-looking line borrows a refined farewell lyric but is often used online as a veiled insult or sarcastic curse, letting the speaker express irritation or contempt under an elegant surface.",coded poetic insult,outside the pavilion,farewell lyrics,ancient road scenery,harmful,Quotation
772,test,穿不进xs买不起xs,调侃自己既穿不进XS号衣服，也买不起iPhone XS，表达又胖又穷的尴尬。,"A self-mocking phrase about being unable to fit XS-size clothes or afford an iPhone XS, used to joke about the awkward feeling of being both overweight and poor.",too fat and too broke,cannot wear XS,cannot buy phone,size problem only,non-harmful,Homophonic pun
773,train,吃某人的颜,指非常喜欢某人的长相，觉得对方外貌正好符合自己的审美。,"It means to be strongly attracted to someone’s looks, especially because their appearance fits one’s personal taste or aesthetic preferences very well.",be into someone’s looks,eat someone’s face,face meal,beauty filter,non-harmful,Experience
774,train,错的不是我而是这个世界,源自动漫台词，用来拒绝认错或表达中二式自我辩护。,"a melodramatic line blaming the world instead of oneself"" refers to a dramatic, anime-inspired way of refusing to admit fault, framing oneself as misunderstood while insisting that society or reality is the real problem.",I’m not wrong; it’s the world that’s wrong,the mistaken world,May the Force be with me,I’m just misunderstood,non-harmful,Quotation
775,test,沉淀文学,调侃遇到挫折、不顺或失败后动不动说要“沉淀一下”的文案风格。,"A mock-serious style of writing that jokes about people claiming they need to step back, reflect, and “settle themselves” whenever they face setbacks, difficulties, or failure.",performative self-reflection,sediment literature,deep reflection,motivational essay,non-harmful,Experience
776,test,吃花椒的邻居,歇后语，后半句“麻死了”，用来表达麻了、无语或被震到。,"“Neighbor who eats Sichuan peppercorns” is a punny saying used to express that someone feels numb, stunned, or speechless, as if overwhelmed to the point of having nothing left to say.",totally numb,pepper-eating neighbor,spicy resident,Sichuan food joke,non-harmful,Homophonic pun
777,test,草莓狂魔,指对草莓极其喜爱、痴迷或疯狂消费草莓相关物品的人。,"“Strawberry maniac” refers to someone obsessively fond of strawberries, showing extreme love for them or enthusiastically buying and consuming strawberry-related foods, drinks, or products.",strawberry fanatic,strawberry demon,fruit seller,berry collector,non-harmful,Stylistic device
778,train,车门焊死,指话题或内容已经很黄、很污，“开车”停不下来。,This phrase means the conversation has become so sexually explicit or NSFW that it is already “driving” too fast and feels impossible to stop or turn back.,unstoppable dirty talk,welded car door,locked vehicle,broken taxi,non-harmful,Stylistic device
779,train,船过水无痕,指事情过去后不留下痕迹，也可表示无声无息地结束。,"It means that something passes without leaving any trace, as if an event, action, or relationship quietly ends and leaves no visible mark or lasting evidence behind.",leave no trace,boat crossing water,clean river,smooth sailing,non-harmful,Slang
780,train,脆皮鸭文学,指以男性同性恋情为主题的耽美小说或相关文学。,"“Crispy duck literature” refers to boys’ love fiction centered on male-male romance, typically describing danmei-style novels or related literary works that focus on romantic relationships between men.",boys’ love fiction,crispy duck literature,food writing,roast duck novel,non-harmful,Homophonic pun
781,train,茶杯里的风暴,指小题大做，把很小的事情闹得很大。,"It describes making a huge fuss over a small matter, treating a minor issue as if it were a major crisis and exaggerating its importance far beyond what the situation deserves.",storm in a teacup,weather in a cup,tea ceremony,crying wolf,non-harmful,Stylistic device
782,train,床仙,形容特别难起床、赖床能力极强的人。,"A “bed immortal” refers to someone who finds it extremely hard to get out of bed, especially a person who can linger under the covers for ages and resist waking up or starting the day.",chronic bed-stayer,bed immortal,sleep master,blanket ghost,non-harmful,Stylistic device
783,test,抄作业式旅行,指直接复制别人攻略、路线和安排的旅行方式。,"“Homework-copying travel” means traveling by copying someone else’s itinerary or guide, following their recommended routes, plans, and arrangements instead of creating your own travel plan.",copied-itinerary travel,copying homework travel,school-trip cheating,guidebook reading,non-harmful,Stylistic device
784,test,柴火妞儿,形容土气、朴素、不够精致的女生，带一定贬义或调侃。,"It refers to a girl who comes across as rustic, plain, or unfashionable, often implying that her appearance or style feels unsophisticated, with a mildly mocking or dismissive tone.",rustic girl,firewood girl,village stove,plain sweater,harmful,Stylistic device
785,train,出离愤怒,指愤怒达到极点，已经超出一般生气程度。,"It describes a state of being extremely furious beyond ordinary anger, where someone’s rage has reached an overwhelming peak far beyond normal irritation or everyday anger.",beyond furious,leaving anger,emotional departure,cold silence,non-harmful,Quotation
786,train,车祸穿,穿越题材梗，指角色因车祸触发穿越。,"The meme refers to a time-travel or transmigration setup triggered by a car accident, where a character is hit or involved in a crash and is suddenly sent to another era, world, or identity.",car-crash transmigration,car crash outfit,traffic accident,hospital plot,non-harmful,Abbreviation
787,train,吃灰,指物品买来后长期不用，只能放着积灰。,"It describes an item that was bought but left unused for a long time, sitting around until it literally or figuratively gathers dust.",gather dust unused,eat dust,dusty room,old shelf,non-harmful,Experience
788,train,纯纯的牛马,形容像牲畜一样辛苦干活、被压榨的人。,"A blunt insult or self-mockery for someone treated like exploited labor, describing a person who works extremely hard under harsh conditions and feels used, drained, or devalued like a beast of burden.",exploited workhorse,pure cow horse,farm animal,office worker,harmful,Stylistic device
789,train,苍蝇搓手,形容非常期待、跃跃欲试、迫不及待的样子。,"A gesture-like meme describing someone rubbing their hands together in eager anticipation, excitedly ready to act and barely able to wait for what comes next.",eager anticipation,fly rubbing hands,insect cleaning,nervous hands,non-harmful,Stylistic device
790,test,出门记得穿防弹衣,讽刺某人发言或处境容易被攻击，像出门会挨枪一样危险。,"It is a sarcastic warning that someone may get attacked for what they said or did, implying their comment or situation is so likely to draw backlash that going out would feel dangerous.",brace for backlash,wear a bulletproof vest outdoors,active shooter drill,watch your tone,harmful,Experience
791,train,丑萌,形容外表不符合传统审美，但因为笨拙、奇特或反差感而显得可爱。,"It describes someone or something that does not fit conventional standards of beauty but feels ugly in a cute and endearing way because of its awkwardness, oddness, or charming contrast.",ugly-cute,ugly sprout,weird animal face,awkward fashion,non-harmful,Experience
792,train,称号收割机,指疯狂获得各种称号、头衔、标签或荣誉的人或粉丝。,"A “title harvester” is someone who constantly accumulates all kinds of titles, labels, badges, honors, or fan-given distinctions, often to the point that collecting such recognition becomes their defining trait.",serial title collector,title crop reaper,award show host,clout chaser,non-harmful,Stylistic device
793,train,出道半生归来仍是素人,讽刺出道多年依然没有名气、没有星味，像普通人一样。,"A sarcastic phrase mocking someone who has spent years in show business yet still has no fame, public recognition, or star quality, seeming just as ordinary as an unknown newcomer.",still unknown after debut,debuted for half a life,celebrity comeback,amateur actor,harmful,Quotation
794,train,出来看星星吗,表面是约人出来看星星，实际常作为暧昧约见或搭讪理由。,"It literally means inviting someone out to look at the stars, but is commonly used as a romantic or flirty excuse to ask someone out or initiate an intimate meeting.",flirty night invite,come see stars,astronomy invitation,night walk,non-harmful,Stylistic device
795,train,吃鸡式演技,形容演技很假、很僵硬，像游戏动作或游戏表演一样不自然。,"It describes acting that looks so stiff, fake, or mechanically performed that it feels less like natural human behavior and more like movements or performances from a video game.",fake game-like acting,chicken dinner acting,battle royale movie,gamer performance,non-harmful,Stylistic device
796,test,茶艺大师,指极其擅长装无辜、卖惨、挑拨关系等“绿茶”行为的人。,"A “tea art master” refers to someone highly skilled at manipulative fake-innocent behavior, such as playing innocent, fishing for sympathy, or subtly stirring conflict while appearing harmless.",manipulative innocent act,tea master,barista expert,green tea lover,harmful,Experience
797,test,楚楚baby下落不明,调侃某人突然消失、不知所踪、联系不上。,"A joking phrase about someone disappearing without a trace, used to tease that someone has suddenly vanished, cannot be found, and is no longer reachable.",someone vanished,Chuchu baby missing,lost child notice,celebrity disappearance,non-harmful,Quotation
798,train,冲就完事了,表示不要犹豫、不要想太多，直接上、直接干。,"It means to stop overthinking and just go for it, encouraging someone to act immediately and confidently instead of hesitating, analyzing too much, or worrying about the possible outcome.",just go for it,rush and finish,running task,attack button,non-harmful,Slang
799,train,出差式过年,指轻装简行、短暂停留、像出差一样回家过年。,"It means going home for the New Year in a quick, minimal, business-trip-like way, traveling light and staying only briefly as if the holiday visit were just another work assignment.",business-trip-style homecoming,business trip New Year,holiday luggage,office vacation,non-harmful,Stylistic device
800,test,差生文具多,调侃水平差的人装备、工具、准备很多，但实际能力不行。,"A joke mocking weak performers who pile up tools, equipment, or preparation to look ready, while their actual skill or results remain poor.",all gear no skill,poor student has stationery,school supply joke,fancy equipment,harmful,Experience
801,train,操场林黛玉食堂苏炳添,调侃平时运动场上虚弱无力，但一到食堂就跑得很快的人。,"Someone weak in sports but incredibly fast when food is involved, used to tease people who seem frail on the athletic field but suddenly sprint with impressive speed when heading to eat.","weak at sports, fast for food",Lin Daiyu on playground,cafeteria sprinter,fragile runner,non-harmful,Stylistic device
802,train,春卷人,指春节期间被亲戚、应酬、催婚、家务等各种事情折磨的年轻人。,"Spring roll people"" refers to young people who feel emotionally rolled up, squeezed, and exhausted during Spring Festival by family obligations, social visits, marriage pressure, chores, and other seasonal demands.",Spring Festival victim,spring roll person,holiday snack,New Year traveler,non-harmful,Stylistic device
803,test,春天的熊,用像“喜欢春天的小熊一样”表达温柔、笨拙又真诚的喜欢。,"It is a soft romantic metaphor for liking someone in a gentle, innocent way, suggesting affection that feels tender, sincere, slightly clumsy, and warmly harmless.",tender innocent affection,spring bear,forest romance,cute animal love,non-harmful,Quotation
804,test,臣这一退就是一辈子,古装口吻表达痛心放手、默默退出、成全对方。,"A dramatic farewell phrase meaning someone painfully steps back from love forever, silently giving up and leaving so the other person can be free or fulfilled.",painful lifelong withdrawal,minister retreats forever,palace resignation,ancient goodbye,non-harmful,Quotation
805,test,臣犯了十宗罪,用古装请罪口吻调侃自己沉迷土味情话、恋爱套路或夸张表白。,"This meme uses the tone of an ancient court confession to jokingly admit being guilty of cheesy romance, corny pickup lines, exaggerated declarations of love, or playful relationship tricks.",guilty of cheesy romance,minister committed ten crimes,palace punishment,guilty official,non-harmful,Stylistic device
806,train,餐券女,“惨圈女”的谐音，指在情感经历或人生遭遇中很惨、很受伤的女性。,"A punny label for a woman whose romantic history or life experiences are marked by misery, hurt, and repeated emotional hardship.",tragic romance girl,meal-ticket woman,coupon girl,dinner voucher,non-harmful,Homophonic pun
807,test,纯纯牛马,讽刺或自嘲像牲畜一样被工作压榨、辛苦劳作的人。,"It is a blunt, self-mocking label for someone who feels like an exploited worker, worn down by endless labor, unfair demands, and being treated as little more than a tool for getting work done.",exploited workhorse,pure cow horse,farm animal mix,office livestock,harmful,Stylistic device
808,train,沉默是今晚的康桥,引用徐志摩诗句，用文艺方式表达无语、沉默或无奈。,"This phrase borrows a poetic literary tone to express being speechless, quietly resigned, or choosing silence when a situation feels too awkward, frustrating, or helpless to respond to directly.",literary speechlessness,Cambridge tonight,poetic bridge,silent poem,non-harmful,Quotation
809,train,槽多无口,想吐槽的地方太多，反而不知道从哪里开始说。,"It describes a situation with so many flaws, absurdities, or points worth criticizing that the speaker feels overwhelmed and does not know where to start criticizing.",too much to roast,too many slots no mouth,comment overload,broken speech,non-harmful,Stylistic device
810,train,纯粹容器,《空洞骑士》相关梗，用来调侃新人技术差、像空壳一样不会操作。,"A Hollow Knight-related joke describing a helpless newbie with poor skills, teasing them as an empty vessel who lacks control, game sense, or the ability to play effectively.",helpless newbie,pure container,empty bottle,game relic,non-harmful,Quotation
811,train,吃胃药,形容剧集、作品或剧情太虐心，让人难受得像要吃胃药。,"It describes consuming a drama, story, or plot so emotionally painful and upsetting that it feels stomach-churning, as if the viewer needs medicine to get through the distress.",emotionally painful story,take stomach medicine,medical plot,dinner problem,non-harmful,Stylistic device
812,test,曹雪芹来了都得复读,吐槽作文题或写作任务太难，连文学大师来了都可能写不出来。,"This joke complains that a writing prompt or assignment is so difficult that even a legendary literary master would struggle, fail, or have to repeat the task.",impossible writing prompt,Cao Xueqin repeats school,literature exam,famous writer joke,non-harmful,Stylistic device
813,test,穿条裤子吧,调侃网络发言、行为或作品太不体面、太暴露、太没素质。,"This is a sarcastic remark telling someone to be more decent or less shameless, usually mocking online speech, behavior, or content that seems crude, indecent, overly revealing, or lacking basic manners.",show some decency,put on pants,fashion advice,wardrobe failure,non-harmful,Experience
814,train,从百草园到三味书屋,鲁迅文章标题，网络中常用来指代学生时代无聊、经典但让人头疼的阅读记忆。,"The phrase is used as a shorthand for boring but familiar school reading memories, especially classic texts from student days that feel culturally recognizable yet tedious or headache-inducing to revisit.",tedious school reading,Baicao Garden to Sanwei Study,childhood route,old textbook title,non-harmful,Experience
815,train,吊桥效应,指人在恐惧、紧张等高唤醒状态下，容易把生理反应误认为好感。,"The suspension bridge effect describes developing attraction because fear or arousal is misread as romantic feeling, when a racing heart or nervous excitement is mistaken for genuine romantic interest.",Capilano Suspension Bridge effect,bridge fear,height phobia,danger dating,non-harmful,Quotation
816,train,当然是选择原谅她,调侃被伴侣背叛后仍选择原谅的人，常带嘲讽意味。,"A sarcastic joke about forgiving a cheating partner, used to mock someone who has been betrayed romantically but still chooses to forgive the person who cheated.",forgiving a cheater,of course forgive her,breakup advice,loyal boyfriend,non-harmful,Experience
817,train,抖包袱,相声或喜剧中把前面铺垫的笑点揭出来。,"To “reveal the punchline after setting up a joke” means to deliver the hidden comedic payoff after earlier buildup, especially in crosstalk, stand-up, sketches, or other performance-based humor.",deliver the punchline,shake a bundle,drop luggage,tell a secret,non-harmful,Experience
818,train,地域拖油瓶,指某地区中让本地人觉得丢脸、拉低地区形象的人。,"Someone who embarrasses their own region or community by behaving in ways locals see as shameful, making the place look worse and damaging its reputation in the eyes of others.",regional embarrassment,regional oil bottle,hometown helper,local mascot,harmful,Stylistic device
819,train,待我买橘归,源自朱自清文章梗，用“买橘子”暗示自己是对方父亲。,"This literary meme alludes to a famous prose scene about buying oranges, using the act of “buying oranges” to jokingly imply that the speaker is your father.",calling oneself your father,wait while I buy oranges,fruit errand,essay quote,non-harmful,Quotation
820,test,带球跑,指怀孕后离开、逃走或独自离开原有关系。,"A pregnancy-and-runaway romance trope where someone becomes pregnant and then leaves, flees, or separates from the original relationship, often raising the child alone or returning later as part of the drama.",pregnant runaway trope,run with a ball,sports escape,football sprint,non-harmful,Stylistic device
821,train,多喝岩浆,对“多喝热水”的怼人式回应，意思是别再用敷衍安慰。,"It is a sarcastic comeback to the overused advice to drink hot water, mocking it as dismissive, perfunctory comfort rather than real concern or useful help.",sarcastic lava-water comeback,drink magma,hot beverage,volcanic soup,non-harmful,Stylistic device
822,train,打嘴炮,指只会嘴上说、吹牛或放狠话，实际不行动。,"To brag, boast, or make bold claims verbally while failing to take any real action to back them up.",all talk no action,mouth cannon,online quarrel,loud speech,non-harmful,Experience
823,train,吊车尾,指总是落在最后、拖后腿、能力较差的人。,"It refers to someone who consistently ends up last, performs poorly, or slows down the group because they are weaker or less capable than the others.",dead last,crane tail,tow truck end,backup rope,harmful,Quotation
824,train,都怪地磁暴,把各种倒霉、不顺或异常状态都归咎于地磁暴。,"It means humorously blaming every bit of bad luck, inconvenience, strange behavior, or general life malfunction on geomagnetic storms, using them as an all-purpose scapegoat for anything going wrong.",geomagnetic storm scapegoat,magnetic weather,solar science,Mercury retrograde,non-harmful,Stylistic device
825,test,地主家的傻孩子,调侃某人有钱、有资源，但表现得傻里傻气。,"It jokingly describes a rich but foolish or clueless person who has money, resources, or privilege, yet behaves in a silly, naive, or embarrassingly inept way.",rich but clueless kid,landlord’s child,farm heir,spoiled toy,harmful,Quotation
826,test,帝王引擎,指KING紧张时的心跳声，被误认为强者气场或战斗信号。,"It describes a terrified heartbeat being misread as intimidating power, where someone’s nervous pulse is mistaken by others for the overwhelming aura or battle signal of a powerful fighter.",panic heartbeat mistaken for power,emperor's motor,royal motorcade,battle soundtrack,non-harmful,Quotation
827,test,但凡吃点花生米,嘲讽某人像喝多了、想太多或说胡话一样不清醒。,"A sarcastic way to say someone is drunk, delusional, or talking nonsense, implying that if they had eaten even a few peanuts while drinking, they might be more sober and less absurd.",you must be drunk,eat some peanuts,bar snack advice,drinking companion,harmful,Experience
828,train,地域嗨,指在网络上拿地域差异开恶意玩笑、搞地域歧视的人。,"A person who maliciously jokes about regional differences online, using stereotypes or insults to troll people from certain places or discriminate against them based on where they are from.",regional discrimination troll,regional high,local hype,travel banter,non-harmful,Experience
829,test,当个人吧,劝别人注意言行、别太离谱，像个正常人一样。,"It is a blunt way of telling someone to behave decently, watch their words or actions, and stop acting so awful or outrageous that they seem unlike a normal person.",act like a decent human being,be a person,human roleplay,person mode,harmful,Experience
830,train,抖音批作业,调侃抖音评论区像老师批改作业一样逐条点评。,"A joke about TikTok comments evaluating content like homework, where commenters are imagined as teachers marking assignments by reviewing and critiquing posts one by one.",comment-section homework grading,TikTok homework,online teacher,assignment grading,non-harmful,Stylistic device
831,train,抖音评论金马奖,形容抖音评论区人才很多、评论很会演或很有戏，也带讽刺意味。,"It jokingly describes a short-video comment section where people act so dramatic, witty, or performative that their comments seem like award-worthy performances, often with a sarcastic edge.",award-worthy comment section,Douyin film award,movie comments,Golden Horse ceremony,non-harmful,Stylistic device
832,train,地狱模式,指游戏最高难度，也可形容现实处境特别艰难。,"“Hell mode” refers to the hardest difficulty level in a game, or by extension an extremely difficult life situation where the challenges feel especially severe and hard to overcome.",hardest difficulty mode,hell scene,horror mode,bad ending,non-harmful,Stylistic device
833,train,多情绪哈哈,指情绪复杂时发出的“哈哈”，表面笑，内心可能混乱、尴尬或崩溃。,"It describes saying “haha” as a surface laugh while carrying mixed, awkward, or complicated emotions underneath, such as confusion, embarrassment, discomfort, or feeling close to falling apart.",laughing through mixed emotions,many-emotion haha,happy laughter,emoji spam,non-harmful,Stylistic device
834,test,打你尕爹,带方言色彩的骂人话，用于攻击、挑衅或表达不满。,"A dialectal insulting curse used to attack or provoke someone, typically said in anger or contempt to verbally attack, challenge, or express dissatisfaction toward another person.",dialectal profanity,hit your dad,family nickname,regional greeting,harmful,Slang
835,train,登上了大人的阶梯,指经历某件事后成长、成熟，进入更复杂的成人世界。,"It means going through an experience that forces someone to grow up, become more mature, and step into the more complicated world of adulthood.",crossing into adulthood,climb adult stairs,career promotion,graduation ladder,non-harmful,Stylistic device
836,train,大姐哥,指像“大哥”一样霸气、强势、有担当的女性。,"A woman with commanding big-brother-like confidence and authority, someone who comes across as bold, forceful, responsible, and able to take charge in a way traditionally associated with a powerful elder brother.",boss-lady energy,big sister brother,older brother girl,tomboy friend,non-harmful,Experience
837,train,得不到的爸爸,调侃高攀不起、难以驾驭、具有强吸引力但难得到的对象。,"An unattainable and hard-to-handle daddy-type crush refers to someone jokingly seen as highly attractive, out of one’s league, difficult to win over, and not easy to manage emotionally or romantically.",unattainable daddy-type crush,missing father,strict dad,sugar daddy,non-harmful,Stylistic device
838,test,打不过就加入,指无法战胜对方时，转而加入对方阵营。,"It means that when someone realizes they cannot defeat or outperform an opponent, they choose to join that opponent’s side instead of continuing to fight against them.","if you can’t beat them, join them",beat then join,switch uniforms,surrender alone,non-harmful,Experience
839,train,弹性爱国,讽刺根据环境、利益或场合灵活调整的爱国态度。,"It satirizes patriotic sentiment that changes flexibly depending on context or benefit, describing people who adjust their displays of nationalism according to the situation, audience, or personal advantage.",opportunistic patriotism,rubber-band patriotism,flag-waving fitness,fair-weather fandom,non-harmful,Experience
840,test,东方不buy,调侃双十一或购物节期间选择不买东西。,"A shopping-festival joke about refusing to buy anything, used to mock or describe someone deliberately resisting purchases during major online sales events despite the surrounding hype and discounts.",refusing to buy during shopping festival,Eastern not buy,Oriental sale,brand boycott,non-harmful,Homophonic pun
841,train,电竞黄浦军校,指在电竞领域培养了大量优秀选手或人才的基地。,"An esports organization or system known for producing many talents, especially a team, academy, or training base recognized for developing large numbers of strong professional players and industry figures.",esports talent factory,esports military academy,Huangpu gaming school,bootcamp building,non-harmful,Stylistic device
842,test,打工是不可能打工的,源自网络名场面，表达不想劳动、不愿上班。,"This meme phrase expresses a humorous refusal to do regular work or wage labor, often implying that taking an ordinary job or working for wages is simply out of the question.",I’m not going to work,working is impossible,jobless slogan,thief quote,non-harmful,Quotation
843,test,大白菜鸡毛菜,形容操作下饭、失误很多、表现很菜的搞笑说法。,"A joking phrase for spectacularly bad gameplay or clumsy performance, used to mock someone whose actions are full of mistakes, awkward decisions, and embarrassingly poor execution.",spectacularly bad gameplay,cabbage and greens,vegetable dish,cheap market food,non-harmful,Quotation
844,train,大点干早点散,表示让对方放开点、快点干完，别拖拖拉拉。,"It means urging people to go harder, act more decisively, and finish the task sooner instead of hesitating, moving slowly, or dragging things out unnecessarily.",go all out and wrap it up sooner,do it bigger and disperse earlier,break up early,start earlier,non-harmful,Slang
845,train,端水大师,指很会一碗水端平、尽量公平照顾各方的人。,"A “master of balancing the bowl” is someone extremely good at treating all sides evenly, carefully handling competing people or interests so that everyone feels fairly considered.",perfectly even-handed person,water master,cup holder,table server,non-harmful,Experience
846,train,端水艺术家黄晓明,指黄晓明在节目中极力追求公平、平衡各方感受的表现。,"This refers to Huang Xiaoming being treated as a celebrity example of someone who tries very hard to stay fair, balanced, and considerate toward everyone involved.",overly careful fairness act,Huang Xiaoming water art,celebrity bartender,variety-show referee,non-harmful,Quotation
847,train,带你去爬山,源自影视梗，表面是爬山，实际暗含“害死你”的黑色幽默。,"It is a coded dark-humor threat that outwardly suggests taking someone on a hike, while actually implying taking them somewhere to kill them.",coded death threat,take you hiking,mountain date,outdoor invitation,harmful,Quotation
848,train,当代陪读书童,形容被生活所迫，只能陪伴、辅助、打杂，处境无奈的人。,"A self-mocking label for someone forced by life to play a supporting, low-status role, stuck accompanying, assisting, and doing miscellaneous tasks while feeling powerless about their situation.",reluctant life sidekick,modern study servant,school assistant,tutoring child,non-harmful,Stylistic device
849,test,大魔法师,“大处男”的委婉代称，常用于调侃长期没有性经验的男性。,"It is a euphemistic joke for an adult male virgin, typically used to tease or mock a man who is presumed to have gone a long time without sexual experience.",male virgin,grand wizard,fantasy mage,spell caster,harmful,Quotation
850,train,等我数学考好了,用提高数学成绩作为拖延借口，表示暂时不想做某事。,"A joking excuse used to postpone something indefinitely, implying that the speaker will only do the task after improving their math grades, while really signaling they do not want to do it for now.",endless delay excuse,wait until my math improves,exam promise,study plan,non-harmful,Stylistic device
851,train,带专人带专魂带专都是人上人,调侃专科生也很自信、也能自称“人上人”。,"A self-mocking or ironic slogan that jokes vocational college students can be just as confident as anyone else, even proudly calling themselves elite or superior people.",ironic vocational superiority,vocational soul slogan,college anthem,school pride song,non-harmful,Quotation
852,train,代入感很强我已经开始生气了,表示被故事、场景或评论强烈感染，已经替当事人感到愤怒。,"It means being so immersed in a story, scene, or comment that you emotionally put yourself in the situation and start getting angry on someone else’s behalf.",vicarious anger,strong substitution feeling,actor training,roleplay anger,non-harmful,Experience
853,train,到点了该抑郁了,嘲讽或调侃把抑郁情绪当成固定时间表、跟风表达的人。,"A sarcastic joke about scheduled or performative depression-posting, mocking people who seem to express depressive feelings as if following a timetable or joining an online trend.",performative sadness,time for depression,clock reminder,sad alarm,non-harmful,Experience
854,train,单机熬夜,指一个人独自熬夜，没有社交互动，只是在夜里自己耗着。,"It means staying up late alone without social interaction, spending the night by oneself with no chatting, company, or shared activity, simply passing time in solitude while remaining awake.",staying up late alone,single-machine late night,LAN party all night,midnight doomscrolling,non-harmful,Stylistic device
855,train,叠甲,在表达观点前先补充大量前提、免责声明或防御性说明，避免被攻击。,"It means adding disclaimers, caveats, or defensive context before stating an opinion, so the speaker can protect themselves from criticism, misinterpretation, or attacks.",preemptive disclaimers,stacking armor,game defense buff,metal layering,non-harmful,Experience
856,test,ddl是第一生产力,拖延症语境，表示不到截止日期前就没有动力开始做事。,"This procrastination joke means that people often cannot find the motivation to start working until a deadline is close, making deadlines the real driver of productivity.",deadline-driven productivity,deadline economy,office slogan,task calendar,non-harmful,Experience
857,train,刀子嘴斧子心,反讽“刀子嘴豆腐心”，指说话毒、内心也狠或恶毒。,"It sarcastically describes someone who not only speaks harshly or viciously but is also genuinely cruel, hard-hearted, or malicious inside.",cruel inside and out,knife mouth axe heart,tofu heart joke,sharp-tongued kindness,harmful,Stylistic device
858,train,电子呕吐物,指深夜发出的矫情、混乱、情绪化文字，像把情绪吐到网上。,"“Electronic vomit” refers to messy, emotional, and often melodramatic text dumped online, especially late at night, as if someone is throwing up their feelings onto the internet.",messy late-night emotional text dump,electronic vomit bag,doomscrolling,oversharing online,non-harmful,Experience
859,test,电子斗蛐蛐,指在网上比较不同角色、作品或人物的战力高低。,"This refers to online power-scaling debates comparing fictional characters or works, where people argue over which character, series, or creator would be stronger or rank higher in imagined matchups.",online power-scaling,digital cricket fight,insect game stream,robot duel,non-harmful,Experience
860,train,电竞孤儿,游戏中骂队友太菜、没人管、像“孤儿”一样乱打的侮辱性表达。,"An insulting gaming phrase for a terrible or clueless teammate, used to mock someone in a game as so bad, unmanaged, or reckless that they seem completely hopeless to play with.",hopelessly bad teammate,esports orphan,basement-dwelling gamer,solo queue noob,harmful,Stylistic device
861,train,冬阴工,“冬阴功”的谐音，用来指辛苦、酸爽、被工作折磨的打工人。,"A punny label for workers exhausted by work, describing employees who feel worn down, overworked, and painfully “seasoned” by the daily grind in a sour yet oddly relatable way.",overworked employee,tom yum worker,spicy soup labor,Thai food office,non-harmful,Homophonic pun
862,test,剁椒鱼头车,形容车身很短、造型像被切掉一截的车型。,"A joking label for a very short-looking car model, used to describe vehicles whose body appears unusually stubby or as if a section has been cut off.",stubby car,chopped pepper fish head car,spicy fish vehicle,tiny food truck,non-harmful,Experience
863,train,赌狗末日,指世界杯等赛事期间赌球失败者的崩溃时刻。,"The phrase refers to the disastrous breakdown or despair of gambling addicts who lose badly while betting on major sports events, especially during tournaments like the World Cup.",sports-betting disaster,gambler dog doomsday,pet betting day,casino festival,harmful,Stylistic device
864,train,电子补丁,指用于万能衔接、哪里不会补哪里的网络表达或内容。,"It refers to a digital filler used to patch gaps in content or conversation, applied flexibly whenever an expression, transition, or piece of online material needs something to connect or cover what is missing.",universal filler,electronic patch,software update,game bug fix,non-harmful,Stylistic device
865,train,电子妈咪,指在网上认的“妈妈”型角色、博主或虚拟陪伴对象。,"An online motherly figure people emotionally attach to is a blogger, role-play persona, or virtual companion who provides comfort, guidance, or emotional warmth like an adopted internet “mom.”",online mom figure,electronic mommy,robot nurse,virtual babysitter,non-harmful,Stylistic device
866,train,电竞贝多芬,形容打游戏或敲键盘速度极快，键盘声像演奏一样密集。,"It describes someone whose keyboard tapping during gaming is so rapid and dense that it sounds almost musical, like an intense performance played on the keys.",keyboard-tapping virtuoso,Beethoven in esports,Mozart-level gamer,button masher,non-harmful,Stylistic device
867,train,电子羽绒服,指让人感到温暖、被治愈的视频、文案或内容。,"“Electronic down jacket” refers to comforting online content, such as videos, captions, or posts, that feels emotionally warm, soothing, and healing, as if it wraps the viewer in a sense of care and reassurance.",emotionally warming content,electronic down jacket,heated blanket app,winter clothing meme,non-harmful,Stylistic device
868,train,单走一个6,网络口头禅，常用来调侃对方操作离谱、很菜或很傻。,"A sarcastic internet catchphrase used to mock someone for making a ridiculous, foolish, or embarrassingly bad move, often implying that their behavior is so absurd it deserves ironic “praise.”",sarcastic nice move,play one six alone,number trick,dice roll,non-harmful,Quotation
869,train,贷款嘲,指事情还没发生、结果还没出来，就提前嘲讽别人。,"It means mocking someone in advance before the outcome is known, making fun of them before something has actually happened or before the final result is clear.",premature ridicule,loan mockery,bank joke,credit sarcasm,non-harmful,Stylistic device
870,test,大便在身体里蠕动,盗版或机翻错误导致的离谱句子，常用来调侃糟糕翻译。,"An absurd mistranslation meme caused by bad subtitles or machine translation, used to mock wildly awkward, nonsensical translated lines that sound unintentionally ridiculous.",absurd mistranslation,poop moving in body,medical sentence,digestion joke,non-harmful,Quotation
871,train,叮咚鸡,深圳疫情期间走红的魔性词，带有洗脑、地方事件梗色彩。,"It refers to a viral catchy phrase from a pandemic-era local meme, remembered for its repetitive, earworm-like sound and its association with a specific regional internet moment during lockdown life.",viral pandemic catchphrase,ding-dong chicken,delivery sound,poultry jingle,non-harmful,Homophonic pun
872,train,大屌萌妹,伪娘圈相关谐音或反差梗，指外表可爱女性化但具有男性身体特征的人设。,"A slang trope for a cute feminine-presenting male or femboy, often used for a character whose soft, girlish appearance contrasts with explicitly male physical traits.",cute femboy,big cute girl,macho girl,anime sister,harmful,Experience
873,train,二次元禁断综合征,指对二次元角色、作品或虚拟形象产生过度迷恋、依赖或恋物化倾向。,"“Forbidden 2D syndrome” describes an excessive fixation on anime, manga, virtual personas, or fictional 2D characters, especially when admiration becomes obsessive, emotionally dependent, or fetishized.",2D obsession,two-dimensional syndrome,forbidden anime disease,cartoon allergy,non-harmful,Quotation
874,train,恶意卖萌,形容刻意装可爱、卖萌过度，反而让人不适。,"It describes forced cuteness that feels deliberate and annoying, where someone tries too hard to act adorable or charming and instead comes across as artificial, excessive, or uncomfortable to watch.",forced cuteness,malicious cuteness sale,cute marketing,baby-talk performance,non-harmful,Experience
875,train,儿时不懂语中意此时已是话中人,小时候不懂某句话的含义，长大后才发现自己已经成了其中的人。,"It describes realizing the painful meaning of a line only after growing up and living through it, when childhood confusion turns into recognition that one has become the very person or situation the words described.",painfully relatable after growing up,childhood sentence,old quote nostalgia,adult grammar,non-harmful,Quotation
876,train,二当家,指家中排行第二的人，常用于调侃老二的家庭位置。,"This meme jokingly refers to the second-born child in a family, highlighting their place as the family’s “number two” and often teasing their middle-like household status.",second-born sibling,second boss,deputy leader,house manager,non-harmful,Experience
877,train,饿龙凤厨,形容既吃得很多，又很会做饭的人。,"Someone who eats a lot and cooks very well, combining a big appetite with strong cooking skills and a reputation for being both an enthusiastic eater and a capable cook.",big eater and great cook,hungry dragon chef,restaurant worker,food-show host,non-harmful,Stylistic device
878,train,鹅毛了,与“emo”类似，表示心情低落、难过或情绪不佳。,"This expression means someone is feeling emotionally down or low, similar to saying they are in an emo mood, sad, discouraged, or generally in a poor emotional state.",feeling down,goose feathered,winter feathers,sad goose,non-harmful,Homophonic pun
879,train,非洲人,抽卡、游戏或运气语境中指运气极差的人。,"A person described this way is someone with extremely bad luck, especially in gacha or games, who repeatedly gets poor draws, bad outcomes, or unlucky results when chance is involved.",unlucky gacha player,African person,travel to Africa,dark skin joke,non-harmful,Stylistic device
880,train,非洲战神,指运气极差，但实力很强、仍能靠技术赢的人。,"A “war god of bad luck” refers to someone who has terrible luck but strong skill, still managing to win through ability and technique despite consistently unlucky circumstances.",unlucky but skilled player,African war god,unlucky mascot,battle tourist,non-harmful,Stylistic device
881,test,坟头草丈五,咒骂别人已经死了很久，带有“去死”或恶毒诅咒意味。,"It is a hostile curse implying that someone is already long dead, or maliciously wishing that they should be dead.",death curse,tall grave grass,cemetery gardening,ancestor worship,harmful,Quotation
882,test,粉丝滤镜,指粉丝因为喜爱偶像，所以怎么看都觉得对方完美。,It describes fan bias where someone likes an idol so much that they view everything about them through a flattering lens and see them as perfect regardless of flaws.,fan bias,fan photo filter,camera beauty mode,idol lighting,non-harmful,Experience
883,test,废柴,形容无能、没用、拖后腿的人。,"It describes a useless or incompetent person who lacks ability, contributes little, or even holds others back in a situation where they are expected to help or perform.",useless person,scrap firewood,broken furniture,lazy afternoon,harmful,Slang
884,train,粉丝滤镜厚,指对偶像过度美化，缺点也能被粉丝看成优点。,"The meme describes extreme idol idealization caused by strong fan bias, where devoted fans overly beautify their favorite celebrity and reinterpret even obvious flaws as charming strengths.",extreme idol idealization,thick fan filter,photo retouching,makeup layer,non-harmful,Stylistic device
885,test,放飞自我,指不再克制自己，开始真实、随性或失控地表现自己。,"To “stop holding back and act freely or wildly” means someone no longer restrains themselves and begins showing their real, spontaneous, or even out-of-control side.",stop holding back,fly oneself away,release a kite,airport escape,non-harmful,Experience
886,train,房子塌了,指偶像人设崩塌、丑闻曝光，粉丝信仰破灭。,"It means an idol’s public image collapses after scandal or exposure, leaving fans disillusioned as the carefully maintained persona they believed in is exposed as false or badly damaged.",idol image collapse,house collapsed,building accident,fan apartment,non-harmful,Quotation
887,train,分手开绿钻,调侃被绿后分手，或因伴侣出轨而关系结束。,"It humorously refers to breaking up after being cheated on, especially when a relationship ends because one partner was unfaithful.",breakup after cheating,open green diamond,VIP music service,green jewelry,non-harmful,Stylistic device
888,train,芳心纵火犯,形容某人魅力很大，到处让人心动。,"A “heart arsonist” is someone so charming and attractive that they make many people fall for them wherever they go, effortlessly sparking romantic interest and admiration.",heartbreaker,heart arsonist,flower-heart criminal,romantic firefighter,non-harmful,Quotation
889,train,翻水水,指在游戏中惨败、操作糟糕或表现拉胯。,"It describes performing terribly or losing badly in a game, especially when someone plays poorly, makes bad moves, or ends up being decisively defeated.",terrible gameplay,flip water,water splash,swimming mistake,non-harmful,Quotation
890,train,放假在家只想匡扶汉室,放假后只想躺平、什么都不想干，用宏大历史口号制造反差。,"It means doing nothing during vacation while jokingly pretending to have a grand mission, using an exaggerated historical-sounding cause to contrast with the reality of just lying around and avoiding responsibilities.",vacation laziness,restore the Han dynasty,historical duty,strategy-game slogan,non-harmful,Stylistic device
891,test,贩卖焦虑,指故意制造紧张、不安或恐惧，以吸引关注或牟利。,"It refers to deliberately creating or amplifying anxiety, insecurity, or fear in others in order to attract attention, increase engagement, or make money from their worries.",manufacturing anxiety for profit,anxiety vendor,panic buying,stress management,non-harmful,Experience
892,train,翻车鱼,形容心理非常脆弱、容易崩溃的人。,"“Flipped car fish” describes an emotionally fragile person who breaks down easily, someone with very weak psychological resilience who may collapse, panic, or become overwhelmed under even minor pressure or setbacks.",emotionally fragile person,overturned car fish,ocean sunfish,aquarium meme,harmful,Stylistic device
893,train,疯求了,四川话表达“疯了”，表示震惊、崩溃或觉得离谱。,"A Sichuan-dialect expression meaning that something or someone has gone crazy, often used to show shock, emotional collapse, or disbelief at a situation that feels absurd or outrageous.",gone crazy,crazy request,mad ball,Sichuan snack,non-harmful,Slang
894,test,反射弧太长,形容反应很慢，过了很久才明白或意识到。,"It means being very slow to understand or react, especially when someone only realizes what happened or gets the point long after everyone else has already moved on.",slow on the uptake,long reflex arc,biology diagram,nerve signal,non-harmful,Stylistic device
895,test,封麦,指歌手不再公开演唱，或停止唱歌活动。,"It means a singer stops singing in public, either by no longer giving public performances or by retiring from song-related activities altogether.",retire from singing,seal the microphone,mute button,closed podcast,non-harmful,Experience
896,train,翻滚吧牛宝宝,“滚犊子”的文明化、可爱化说法，用来让人走开或别烦。,"A softer or cuter way to tell someone to get lost, used playfully or politely to tell someone to go away, stop bothering you, or leave you alone.",polite get lost,"roll, baby cow",farm cartoon,cattle dance,non-harmful,Stylistic device
897,train,父可敌国,形容某人的父亲极有权势、资源或影响力。,"It describes someone whose father has such immense power, resources, or influence that he seems capable of rivaling or overpowering an entire country.",powerful father backing,father fights a nation,patriotic dad,royal parent,non-harmful,Stylistic device
898,train,富贵使我们相遇,讽刺人与人之间的关系建立在利益、金钱或资源之上。,"It mockingly suggests that a relationship or encounter exists because of money, status, profit, or useful resources rather than genuine affection, shared values, or sincere personal connection.",profit-driven connection,wealth made us meet,rich friendship,luxury fate,non-harmful,Experience
899,train,粉色真香定律,指原本嫌弃粉色或某事物，后来却喜欢上了。,"The meme describes someone who initially rejects or looks down on something, often because of its style or image, but later changes their mind and genuinely comes to like it.",changed-my-mind liking,pink fragrance law,color preference,fashion reversal,non-harmful,Quotation
900,test,放青松,用“青青草原”的谐音暗示提醒别人可能被绿。,"It is a punny warning that someone may be getting cheated on, using a playful homophone to hint that their partner might be unfaithful without stating it directly.",cheating warning,plant a pine tree,green forest joke,nature reminder,non-harmful,Homophonic pun
901,test,佛不渡本科以下,调侃招聘门槛高，连“佛”都不渡本科以下学历的人。,It sarcastically jokes that hiring standards are so obsessed with degrees that even a merciful Buddha would not “save” anyone whose education is below a bachelor’s level.,degree-gated hiring,Buddha rejects undergraduates,temple admission,education blessing,harmful,Experience
902,train,复合型老龄青年,指年纪不大，却过着像老人一样养生、低欲望、早睡早起的生活。,"A young person living like an elderly person, keeping a health-focused, low-desire routine with early nights, early mornings, and habits usually associated with old age.",old-soul young adult,compound elderly youth,senior teenager,retirement student,non-harmful,Experience
903,test,放下助人情节尊重他人命运,劝人不要过度插手别人生活，尊重别人自己的选择和后果。,"It means to stop over-helping or interfering in someone else’s life, and instead respect that they should make their own choices and face the results themselves.",mind your own business,drop the helper plot,fate respect ritual,charity withdrawal,non-harmful,Experience
904,train,方便面补一切,调侃方便面像万能材料一样，可以修补各种东西。,"A joke meme saying instant noodles are treated like a universal repair material, as if they can patch, fill, or fix almost anything no matter what is broken.",instant noodles as a universal repair material,instant noodle refill for everything,duct tape cuisine,ramen life hack,non-harmful,Experience
905,test,反矫达人,指专门治矫情、反感过度情绪化表达的人。,"A person described this way is someone good at shutting down melodrama or affected behavior, especially when others are being overly emotional, performative, or needlessly dramatic.",melodrama buster,anti-correction expert,drama doctor,emotional critic,non-harmful,Stylistic device
906,train,饭前开光,讽刺吃饭前必须先拍照发朋友圈，像给食物开光后才能吃。,"It jokingly describes the ritual of taking and posting photos of food before eating, as if the meal must first be ceremonially blessed through social media before anyone can start.",photo-before-eating ritual,bless the meal first,food prayer,restaurant ceremony,non-harmful,Stylistic device
907,train,疯批美人,指外表美丽但性格疯狂、危险或情绪极端的角色。,"A beautiful but unstable or dangerous character is someone whose striking appearance contrasts with a wild, volatile, emotionally extreme, or threatening personality, often making them alluring yet unpredictable.",beautiful but unhinged character,mad-batch beauty,femme fatale,hot mess,non-harmful,Experience
908,test,非法御姐,指外表成熟、像御姐，但实际年龄不符的人设。,"This refers to a character who looks mature, sophisticated, or older in the style of an adult woman, but whose actual age does not match that mature appearance.",mature-looking underage character,illegal older sister,fake office lady,forbidden beauty,non-harmful,Stylistic device
909,train,飞孩子,从“想生孩子”延伸出的夸张表达，表示特别想拥有孩子或被萌到想生。,"It is an exaggerated joke used when someone is so charmed by a cute child or situation that they suddenly feel an intense, playful urge to have a baby.",baby-fever joke,flying child,airborne baby,child delivery,non-harmful,Stylistic device
910,train,反派死于话多,指反派因为废话太多、拖延行动，最后失败或被反杀。,"A trope where the villain loses because they talk too much, wasting time on speeches or taunts instead of acting decisively and giving the opponent a chance to fight back.",talkative villain downfall,villain dies by words,bad-guy speech,final monologue,non-harmful,Experience
911,test,浮生日记,指记录日常生活、心情和琐碎感受的日记式内容。,"Diary-style writing about everyday life and fleeting feelings, usually capturing ordinary routines, personal moods, small observations, and brief emotional impressions in a casual reflective form.",everyday life diary,floating life diary,water journal,travel notebook,non-harmful,Quotation
912,train,废话文学,指说了很多看似深奥但其实毫无信息量的话。,"It refers to writing that sounds profound but says almost nothing, using elaborate or serious-sounding language to create an impression of depth while conveying little real information.",meaningless profundity,nonsense literature,empty textbook,long speech,non-harmful,Experience
913,test,费拉不堪,形容非常窝囊、软弱、不堪一击。,"Describes someone as extremely weak, pathetic, and unable to stand up for themselves, suggesting they are spineless, easily defeated, and incapable of resisting pressure or defending their own interests.",pathetically weak,Fela collapse,broken character,loser costume,harmful,Homophonic pun
914,train,饭锅炸了,形容编造的故事太离谱，假到让人一眼看穿。,"It describes a story so absurd that it clearly feels fake, usually because the details are exaggerated or implausible enough that people can immediately tell it was made up.",obviously fake story,rice cooker exploded,kitchen accident,dinner disaster,non-harmful,Stylistic device
915,train,饭锅爆炸,同样形容故事编得过于夸张、离谱、不可信。,"It describes an exaggerated fabricated story that sounds ridiculous, usually so over-the-top, implausible, or wildly dramatic that people treat it as obviously made up rather than believable.",absurdly fabricated story,pot explosion,cooking failure,fake recipe,non-harmful,Stylistic device
916,train,反向凡尔赛文学,指表面贬低自己，实际是在变相炫耀。,"This refers to humblebragging through deliberate self-deprecation, where someone appears to criticize or downplay themselves while actually drawing attention to something impressive and showing off indirectly.",self-deprecating humblebrag,reverse Versailles literature,anti-palace writing,fake poverty essay,non-harmful,Quotation
917,test,凡学家,指很会用凡尔赛方式炫耀的人。,"A “Versailles expert” is someone skilled at casual bragging disguised as modesty, subtly showing off achievements, wealth, status, or advantages while pretending to complain, be humble, or speak offhandedly.",humblebrag expert,Versailles scholar,French palace expert,brag student,non-harmful,Quotation
918,train,凡尔赛文学,指表面漫不经心、抱怨或谦虚，实则炫耀的文风。,"It refers to casual bragging disguised as complaint or modesty, where someone appears indifferent, self-deprecating, or mildly annoyed while actually showing off their advantages, status, or achievements.",humblebragging,Versailles literature,palace prose,luxury diary,non-harmful,Quotation
919,train,凡尔赛文学家,指精通凡尔赛文学、很会“不经意炫耀”的人。,"A person who writes or speaks in a polished humblebragging style, casually presenting complaints or modest remarks that are actually meant to show off their wealth, talent, status, or good fortune.",humblebrag writer,Versailles writer,royal novelist,luxury blogger,non-harmful,Quotation
920,test,凡尔赛式爱情,指以炫耀、优越感或展示资源为核心的畸形爱情表达。,"A show-off-centered form of romance refers to an unhealthy style of expressing love that revolves around flaunting superiority, status, resources, or enviable advantages rather than genuine emotional connection.",status-flexing romance,Versailles romance,palace love,luxury dating,non-harmful,Quotation
921,test,富婆快乐球,某成人向段子中的不雅物品梗，用来制造低俗或擦边笑点。,"This meme refers to an adult-joke prop associated with rich-woman fantasy humor, typically used to create crude, suggestive, or borderline risqué punchlines in online jokes.",adult rich-woman toy meme,rich woman happy ball,luxury toy,golden sphere,non-harmful,Stylistic device
922,train,飞刀警告,指类似死亡flag的提示，预示角色或事件可能出事。,"It refers to a warning sign or ominous hint, similar to a death flag, suggesting that a character, situation, or upcoming event may soon face something bad, dangerous, or even fatal.",death-flag warning,flying knife warning,weapon alert,blade emoji,non-harmful,Stylistic device
923,train,负债调音师,形容音效制作非常糟糕，像调音师欠钱跑路一样。,"It is a joking insult for extremely bad sound mixing, implying that the audio work sounds so careless and awful that the sound engineer might as well have skipped town in debt.",terrible sound mixer,debt sound engineer,unpaid musician,broken speaker,non-harmful,Stylistic device
924,train,广西公文包,对白色塑料袋的调侃性称呼，像常见随身袋一样。,"A joking nickname for a white plastic bag, used to humorously describe it as if it were a common everyday carryall or informal briefcase.",a joking nickname for a white plastic bag,Guangxi briefcase,office file bag,cheap reusable tote,non-harmful,Stylistic device
925,train,广式双马尾,指蟑螂的两根触角，调侃成广东式“双马尾”。,"It jokingly refers to a cockroach’s two antennae as a “Cantonese-style twin-tail hairstyle,” turning the insect’s feelers into a playful mock fashion description.",cockroach antennae,Cantonese twin tails,hairstyle in Guangdong,insect fashion,non-harmful,Stylistic device
926,test,干饭哥,形容在奥运或赛场语境中专注吃饭、吃得香的选手。,"“Gan Fan Ge” refers to an athlete or person known for focusing hard on eating, especially in Olympic or competitive settings where they are noticed for eating with intense concentration and obvious enjoyment.",meal-focused athlete,rice-eating bro,cafeteria champion,lunch athlete,non-harmful,Quotation
927,test,贵圈真乱,调侃娱乐圈或某个圈子内部关系复杂、八卦混乱。,"A sarcastic remark implying that a particular circle, industry, or community has extremely messy relationships, confusing gossip, and chaotic internal drama.",messy social circle,your circle is expensive,luxury club chaos,rich social group,non-harmful,Experience
928,train,光头强枪法,形容霰弹枪或射击方式威力大但弹道发散、不精准。,"A joking description of powerful but highly scattered shooting, used to describe a shotgun or firing style that hits hard but spreads widely and lacks precision.",scattered shotgun aim,Bald Qiang marksmanship,cartoon hunter aim,shotgun cartoon,non-harmful,Stylistic device
929,train,肝稿,指没日没夜地赶稿、写稿或画稿。,"It means to grind through writing or drawing drafts day and night, working intensely and often without rest to finish manuscripts, articles, scripts, or artwork under pressure.",deadline drafting grind,liver manuscript,draft organ,paper surgery,non-harmful,Experience
930,train,根本停不下来,形容某事非常上瘾、爽感强，让人无法停止。,"Describes something so addictive or satisfying that a person feels unable to stop doing it, consuming it, or coming back for more once they have started.",addictively satisfying,cannot stop at the root,broken brakes,endless loop,non-harmful,Quotation
931,train,狗带,“go die”的音译，表示去死或自己完了。,"“Gou dai” is a transliterated internet phrase meaning “go die,” often used either to tell someone off dramatically or to joke that one is finished, ruined, or doomed.",go die,dog belt,pet leash,canine accessory,non-harmful,Homophonic pun
932,train,高端大气上档次,夸奖某物显得高级、有质感、有排面。,"It is used to praise something for looking classy, premium, well-made, and impressive, suggesting that it has a polished, upscale quality and gives off a strong sense of status.",high-end and classy,high-end air grade,luxury slogan,fancy packaging,non-harmful,Quotation
933,train,葛优躺,指像葛优表情包中那样瘫在沙发上，姿势颓废懒散。,"It describes a lazy, slumped posture on a couch, imitating the meme image of someone sprawled limply and looking drained, idle, or completely unwilling to move.",slumped couch pose,Ge You lying,actor sleeping,sofa meme,non-harmful,Quotation
934,test,怪我咯,反问式讽刺，表示自己不认错或认为这事不该怪自己。,"A sarcastic rhetorical phrase used when someone refuses to accept blame, implying “is that supposed to be my fault?” or suggesting the situation should not be blamed on them.",So it's my fault?,"weird me, huh",mea culpa meme,whatever you say,non-harmful,Experience
935,train,感觉亏了一个亿,形容错失机会、没占到便宜时的巨大遗憾感。,"It describes the exaggerated regret of missing out on a good deal, benefit, or opportunity, as if one had lost a fortune or let an enormous gain slip away.",huge missed-opportunity regret,lost one hundred million,stock market crash,money fantasy,non-harmful,Experience
936,train,钢铁直男,形容木讷、不懂浪漫、不懂女生心思的男性。,"A blunt straight man who is emotionally clumsy and unromantic, often seeming stiff, insensitive, or unable to understand romantic cues and women’s feelings.",clueless straight guy,steel straight man,metal boyfriend,iron gentleman,non-harmful,Experience
937,train,跟谁俩呢,东北方言，用来质问对方态度太狂、说话太冲。,"A Northeastern dialect challenge used to call out someone for being too arrogant or aggressive, meaning “who do you think you are talking to?”",watch your attitude,with which two people,Northeast grammar,two-person question,non-harmful,Slang
938,train,广东人最后的倔强,调侃广东人面对蟑螂时既害怕又嘴硬的反差。,"A joke about pretending to stay brave despite fear of cockroaches, especially mocking the contrast between being visibly scared and still acting stubbornly tough.",brave front against cockroaches,Guangdong’s last stubbornness,southern pride,regional courage,non-harmful,Experience
939,train,关爱智障的眼神,带冒犯性的嘲讽说法，指用怜悯、无语的眼神看蠢人。,"A condescending pitying look toward someone perceived as stupid, used mockingly to suggest the target is so foolish that they deserve silent, exasperated sympathy rather than a serious response.",condescending pity look,caring gaze,charity eyes,hospital look,harmful,Experience
940,test,给跪了,表示彻底服气、佩服到想跪下。,"It means being so impressed that one metaphorically kneels, expressing complete admiration, awe, or humbled respect toward someone’s skill, achievement, or unexpectedly powerful performance.",utterly impressed,give knees,kneeling gift,leg surrender,non-harmful,Experience
941,test,高端黑,指表面夸奖，实际在隐晦讽刺或贬低。,"It refers to subtle criticism disguised as praise, where someone appears to compliment a person or thing while actually using the compliment to mock, belittle, or sarcastically point out flaws.",backhanded praise,high-end black,luxury dark style,premium shade,non-harmful,Stylistic device
942,train,孤儿剪辑师,侮辱性说法，用来吐槽节目或视频剪辑水平极差。,"An insulting phrase for a very bad video editor, used to mock someone whose editing in a show or video is seen as extremely poor, clumsy, or frustrating to watch.",awful editor insult,orphan editor,lonely cutter,abandoned footage,harmful,Stylistic device
943,train,杠铃般的笑声,形容笑声非常夸张、响亮、魔性。,"It refers to extremely loud and exaggerated laughter that sounds over-the-top, infectious, and almost absurdly forceful, often used to describe someone laughing in a dramatic or uncontrollable way.",booming laughter,barbell laughter,gym laugh,weightlifting sound,non-harmful,Stylistic device
944,train,国师所言极是,用古风口吻恭维或调侃某人说得很对。,"A mock-formal, old-fashioned way to say that someone is absolutely right, often used either as exaggerated praise or as playful teasing when agreeing with what they said.",mock-formal agreement,national master speaks,royal adviser quote,court praise,non-harmful,Stylistic device
945,train,给秀儿削个苹果,玩笑式夸奖某人很优秀、很会秀，像奖励他削个苹果。,"This phrase is a playful compliment for someone who performed impressively or cleverly, joking that they deserve a small reward for showing off skill, wit, or excellence.",playful praise for a show-off,peel an apple for Xiu’er,fruit reward,kitchen praise,non-harmful,Experience
946,test,给我的鸡儿放天假,指性生活太频繁或性暗示过强，想让下体休息一下。,"It is a crude joke meaning someone feels sexually overstimulated or exhausted, often from too much sex or heavy sexual innuendo, and wants to give their genitals a break.",sexual-exhaustion joke,give my rooster a day off,farm holiday,gym rest day,non-harmful,Experience
947,train,盖楼,指在评论区一层层回复、接龙或不断叠加评论。,"It means building a long stacked comment thread through repeated replies, where users keep adding responses layer by layer in a comments section, often like a chain or ongoing pile-on.",comment-thread stacking,build a building,real-estate posting,floor counting,non-harmful,Stylistic device
948,train,干啥啥不行吃饭第一名,调侃自己做什么都不行，但吃饭特别积极或能吃。,"This phrase is a self-deprecating joke about being useless or incompetent at most things, but always eager, capable, or first in line when it comes to eating.",useless at everything except eating,does nothing but eat first,competitive eater,good-for-nothing,non-harmful,Slang
949,train,耿直boy,指说话太直接、不拐弯、容易让人尴尬的男生。,"A “gengzhi boy” is a boy or man who speaks too bluntly and directly, often saying exactly what he thinks without softening it, which can make others feel awkward or embarrassed.",blunt guy,upright boy,honest child,straight-line guy,non-harmful,Experience
950,train,钩直饵咸,形容诱饵帖太明显，明知道是钓鱼还很容易引人上钩。,"This describes bait that is extremely obvious and clumsy, yet is still posted to provoke people into reacting, arguing, or taking the bait despite knowing it is intentional.",obvious bait post,"straight hook, salty bait",fishing tackle,seafood trap,non-harmful,Stylistic device
951,train,哥哥进鱼塘吗,暗示把对方纳入暧昧对象或备胎池。,"A flirty joke about adding someone to one’s pool of backup romantic options, implying the speaker wants to keep the other person as a potential ambiguous love interest or fallback choice.",backup-date invitation,brother enters pond,fish farm invitation,dating aquarium,non-harmful,Stylistic device
952,train,干饭了,更粗犷、兴奋地表示要开始吃饭了。,"This is an energetic, rough-edged way to announce that it is time to eat, often with a lively or excited tone before starting a meal.",time to feast,dry the rice,meal alarm,cooking start,non-harmful,Quotation
953,train,狗托,指运气极好的玩家，常被调侃像游戏官方安排的托。,"A player with suspiciously good luck, as if favored by the game, is jokingly described as seeming like someone planted by the developers to make the odds look better.",suspiciously lucky player,dog agent,paid promoter,lucky pet,non-harmful,Stylistic device
954,train,狗屁通,对 ChatGPT 的中文戏称，带调侃、戏谑意味。,"“Gou Pi Tong” is a joking, mocking nickname for ChatGPT, used playfully or sarcastically to tease the AI rather than refer to it by its official name.",mock name for ChatGPT,dog-fart pass,AI nickname,chatbot typo,non-harmful,Homophonic pun
955,test,哥情绪零碎,形容人情绪崩溃、状态破碎、精神不稳定。,"It describes someone whose emotions are shattered and unstable, as if they are mentally falling apart, overwhelmed, and unable to maintain a steady or composed emotional state.",emotionally falling apart,brother’s broken mood,tiny feelings,emotional crumbs,non-harmful,Quotation
956,train,缸内直喷,形容评论或吐槽一针见血、直接喷到点上。,"It describes a sharp comment that hits the point directly, delivering criticism or mockery with precise aim so that the key issue is called out immediately and unmistakably.",brutally on-point comment,in-cylinder injection,car engine term,fuel spray,non-harmful,Stylistic device
957,train,给恋爱脑的姐妹挖野菜,指用“挖野菜”故事提醒恋爱脑女生清醒，不要被感情冲昏头。,It means helping a love-blinded female friend snap out of an unhealthy romance fantasy by warning her not to lose judgment or ruin herself for someone because of overwhelming feelings.,reality check for love-brain,dig wild vegetables,countryside picnic,sister farming,non-harmful,Quotation
958,train,给你寄点土特产,表面说寄地方特产，实际带报复、威胁或恶搞意味。,"It means “a veiled threat framed as sending local specialties,” where a seemingly friendly offer to mail regional gifts actually hints at revenge, intimidation, or a prank at the recipient’s expense.",disguised revenge threat,send local products,souvenir package,regional gift,harmful,Stylistic device
959,test,国王的吃播,指没有实物却假装吃东西的表演，类似“皇帝的新装”式讽刺。,"It describes a fake eating performance with no actual food, where someone pretends to eat something that is not there, often as a satirical nod to people playing along with an obvious illusion.",no-food eating show,king’s mukbang,royal banquet,invisible dinner,non-harmful,Quotation
960,test,工业糖精,指影视或作品中刻意制造、做作不自然的甜蜜情节。,"It describes artificial and forced sweetness in romance content, especially scenes in films, dramas, or other works where affectionate moments feel deliberately manufactured, exaggerated, or unnatural rather than emotionally genuine.",forced romantic sweetness,industrial saccharin,factory candy,sugar chemical,non-harmful,Experience
961,train,giegie,嗲声嗲气地叫“哥哥”的网络写法，常带撒娇、绿茶或调侃意味。,"“Giegie” is a cutesy baby-talk way to call an older brother or male target, often sounding coquettish, spoiled, teasing, or mockingly sweet in online contexts.",cutesy brother call,German greeting,giggle spelling,cute nickname,non-harmful,Homophonic pun
962,train,干饭人,指吃饭积极、对吃饭充满热情的人。,"A “ganfan ren” is someone highly enthusiastic about eating, especially a person who approaches meals with eager energy, treats food as a priority, and is always ready to enjoy a good meal.",enthusiastic eater,rice worker,food employee,cafeteria member,non-harmful,Experience
963,test,肝败吓疯,“甘拜下风”的谐音，表示被震惊到服气或惊异。,"This punny phrase means being so shocked or amazed by someone’s skill, action, or result that you feel forced to admire them or admit defeat.",shocked into surrender,liver failure panic,medical scare,fear of losing,non-harmful,Homophonic pun
964,test,狗粉,针对黑粉或恶意粉丝的贬义称呼。,"This term is a derogatory label for hostile or toxic fans, especially people who attack, harass, or spread negativity while acting like fans or participating in fan communities.",toxic anti-fan,dog fan,pet lover,fan club member,harmful,Experience
965,test,搞快点,催促别人快点行动、快点更新或快点推进。,"A pushy phrase urging someone to hurry up, often used to pressure others to act faster, post updates sooner, or move a process forward without delay.",hurry up,make it faster,speed tool,quick project,non-harmful,Slang
966,train,滚出克,“滚出去”的方言谐音，用于赶人或骂人离开。,"A dialectal way to tell someone to get out, used bluntly to drive a person away or insultingly tell them to leave.",get out,roll out gram,leave the kilogram,dialect joke,harmful,Slang
967,train,黑白屁,指单调、机械、没有新意的夸赞话。,"It refers to bland, repetitive, and empty praise that sounds mechanical or formulaic, offering compliments without freshness, sincerity, or any meaningful substance.",bland praise,black-white fart,grayscale joke,colorless comment,non-harmful,Stylistic device
968,train,毁三观,指某事颠覆了人的基本认知、价值观或常识。,"Something is described this way when it is so shocking, absurd, or morally jarring that it seems to overturn a person’s basic worldview, values, or common sense.",worldview-shattering,destroy three views,bad eyesight,broken values,non-harmful,Experience
969,test,划水,指上班、团队任务或比赛中摸鱼、不出力。,"It means slacking off while pretending to participate, especially at work, in a team task, or during a competition, where someone appears involved but avoids making real effort or contribution.",slack off,paddle water,swimming slowly,boat practice,non-harmful,Stylistic device
970,test,好像身体被掏空,形容极度疲惫、虚脱，像身体被掏空一样。,"It describes feeling completely drained and exhausted, as if all physical energy has been emptied out, often after intense work, stress, illness, or emotional strain.",totally drained,body hollowed out,empty shell,organ theft,non-harmful,Quotation
971,train,黑历史,指过去不想公开、令人尴尬或羞耻的经历。,It refers to an embarrassing or shameful episode from someone’s past that they would rather keep hidden and do not want others to expose or discuss.,embarrassing past,black history,dark archive,old record,non-harmful,Quotation
972,train,毫无ps痕迹,反讽图片修图、P图痕迹非常明显。,"It is a sarcastic praise for an obviously edited image, used to mock a picture whose Photoshop or manipulation traces are so blatant that pretending it looks natural becomes the joke.",obviously photoshopped,no Photoshop trace,perfect photo,clean editing,non-harmful,Stylistic device
973,train,慌得一比,形容内心非常慌张、紧张或不知所措。,"It describes someone feeling extremely panicked or flustered, often so nervous, overwhelmed, or unsure what to do that they seem unable to stay calm or think clearly.",extremely panicked,panic like one,number-one fear,nervous ranking,non-harmful,Slang
974,train,恍惚的病娇姿势,指动漫中病娇角色常见的迷离、危险、诡异姿态。,"A dazed and unsettling yandere-style pose refers to the hazy, dangerous, and eerie posture often associated with obsessive or unstable anime characters.",yandere pose,dazed sick pose,anime medical posture,scary dance,non-harmful,Stylistic device
975,train,喝最烈的酒,源自经典句式，指追求强烈、极致、豪放的体验。,"“Drink the strongest liquor” is a dramatic phrase used to express choosing the boldest, fiercest, and most intense experience, often with a sense of bravado or emotional extremity.",go for the most intense experience,drink high-proof liquor,happy hour slogan,take a drinking challenge,non-harmful,Quotation
976,test,红红火火恍恍惚惚,形容笑到停不下来、精神恍惚的状态。,"It describes laughing so hard and uncontrollably that a person feels dazed, mentally foggy, or briefly unable to think clearly from the intensity of the laughter.",laughing uncontrollably,red and fiery daze,festival mood,confused celebration,non-harmful,Homophonic pun
977,train,he tui,模仿吐痰的音效，用于表达嫌弃、不屑或厌恶。,"“he tui” is an onomatopoeic imitation of spitting, used online to express disgust, disdain, contempt, or rejection toward someone or something.",spitting sound effect,hot tea sound,cough noise,sneeze text,non-harmful,Homophonic pun
978,train,黑心小棉袄,调侃本应贴心的女儿反而坑爹、让父母操心。,"A daughter who is supposed to be caring but instead causes trouble, especially by making her parents worry, creating problems for them, or jokingly “betraying” the warmth and support expected from a devoted child.",troublesome daughter,black-hearted cotton jacket,winter coat,bad sweater,non-harmful,Stylistic device
979,test,或许这就是女人吧,用来吐槽女性行为的万能句，带性别刻板印象和调侃意味。,"This phrase is used as a catch-all joking or mocking comment about women’s behavior, relying on gender stereotypes to frame something a woman does as supposedly typical or predictable.",sexist generalization,maybe this is woman,relationship quote,female mystery,harmful,Experience
980,train,荒唐得令人喷饭,形容事情荒谬到让人忍不住笑喷或震惊。,"It describes something so ridiculously absurd or shocking that people cannot help bursting into laughter, as if they might spit out their food in disbelief.",ridiculously absurd,absurd enough to spray rice,dinner accident,comedy meal,non-harmful,Stylistic device
981,train,皇帝的金锄头,指因认知或生活经验有限，对富贵生活的想象也很贫乏。,"It describes someone whose limited life experience leads them to imagine wealth or luxury in a narrow, simplistic way, revealing a poor imagination of what rich people’s lives are actually like.",poverty-limited imagination,emperor’s golden hoe,royal farming tool,palace shovel,non-harmful,Quotation
982,test,好惨一男的,对某个男性遭遇表示同情，也可带调侃和幸灾乐祸。,"A half-sympathetic, half-mocking comment about a pitiful man, used when a male figure suffers an unfortunate situation and the speaker feels some pity while also teasing or taking slight amusement in it.","poor guy, lol",such a tragic one man,sad male lead,laughing at a loser,non-harmful,Quotation
983,test,划船不用桨,歇后语“全靠浪”，调侃某人不务正业、太浪、太奔放。,"This punny phrase mocks someone as reckless, unserious, or too wild, implying they get by entirely through excessive fooling around, indulgence, or unrestrained behavior instead of doing things properly.",all about messing around,rowing without oars,boat accident,river trip,non-harmful,Stylistic device
984,test,好人卡,表白被拒后，对方说“你是个好人”式的委婉拒绝。,"It refers to a polite rejection after a romantic confession, where the other person softens the refusal by saying something like “you’re a good person” instead of directly accepting the relationship.",romantic rejection card,good-person card,kindness reward,friendship coupon,non-harmful,Experience
985,train,换装play,多出现于二次元、擦边语境，指带有暧昧或成人向意味的角色扮演换装。,"Suggestive costume-based roleplay refers to dressing up as characters or in themed outfits in a way that carries flirtatious, erotic, or adult-oriented overtones, often associated with anime, fandom, or borderline risqué contexts.",suggestive costume roleplay,outfit-changing play,trying on clothes for fashion,cosplay,non-harmful,Experience
986,train,花店不开了花继续开,指人离开、关系结束或事情变化了，但希望、美好或生命仍会继续。,"It means that even when someone leaves, a relationship ends, or circumstances change, life, beauty, and hope continue after someone or something has gone.",hope goes on,flower shop closed,flowers keep opening,empty garden,non-harmful,Quotation
987,train,会说话就多说点,赞赏别人表达得好、说中了大家心声，希望对方继续说。,"Used to praise someone for expressing a point especially well or saying what others are thinking, while encouraging them to continue speaking and say more.",keep saying the right thing,speak more if you can,talking skill,lecture request,non-harmful,Experience
988,train,呵男人,用冷笑口吻吐槽男性，带性别化概括和不满情绪。,"A dismissive sarcastic phrase mocking men, used in a sneering tone to vent frustration or make a gendered generalization about men’s behavior or perceived flaws.",anti-men sarcasm,huh men,male greeting,man laugh,harmful,Experience
989,train,呵女人,用冷笑口吻吐槽女性，带性别化概括和不满情绪。,"A dismissive sarcastic phrase mocking women, used in a sneering tone to vent dissatisfaction or make gendered generalizations about women.",anti-women sarcasm,huh women,female greeting,woman laugh,harmful,Experience
990,train,或许这就是男人吧,用来吐槽男性行为的万能句，带性别刻板印象和讽刺意味。,"This phrase is a sarcastic, gender-stereotyping way to mock or complain about men’s behavior, implying that some frustrating, ridiculous, or predictable action is simply typical of men.",sexist generalization about men,maybe this is man,male mystery,relationship quote,harmful,Experience
991,train,滑坡式许愿,指愿望随着年龄、现实压力或生活变化逐渐缩水。,"It describes wishes becoming smaller and more realistic over time as age, life pressure, or changing circumstances gradually make a person lower their expectations and ask for less.",shrinking life wishes,landslide wishing,mountain wish,falling dream,non-harmful,Stylistic device
992,train,呼啦圈式单身,指虽然单身，但生活、社交或事情很多，一直忙得团团转。,"Being single but constantly busy and spinning through life describes someone without a romantic partner whose work, social life, and daily responsibilities keep them constantly occupied and rushing from one thing to another.",busy single life,hula-hoop single,circular romance,fitness dating,non-harmful,Stylistic device
993,train,河豚精,形容表面文静、平时不显山露水，但内心暴躁、容易鼓起来生气的人。,"A “pufferfish-like person” is someone who seems quiet, mild, or low-key on the surface but is easily inflamed inside, quickly swelling with anger or irritation when provoked.",hidden explosive temper,pufferfish spirit,aquarium person,round fish mood,non-harmful,Stylistic device
994,train,还是吃的太饱了,吐槽别人吃饱了没事干，才会做无聊、离谱或多余的事。,"A sarcastic remark implying that someone has too much free time and no real problems, so they waste energy doing something pointless, absurd, or unnecessarily extra.",too much free time,ate too much,dinner complaint,full stomach,non-harmful,Stylistic device
995,train,还不曾去过倒悬山,表达自己还有未完成的愿望、遗憾或没有抵达理想之地。,"A poetic expression of regret over an unfulfilled journey or dream, used to suggest that one still has unrealized wishes, lingering regrets, or an ideal destination they have not yet reached.",unfulfilled longing,never visited Upside-Down Mountain,fantasy travel,mountain route,non-harmful,Quotation
996,train,呵，oo,用“呵”加对象词表达轻蔑、不屑、无奈或嘲讽情绪。,"This is a dismissive template for sarcasm or contempt toward a target, using a curt interjection plus the named object to signal scorn, disdain, helpless irritation, or mocking disbelief.",dismissive sarcasm,"heh, something",object placeholder,cold greeting,non-harmful,Stylistic device
997,test,呵呵,表面是笑声，网络中常表示冷笑、敷衍、无语或不屑。,"A dry laugh used to show sarcasm, indifference, or contempt, often signaling that the speaker is unimpressed, dismissive, speechless, or only pretending to respond politely.",cold sarcastic laugh,hehe,happy giggle,friendly laugh,non-harmful,Slang
998,train,安徒生,以童话作家安徒生代指会编故事、说谎或把事说得像童话一样不可信的人。,"A sarcastic label for someone who makes up fairy-tale-like lies, implying their story sounds so fabricated, fanciful, or unbelievable that it resembles a fairy tale rather than reality.",liar with fairy tales,Andersen,fairy-tale writer,storybook name,non-harmful,Stylistic device
999,train,爱的魔力转圈圈,指被爱情、洗脑旋律或网络内容弄得晕头转向、上头循环。,"It means feeling dizzy, obsessed, or caught in a looping feeling because of love, an addictive melody, or a catchy meme that keeps spinning around in your head.",dizzy love loop,love magic spinning,dance in circles,romance song,non-harmful,Quotation
1000,train,安能辨我是雄雌,借古诗句表达因打扮、气质或外貌导致性别难以分辨。,"Used jokingly to describe someone whose appearance, styling, clothing, or overall vibe makes their gender difficult to tell, echoing a classical line about not being able to distinguish male from female.",gender-ambiguous presentation,how tell male or female,Mulan quote,animal gender test,non-harmful,Quotation
1001,train,安宁的睡觉,用佛系或放弃挣扎的口吻表示不再反抗，直接躺平休息。,"It means calmly giving up and going to sleep instead of struggling, often with a detached or resigned tone that suggests choosing rest over further resistance.",peacefully giving up,peaceful sleep,bedtime ritual,quiet bedroom,non-harmful,Stylistic device
1002,train,啊，这,表示突然无语、震惊、尴尬或不知道该如何回应。,"This is a brief reaction used when someone is suddenly speechless, shocked, embarrassed, or unsure how to respond to an awkward or unexpected situation.",speechless reaction,"ah, this",grammar fragment,pointing at something,non-harmful,Slang
1003,train,出门左转,表面是指路，实际常用于赶人、骂人或让对方离开。,"It literally sounds like giving directions, but it is used sarcastically to tell someone to leave, go away, or get lost.",get lost,go out and turn left,street direction,navigation tip,non-harmful,Stylistic device
1004,train,此处应该有掌声,用于提醒停顿、带动气氛，表示这里值得鼓掌或应有反应。,"This phrase is used as a cue to pause and prompt the audience to applaud or react, implying that the current moment deserves recognition or a lively response.",applause cue,there is applause here,crickets,pause for effect,non-harmful,Stylistic device
1005,train,富人靠科技，穷人靠变异,吐槽作品中富人通过科技变强，穷人只能靠身体变异获得能力。,"A joke about class-divided power sources in fiction, mocking stories where rich characters become powerful through advanced technology while poor characters can only gain abilities through bodily mutation.","rich get powers through tech, poor through mutations","rich people build gadgets, poor people change bodies",with great power comes great responsibility,the tech-driven wealth gap,non-harmful,Quotation
1006,train,干了这碗恒河水,调侃印度环境脏乱差的梗，带地域刻板印象和冒犯风险。,"It is a regional stereotype joke about drinking polluted river water, used to mock India as dirty or unhygienic and carrying a clear risk of being offensive or discriminatory.",polluted-river stereotype joke,drink this Ganges water,holy river ritual,spicy travel challenge,harmful,Stylistic device
1007,train,躬匠精神,讽刺日本式道歉或职场文化中反复鞠躬、形式大于实质的行为。,"Sarcasm about performative bowing and formal apology culture, mocking situations where repeated bows and ritualized remorse are treated as more important than taking substantive responsibility or making real changes.",performative apology culture,bowing craftsman spirit,artisan apology,Japanese workshop,non-harmful,Homophonic pun
1008,train,兄弟你好香,原是对同性的直白赞美，后因暧昧感变成调侃男生之间亲密感的梗。,"A teasing phrase about overly direct praise between guys, originally a blunt same-sex compliment but now used jokingly to imply playful ambiguity or excessive closeness between male friends.",homoerotic bro joke,"bro, you smell good",perfume compliment,bromance greeting,non-harmful,Stylistic device
1009,train,你算是踢到棉花啦,反向化用“踢到铁板”，形容对方心态好、不反击，让挑衅者无计可施。,"This reverse threat means your provocation has landed on someone so soft-tempered and calm that they will not fight back, leaving your attack with no real target or effect.",like punching a pillow,kicked cotton,met your Waterloo,picked a fight and lost,non-harmful,Quotation
1010,train,女王你好痞,阴阳怪气地嘲讽某些女生自以为酷、霸气，实际显得尴尬。,"A sarcastic jab at someone, usually a girl or woman, who tries to act overly cool, dominant, or queenly but instead comes across as awkward, forced, and embarrassing.",awkward girlboss sarcasm,hello rogue queen,cool girl praise,royal greeting,harmful,Stylistic device
1011,test,你的强来了,土味情话，男生用油腻自信的方式把自己称作“你的强”。,"A greasy, overly self-confident pickup line where a guy refers to himself as the man meant for you, trying to sound charming but coming across as cheesy and self-satisfied.",cheesy macho pickup line,your Qiang is here,strong man arrived,rustic boyfriend line,non-harmful,Homophonic pun
1012,train,OOTD,“今日穿搭”的英文缩写，用于社交媒体分享日常服装搭配。,"OOTD is a social-media tag used when someone shares a photo or post showing their outfit of the day, usually highlighting their daily clothing choices, styling, or fashion coordination.",outfit of the day,out of the door,outfit trend diary,fashion initials,non-harmful,Abbreviation
1013,train,降本增笑,讽刺大厂为了“降本增效”盲目裁员，反而导致混乱和笑话。,"It satirizes corporate cost-cutting that is supposed to improve efficiency but instead causes layoffs, disorder, operational failures, and absurd situations that become unintentionally funny.",cost-cutting backfire,"reduce cost, increase laughs",budget joke,corporate meme,non-harmful,Homophonic pun
1014,train,早F晚E,早上喊“Fighting”努力奋斗，晚上陷入“Emo”伤感低落。,"It describes a daily mood swing from morning motivation to evening sadness, where someone starts the day energized and determined to work hard but ends the night feeling emotional, low, or quietly distressed.","morning hustle, evening emo",morning F night E,alphabet schedule,workday initials,non-harmful,Abbreviation
1015,train,屌丝饮料,指容量大、价格便宜、性价比高，受基层打工人喜爱的饮料。,"It refers to a cheap, large-volume drink seen as good value for money and commonly associated with budget-conscious working-class people who want an affordable refreshment.",budget value drink,loser drink,cheap soda,worker beverage,non-harmful,Stylistic device
1016,train,周六是奋斗者正常工作日,讽刺企业把周六加班包装成奋斗精神，鼓吹过度加班文化。,"A satirical phrase criticizing companies that frame Saturday overtime as a normal duty of dedicated workers, using “struggle” or ambition rhetoric to normalize excessive work culture.",normalized overtime culture,Saturday is worker day,weekend office slogan,overtime calendar,non-harmful,Stylistic device
1017,train,那年我双手插兜，不知什么是对手,形容实力极强、极度自信，完全没有对手。,"A boastful line meaning I was so strong that no opponent mattered, used to express overwhelming confidence and the idea that one’s ability was so far above others that no rival felt worth noticing.",unbeatable swagger,hands in pockets that year,no opponent memory,streamer brag,non-harmful,Quotation
1018,train,浪浪山,代指困住底层打工人、想逃却逃不出的枯燥职场或生活圈。,"It refers to a dull, repetitive work-life trap that ordinary workers feel stuck in, especially a draining job or routine they want to leave but cannot easily escape.",trapped worker life,Langlang Mountain,monkey mountain,workplace village,non-harmful,Quotation
1019,train,学术妲己,讽刺利用美貌、关系或性别化资源获取学术利益的女性形象，带性别污名风险。,"A gendered slur implying academic advancement through beauty or relationships, used to mock a woman as gaining scholarly opportunities or status through attractiveness, personal connections, or sexualized social capital rather than academic merit.",a sexist slur for a woman accused of using beauty or connections to get ahead in academia,academic Daji,campus beauty queen,nepotism in academia,harmful,Stylistic device
1020,train,我的区长父亲,源自电影台词，用来讽刺拼爹、特权和裙带关系带来的不公平。,"It satirizes people who rely on a powerful parent’s status to gain unfair privilege, mocking nepotism, inherited influence, and the social inequality created by connections rather than merit.",nepotism through powerful father,my district-chief father,official family line,political parent joke,non-harmful,Quotation
1021,train,我有点方,“我有点慌”的方言口音变体，表示内心恐惧、紧张、不知所措。,"This phrase is a playful dialect-like way to say someone is feeling nervous, scared, or flustered, especially when they feel panicked, tense, or unsure what to do.",I’m freaking out,I am a little square,geometry panic,dialect typo,non-harmful,Homophonic pun
1022,train,网抑云,调侃网易云音乐评论区充斥虚假、矫情、伤感抑郁评论的现象。,"A mocking term for melodramatic fake-sad posting in music comment sections, especially comments that perform exaggerated heartbreak, depression, or poetic misery in a sentimental and insincere way.",performative sadness comments,NetEase Cloud,sad music app,cloud depression,non-harmful,Homophonic pun
1023,train,奴才进化史,调侃现代职场中打工人为了生活不得不越来越卑躬屈膝。,"A satire of workers becoming more submissive under workplace pressure, mocking how employees may feel forced by livelihood and job demands to act increasingly deferential, obedient, and self-effacing in modern workplaces.",workplace servility arc,servant evolution,ancient palace staff,office promotion path,non-harmful,Stylistic device
1024,train,颠覆式创新,企业高频黑话，常被用来吹嘘微不足道的改进。,"A corporate buzzword used to overstate minor changes as revolutionary, often dressing up small tweaks or routine improvements as if they were bold, industry-changing breakthroughs.",disruptive innovation hype,overturning-style innovation,unicorn startup slogan,minor product update,non-harmful,Slang
1025,train,摘桃子,指别人辛苦完成的工作，在最后关头被领导或同事抢走功劳。,"“Picking peaches” means taking credit for someone else’s hard work at the last moment, especially when a boss or coworker steps in near completion and claims the achievement as their own.",stealing credit,picking peaches,fruit harvest,orchard work,non-harmful,Stylistic device
1026,test,气氛组,原指酒吧里带动气氛的人，现泛指凑人数、烘托气氛的配角。,"It refers to people brought in to create atmosphere or fill out a scene, often serving as background participants whose main role is to make a setting feel livelier or more populated.",hype squad,atmosphere group,party decorations,bar staff,non-harmful,Stylistic device
1027,test,晒薪族,指喜欢在网上公开晒工资、单位和福利待遇的人群。,"People who show off their salary and benefits online are internet users who publicly post about their pay, workplace, perks, and compensation details, often to compare status or attract attention.",salary flexers,salary sunbathers,payroll users,workplace bloggers,non-harmful,Abbreviation
1028,train,精神内耗,指在自我纠结、焦虑和反复控制中消耗心理资源。,"It describes exhausting oneself through overthinking, anxiety, and inner conflict, where a person drains their mental energy by repeatedly worrying, second-guessing, and struggling with their own thoughts.",psychological self-drain,mental friction,brain power bill,emotional battery,non-harmful,Experience
1029,train,田园女权,带贬义的性别议题标签，指被认为只索取权利、不承担义务的所谓女权立场。,"A derogatory label for perceived self-serving feminism, used to criticize a supposed feminist stance seen as demanding rights or benefits while avoiding corresponding responsibilities or obligations.",self-serving feminism label,rural feminism,garden rights,gender debate tag,harmful,Stylistic device
1030,train,摩擦性失业,因换工作、找工作等经济调整过程产生的短期失业。,"Temporary unemployment caused by job search or labor-market transition refers to a short period of being out of work while someone changes jobs, looks for a suitable position, or moves through normal labor-market adjustments.",frictional unemployment,frictional job loss,work gap,layoff wave,non-harmful,Quotation
1031,train,蚂蚁行为,指基层员工在目标不明确时盲目内卷、竞争和消耗。,"It describes directionless workplace competition among low-level employees, where staff blindly overwork, compete, and drain themselves without a clear goal or meaningful purpose.",aimless workplace rat race,ant behavior,insect teamwork,office colony,non-harmful,Stylistic device
1032,train,东厂式管理,形容企业靠打小报告、监控和高压手段管理员工。,"It refers to authoritarian workplace management based on surveillance and informants, where a company controls employees through monitoring, tip-offs, and high-pressure tactics rather than trust or open communication.",surveillance-heavy management,Eastern Depot management,palace security,spy agency office,non-harmful,Stylistic device
1033,test,早C晚A,早上靠咖啡续命，晚上靠酒精催眠的都市打工人常态。,It describes an urban worker’s routine of relying on coffee in the morning to stay functional and alcohol at night to wind down or fall asleep.,coffee-by-day alcohol-by-night,morning C night A,vitamin schedule,alphabet lifestyle,non-harmful,Abbreviation
1034,train,自由飞翔,讽刺企业为限制员工带薪上厕所而采用计时器、屏蔽信号等厕所管理手段。,"A satirical phrase mocking extreme workplace control over bathroom time, especially when companies use timers, signal blocking, or similar measures to restrict employees from spending paid time in the restroom.",toilet-time control satire,fly freely,restroom freedom,office aviation,non-harmful,Quotation
1035,train,养蛊式招聘,同一岗位招多人互相竞争，最后只留一个的残酷淘汰制。,"It means hiring several people for the same role and making them compete in a harsh elimination process, with only one person ultimately kept.",survival-style hiring,raising poison insects,recruitment farm,office survival game,non-harmful,Stylistic device
1036,test,贫穷限制了我的想象力,自嘲普通人难以想象富人的奢靡生活和消费方式。,"It means joking that poverty limits one’s imagination, making it hard for ordinary people to picture the extravagant lifestyles, spending habits, and luxuries of the rich.",poverty limits my imagination,poverty locked my brain,luxury blindness,poor joke,non-harmful,Slang
1037,train,栓Q,“thank you”的土味空耳，常用于表达无语、无奈、讨厌或阴阳怪气。,"A rustic mishearing of “thank you,” this meme is used sarcastically to express speechlessness, helpless annoyance, dislike, or a passive-aggressive sense of being completely done with something.",sarcastic speechless thanks,thank you,rope Q,English learning meme,non-harmful,Homophonic pun
1038,train,莎士比亚没有士,去掉“莎士比亚”中的“士”后谐音像粗俗骂人话，用于戏谑或拐弯骂人。,"It is a word-removal pun that hides a crude insult, used jokingly or indirectly to mock someone by making a famous name sound like vulgar abuse after one character is removed.",hidden dumbass insult,Shakespeare without scholar,literary name joke,missing-character pun,harmful,Homophonic pun
1039,train,丝瓜汤,源自搞笑视频，用来调侃别人脾气大、肝火旺，需要降火。,"This meme is used to jokingly tell someone they are too angry or hot-tempered and need to calm down, as if they should cool off instead of continuing to lose their temper.",calm-down soup meme,loofah soup,vegetable recipe,Chinese medicine joke,non-harmful,Homophonic pun
1040,train,散场PTSD,指参加美好活动结束后产生的怅然若失和失落感。,"It describes the empty sadness after a meaningful event ends, when someone feels lost, wistful, or emotionally unsettled because a joyful gathering, trip, performance, or shared experience is over.",post-event blues,clinical PTSD,venue anxiety,crowd phobia,non-harmful,Quotation
1041,train,三转女人,指婚后围着锅台、老公、孩子转，以家庭为生活中心的女性。,"A gendered phrase for a married woman reduced to domestic routines, centered on cooking, serving her husband, and caring for children until family duties define nearly all of her life.",domesticity-bound wife,three-turn woman,kitchen dancer,family machine,non-harmful,Abbreviation
1042,train,烧死那对异性恋,单身者看到男女情侣秀恩爱时表达嫉妒式愤怒的夸张梗。,"A jealous, exaggerated curse used by single people when they see happy straight couples openly showing affection, expressing mock anger and envy rather than a serious threat.",curse happy straight couples,burn that couple,anime fire scene,FFF inquisition,non-harmful,Quotation
1043,train,送人头,游戏中故意或频繁送死，让对方获得优势，破坏队友体验。,"It means to intentionally or repeatedly die in a game, giving the opposing side an advantage and frustrating teammates by effectively feeding the enemy.",feed the enemy,send a head,team sacrifice,game gift,non-harmful,Experience
1044,train,死宅真恶心,以菜名 “四斋蒸鹅心” 作为谐音伪装，规避平台审核，谐音指代吐槽宅男，ACG语境中对宅男刻板印象的吐槽，也常被御宅族自嘲使用。,"A self-mocking or insulting phrase about extreme otaku behavior, used in ACG contexts to mock stereotypical obsessive male fans and sometimes adopted by otaku themselves as ironic self-deprecation.",otaku self-mockery insult,dead-house disgusting,homebody criticism,anime hygiene joke,harmful,Experience
1045,train,晒妹十天,贴吧中对炫耀妹妹帖的惩罚梗，指封禁十天。,A forum joke about banning users for ten days when they make posts showing off or bragging about their sisters.,ten-day ban for sister-flexing,show sister for ten days,family photo rule,sibling jealousy post,non-harmful,Abbreviation
1046,train,晒妹十循,“晒妹十天”的升级版，指解封后继续循环封禁十天。,"A stronger forum punishment meme for repeated sister-flexing, implying that after each ten-day ban expires, the user is immediately banned again in another ten-day cycle.",looped ban for sister-flexing,ten-cycle sister show,recurring family photo,forum envy loop,non-harmful,Abbreviation
1047,test,神回,指动画或剧集中制作、剧情、演出等极其出色的一集。,"It refers to an exceptionally great single episode of an anime or series, usually praised because its production quality, story, direction, performance, or emotional impact stands out far above the surrounding episodes.",legendary episode,god reply,divine turn,viral comment,non-harmful,Experience
1048,test,丧男,指没有女朋友但不为此烦恼，也不擅长浪漫讨好的人。,"A single man who is emotionally detached from romance, meaning he has no girlfriend but is not troubled by it and is not skilled at romantic gestures or pleasing a partner.",romance-indifferent single man,depressed man,unlucky boyfriend,gloomy bachelor,non-harmful,Stylistic device
1049,test,骚技能,指标新立异、脑洞大开、不按常规的新技能或想法。,"A flashy and unconventional trick or skill refers to a clever, attention-grabbing technique or idea that feels creatively unusual, breaks from normal methods, and often shows off surprising imagination.",flashy unconventional trick,flirty skill,dirty ability,mainstream technique,non-harmful,Experience
1050,train,实锤,指有图片、音视频等确凿证据，证明某事基本坐实。,"It means solid evidence that confirms an event or claim, especially proof such as images, audio, or video that makes the matter essentially established as true.",hard evidence,real hammer,metal proof,rumor screenshot,non-harmful,Experience
1051,test,撕逼,指网络论坛或评论区低质量骂战、揭短和互喷。,"It refers to a messy online flame war full of insults, where people in forums or comment sections attack each other, trade accusations, expose embarrassing details, and argue in a hostile, low-quality way.",online flame war,tear apart,catfight label,formal debate,harmful,Experience
1052,train,扫地僧,表面平凡不起眼，实际实力极强或身份深藏不露的人。,"An unassuming person with hidden extraordinary ability, someone who appears ordinary or easy to overlook but secretly possesses exceptional skill, strength, status, or expertise.",hidden master,sweeping monk,Shaolin janitor,quiet worker,non-harmful,Quotation
1053,test,三秒规则,指食物掉地后三秒内捡起还能吃的民间玩笑规则。,The “three-second rule” is a folk joke claiming that food dropped on the floor is still safe or acceptable to eat if picked up within three seconds.,three-second food rule,three-second response,quick decision rule,anime timing trick,non-harmful,Slang
1054,train,上帝视角,指叙事中全知视角，也指观众知道角色不知道的信息。,"It describes an omniscient perspective beyond the characters’ knowledge, where the narrator or audience can see the full situation and understand information that the people within the story do not know.",omniscient perspective,God camera,heavenly view,author bias,non-harmful,Stylistic device
1055,train,神作,指整体水准极高、设定或剧情非常出色的作品。,"A work regarded as extremely high-quality, usually praised for its overall execution, strong premise, impressive storytelling, or exceptional creative standards that make it stand out as a masterpiece.",masterpiece,divine work,fan favorite,cult setting,non-harmful,Experience
1056,train,虽不明但觉厉,“虽然不明白但觉得很厉害”的缩写，用来吐槽深奥内容。,"It describes something that is hard to understand or feels overly profound, yet still seems impressive, often used jokingly to react to complicated or obscure content.",impressive but incomprehensible,unclear explanation,fake expertise,academic jargon,non-harmful,Abbreviation
1057,train,虽现狗,“虽然现在是单身狗”的缩写，用于自嘲当前单身状态。,"This self-mocking phrase is used to say that, although things are as they are right now, the speaker is currently single and jokingly presenting themselves as a lonely single person.",currently single person,dog now,temporary puppy,campus joke,non-harmful,Abbreviation
1058,train,十动然拒,十分感动，然后拒绝，用于形容深情表白仍被拒。,"It describes a situation where someone is genuinely touched by another person’s heartfelt confession or effort, but still chooses to reject them, especially in a romantic context.",moved but still rejected,ten moves then refuse,love-letter news,polite acceptance,non-harmful,Abbreviation
1059,train,社会人,指有社会经验、江湖气、看起来不好惹的人，常带调侃意味。,"It refers, often jokingly, to someone who presents a streetwise or tough-looking social persona, seeming experienced in real-world social dealings and not easily intimidated.",streetwise tough persona,social person,working adult,Peppa Pig tattoo,non-harmful,Experience
1060,train,私人音效,“死人音效”的谐音，吐槽短视频中反复滥用、令人厌烦的音效。,"It refers to an overused and annoying short-video sound effect, especially one repeated so often in online clips that viewers find it irritating rather than funny or engaging.",overused annoying sound effect,private sound effect,personal ringtone,death sound effect,non-harmful,Homophonic pun
1061,train,私人笑声,“死人笑声”的谐音，吐槽反复滥用、令人听觉疲劳的背景笑声。,"It refers to the overused, annoying canned laughter often inserted into short videos, mocking how repeated background laugh tracks become tiresome and irritating to hear.",overused canned laughter,private laughter,personal giggle,death laugh,non-harmful,Homophonic pun
1062,train,伸手党,指只会向别人索要资源或帮助，却不愿自己搜索和解决的人。,"A ""reach-out hand"" person is someone who constantly asks others for resources without effort, expecting help or materials from others while being unwilling to search, learn, or solve problems independently.",resource beggar,hand-reaching party,help seeker,download fan,harmful,Experience
1063,train,送命题,指怎么回答都容易出错、后果严重的两难问题。,"A question with no safe answer, where any response is likely to be judged wrong or lead to serious consequences, leaving the person trapped in a difficult dilemma.",no-win trap question,fatal exam,life-risk quiz,relationship test,non-harmful,Experience
1064,train,Skr,说唱文化中的拟声词，后用于表示厉害、赞、炫酷。,"“Skr” is a hype ad-lib borrowed from rap culture, used online to react to something as cool, impressive, stylish, or worth praising.",cool hype ad-lib,tire-screech sound,car drift noise,random rap syllable,non-harmful,Quotation
1065,train,圣人婊,强贬义词，指以道德高地绑架别人、打着善良名义伪善的人。,"A sanctimonious hypocrite who weaponizes morality is someone who pretends to be virtuous or kind while using moral superiority to pressure, shame, or control others.",sanctimonious hypocrite,saintly woman,moral role model,charity worker,harmful,Quotation
1066,test,十点差三分,借“9:57”或“21:57”的数字谐音表达“我爱你”。,"“Ten o’clock minus three minutes” refers to 9:57 or 21:57, a numeric sound-alike pun used online to indirectly say “I love you” as a playful love confession.",numeric love confession,9:57 time,clock puzzle,late-night message,non-harmful,Homophonic pun
1067,train,世界破破烂烂总有人缝缝补补,表达世界虽不完美，但仍有人努力修补和改善它。,"It describes people quietly trying to repair an imperfect world, emphasizing that even though life and society may feel damaged or flawed, some people still keep working to make things better.",quietly repairing a broken world,broken world sewing,CSGO comment,crafting quote,non-harmful,Quotation
1068,train,塑料花姐妹,形容女性之间表面亲密、实则虚伪的友情。,"A fake friendship that looks close but lacks sincerity, typically describing women who appear affectionate and sisterly on the surface while their bond is actually shallow, performative, or insincere.",fake female friendship,plastic flower sisters,flower shop friends,unbreakable friendship,non-harmful,Stylistic device
1069,train,社会主义兄弟情,指影视中因审查不能明说的男男感情线，被粉丝委婉称作兄弟情。,"It refers to censored queer-coded male romance in film or television, where an implied relationship between men cannot be stated openly and is instead framed as close brotherhood.",censored queer-coded bromance,socialist brotherhood,political friendship,male teamwork,non-harmful,Experience
1070,train,社身畜地,由“社畜”和“设身处地”组成，指社会人的身份、牲畜般的处境。,"It describes the condition of being a working adult in society while feeling treated like exploited labor, trapped in a dehumanizing role where one’s identity and circumstances resemble those of a burdened work animal.",exploited corporate drone,social animal land,empathetic worker,office identity pun,non-harmful,Homophonic pun
1071,test,手里的鸡腿突然不香了,看到别人更好的东西后，自己原本拥有的东西瞬间变得没意思。,"It describes jealousy making one’s own good thing feel worthless, as seeing someone else with something better suddenly makes what you already have seem dull, unsatisfying, or no longer worth enjoying.",jealousy kills satisfaction,chicken leg lost flavor,food went cold,diet regret,non-harmful,Experience
1072,train,送妈,指故意发表不当言论找骂，引来别人问候家人。,"“Sending mom” means ragebaiting so badly that people start insulting one’s family, typically by deliberately posting offensive or inappropriate comments to provoke abuse and draw personal attacks involving relatives.",ragebait inviting family insults,send mother,family delivery,mother joke,non-harmful,Stylistic device
1073,train,塑料普通话,形容一个人的普通话很不标准，“塑料”表示水平很低。,"It describes someone’s Mandarin as very poor, nonstandard, or heavily accented, with “plastic” implying a low-quality or awkward version of proper Mandarin.",broken Mandarin,plastic Mandarin,toy language,game-rank Mandarin,non-harmful,Stylistic device
1074,train,疏远体谅,形容平时很少见面，但见面依然关系很好的现代友情。,"A low-maintenance friendship that survives distance and infrequent contact, where people rarely meet or talk in daily life but still remain close, understanding, and comfortable with each other whenever they reconnect.",low-maintenance friendship,distant understanding,cold friendship,polite strangers,non-harmful,Stylistic device
1075,train,声优之盾,指ACG作品出问题时，让声优替制作方承担舆论压力或出面道歉。,"“Using voice actors as a shield for production mistakes” means making voice actors absorb public criticism or apologize on behalf of the creators when an anime, game, or related production has problems.",scapegoating voice actors,voice-actor shield,dubbing defense,anime apology,non-harmful,Stylistic device
1076,test,失踪人口,网络中指很久不更新、不露面的UP主或创作者。,"It describes an inactive creator who has disappeared from public posting, especially an uploader or online personality who has not updated, appeared, or interacted with their audience for a long time.",disappeared creator,missing person,lost citizen,offline user,non-harmful,Stylistic device
1077,train,说多了都是泪,表示过往经历太伤心、尴尬或无奈，不愿多说。,"It means the experience was too painful or embarrassing to talk about in detail, so the speaker avoids explaining further and implies that saying more would only bring back regret, sadness, or helplessness.",painful to talk about,"too many words, all tears",sad speech,crying story,non-harmful,Experience
1078,train,神仙组合,指非常优秀、强强联合、令人惊叹的组合。,"It describes an amazingly strong or ideal combination, where already outstanding people, things, or qualities come together in a way that feels impressive, powerful, and almost perfect.",dream team,immortal group,fairy team,celebrity pairing,non-harmful,Experience
1079,train,啥家庭啊家里有矿啊,讽刺别人花钱大手大脚，好像家里特别有钱。,"Used to mock someone for spending money extravagantly, implying they act as though their family is extremely wealthy and can afford anything without concern.",spending like you’re loaded,what family has a mine,coal family,rich household joke,non-harmful,Quotation
1080,train,是个狼人,由“狠人”演变而来，表示比狠人还狠，做事出人意料且有效。,"It describes someone unusually ruthless, bold, or impressively unconventional, especially a person whose surprising actions go beyond ordinary toughness and somehow achieve an effective result.",absolute savage,werewolf person,wolf player,beast mode,non-harmful,Experience
1081,train,送去新疆摘棉花,调侃乱说话或乱评论的人应被送去做艰苦体力劳动。,A joking punishment suggesting that someone who says foolish or inappropriate things should be sent away to do exhausting hard labor as a humorous form of discipline.,jokingly send them to do hard labor,mail cotton to Xinjiang,summer camp on a farm,go touch grass,harmful,Experience
1082,train,三集定律,ACGN中指看番至少看三集再判断，也指第三集常有高能转折。,"The “three-episode rule” means that viewers should watch at least three episodes of an anime or show before judging it, since the third episode often brings a major twist or turning point.",three-episode rule,three-episode law,anime schedule,third lesson,non-harmful,Experience
1083,test,世界是我看的坟,表达享受孤独、不愿与外界交流的态度。,"A darkly humorous expression of preferring solitude and emotional distance, used to convey enjoying being alone and deliberately avoiding interaction or emotional engagement with the outside world.",solitude-loving detachment,the world is my graveyard,cemetery worldview,lonely tomb keeper,non-harmful,Stylistic device
1084,train,手动狗头,在反讽或玩笑后手动标注“狗头”，表明自己是在开玩笑，避免误伤。,"Manual dog head"" is used after a sarcastic remark or playful jab as an explicit joking marker, signaling friendly teasing and helping prevent the comment from being taken as a serious insult.",sarcasm safety tag,manual dog head,typed emoji,dog sticker,non-harmful,Experience
1085,train,酸爽,形容酸中带麻、难受又刺激，也可表达无奈或出乎意料的感觉。,"It describes a painfully refreshing or oddly satisfying mixed feeling, where discomfort, surprise, helplessness, and stimulation combine into an experience that feels both hard to endure and strangely invigorating.",painfully satisfying feeling,sour and cool,pickled noodle taste,strange refreshment,non-harmful,Quotation
1086,train,时间是把杀猪刀,感叹时间让人变老、改变容貌或造成物是人非。,"The phrase means that time ages everyone and changes everything, often used with a sigh to lament how people’s looks, circumstances, or familiar things have changed beyond what they once were.",time is cruel,time is a butcher knife,pig-slaughtering blade,aging metaphor,non-harmful,Stylistic device
1087,train,杀父之仇不过如此,表达极大愤怒或怨气，像有深仇大恨一样。,"It is an exaggerated way to describe extreme anger or a deep grudge, implying someone is acting as if they holds an intense personal hatred or unforgivable resentment.",extreme grudge,father-killing revenge,family feud,ancient hatred,non-harmful,Stylistic device
1088,test,杀疯了,形容某人表现极其强势、状态爆炸，也可指疯狂杀戮。,"It describes someone performing at an unstoppable and overwhelming level, dominating a situation with explosive momentum and making their success or impact feel impossible for others to resist.",unstoppable performance,killed like crazy,violent scene,gaming kill count,non-harmful,Experience
1089,test,上头,指一时冲动、情绪上来，或被某内容刺激到难以自控。,"It describes becoming impulsive, obsessed, or emotionally carried away when a feeling, situation, or piece of content hits so strongly that someone temporarily loses self-control or clear judgment.",losing control from excitement,go to the head,drunk feeling,brain rush,non-harmful,Slang
1090,train,少看亿集,指剧情突然跳跃、前后脱节，让人感觉自己少看了很多集。,"It describes the feeling that a story has suddenly jumped ahead or lost continuity, making the viewer feel like they missed huge chunks of plot between one scene and the next.",massive plot-jump confusion,watched one hundred million fewer episodes,skipped channel,missing season,non-harmful,Stylistic device
1091,test,散装英语,指日常说话中夹杂不标准英文，形成搞笑的中英混杂表达。,"It refers to broken code-mixed English scattered into Chinese speech, where someone casually inserts nonstandard English words or phrases into everyday conversation, creating a humorous mixed-language effect.",broken code-mixed English,loose English,scattered language,English fragments,non-harmful,Stylistic device
1092,train,神父换碟,吐槽视频配乐难听、不搭画面或突然变风格，希望更换BGM。,"Used to complain that a video’s background music sounds bad, clashes with the visuals, or suddenly changes style, implying that the music should be replaced with something more fitting.",change the bad BGM,priest changes disc,church DJ,JOJO music,non-harmful,Quotation
1093,train,是洋葱我加了洋葱,用来强调某个关键因素才是决定性原因，也可作为万能解释。,"It is a joking way to explain that one crucial “ingredient” or factor was what made all the difference, often used as a catch-all reason for why something worked or changed.",key-factor explanation,"it was onion, I added onion",cooking secret,movie quote,non-harmful,Quotation
1094,train,守夜冠军,指熬夜熬到最晚的人，自嘲像赢得了冠军。,"It jokingly refers to the person who stays up the latest like a champion, often used self-deprecatingly to describe someone who has outlasted everyone else in staying awake late into the night.",last-one-awake champion,night-watch champion,sleep contest,late-night medal,non-harmful,Stylistic device
1095,test,手搓核弹,形容角色徒手释放出威力巨大、像核弹一样的攻击。,"Describes a character creating an overwhelmingly powerful attack by hand, as if unleashing a nuclear-level blast without weapons or machinery.",hand-cast nuke attack,hand-rubbed nuclear bomb,homemade weapon,explosion trick,non-harmful,Stylistic device
1096,train,输出全靠吼,吐槽角色或玩家主要靠大喊招式名来制造输出效果。,"The meme describes a character or player whose attacks seem powered mainly by shouting, as if loudly yelling move names is what creates the actual damage or combat impact.",shouting-powered attacks,yell-based productivity,megaphone DPS,anime battle cries,non-harmful,Experience
1097,train,生气给魔鬼留地步,劝人不要生气，因为愤怒会让邪恶趁虚而入。,"It means that getting angry creates an opening for evil or harmful impulses to take hold, so people should avoid letting anger control them.",anger gives evil a foothold,save a seat for the devil,the devil made me do it,count to ten when angry,non-harmful,Slang
1098,train,生命探测仪,对验孕棒的委婉调侃称呼。,"Life detector"" is a euphemistic joke for a pregnancy test, humorously describing the device as something that detects whether a new life may be present.",a joking euphemism for a pregnancy test,vital signs detector,stork delivery notice,baby fever,non-harmful,Quotation
1099,test,扫地老太太,指看似普通平凡，实际上能力或经验很强的老太太。,"An ordinary-looking old woman with hidden exceptional ability, used to describe an elderly woman who seems plain or unremarkable but actually has great skill, experience, or surprising competence.",hidden-master old lady,sweeping old lady,cleaning grandma,hidden janitor,non-harmful,Quotation
1100,train,手拿菜刀砍电线一路火花带闪电,夸张顺口溜，形容自己很霸气、很社会、很张扬。,"An exaggerated swagger line about being bold and flashy, used to jokingly portray oneself as tough, showy, and full of dramatic confidence.",over-the-top swagger,chopping wires with a kitchen knife,electric accident,street rhyme,non-harmful,Stylistic device
1101,train,食我压路机啦,源自《JOJO》，用压路机攻击对手的霸气台词梗。,"A dramatic road-roller attack meme used to show overpowering force, invoking an exaggerated finishing move where someone crushes an opponent with overwhelming, theatrical dominance.",road-roller attack meme,eat my road roller,construction vehicle attack,DIO quote,non-harmful,Quotation
1102,train,死人即赢家,指已死角色因无法再失败，反而被美化成无法超越的存在。,"It means dead characters become untouchable because memory idealizes them, as their deaths prevent further failure and allow fans or audiences to elevate them into figures no living character can surpass.",dead characters become legends,dead people win,graveyard victory,plot armor after death,non-harmful,Stylistic device
1103,train,摄影穷三代单反毁一生,调侃摄影爱好极其烧钱，会让人不断投入设备。,"This meme jokes that photography is such an expensive hobby, especially because of constant spending on cameras and gear, that it can drain a person’s finances for years or even ruin their life savings.",photography money pit,photography makes three generations poor,camera curse,lens addiction,non-harmful,Experience
1104,train,死兆星,指预示死亡或悲惨结局的凶兆。,"It refers to an ominous sign or foreshadowing that suggests someone is heading toward death, disaster, or an otherwise doomed and tragic ending.",omen of doom,death star,Hokuto star,bad luck charm,non-harmful,Quotation
1105,train,上分工具,指游戏关系中被别人当作提升段位的工具人。,"A skilled player used only to help someone climb ranks, treated less like a teammate or friend and more like a convenient tool for winning matches and improving another person’s competitive standing.",used as a rank booster,score-adding gadget,gaming duo partner,carry teammate,non-harmful,Experience
1106,train,刷锅水届的卡丽熙,用“刷锅水”调侃难喝咖啡，再用“卡丽熙”夸张封号。,"A sarcastic mock-royal title for terrible coffee, implying it tastes like dirty dishwater or pot-rinsing water while exaggerating the insult with an overblown queenly nickname.",mock-royal title for dishwater coffee,the pot-washing Khaleesi,Mother of Dragons coffee blend,cheap coffee nickname,non-harmful,Stylistic device
1107,train,树新风,“Tree New Bee”的直译谐音，近似“吹牛逼”，用于调侃吹牛。,"This phrase is a sound-alike pun used to tease or mock someone for bragging, exaggerating their abilities, or talking big in a way that sounds boastful or unserious.",bragging pun,tree new wind,forest reform,new-style tree,non-harmful,Homophonic pun
1108,test,树新蜂,与“树新风”同类的“Tree New Bee”谐音梗，用来委婉调侃吹牛。,“Tree New Bee” is a playful homophone pun used to gently tease or call out someone for exaggerated bragging without sounding too direct or harsh.,playful brag-callout pun,tree new wind,busy bee slogan,humblebrag,non-harmful,Homophonic pun
1109,test,双厨狂喜,指同时喜欢两件事物的爱好者，在看到二者联动或同框时极度兴奋。,"It describes the extreme joy a fan feels when two beloved fandoms, characters, creators, or interests they care about appear together, collaborate, or are referenced in the same moment.",crossover-fan delight,two chefs rejoice,kitchen fandom,double cooking,non-harmful,Experience
1110,test,肾炎,“神颜”的谐音，指艺人或人物外表极其出众。,"This term is a pun used to describe someone, often a celebrity or public figure, as having god-tier beauty or exceptionally stunning looks.",god-tier looks,nephritis,idol illness,face fever,non-harmful,Homophonic pun
1111,train,是我站的还不够高吗,表达自己努力却没有回报时的困惑、不甘，也常用于幽默自嘲。,"A self-mocking expression of confusion and frustration about trying hard, putting in effort, or aiming higher, yet still receiving no reward, recognition, or satisfying result.",effort-without-reward frustration,am I not standing high enough,ladder problem,height complaint,non-harmful,Quotation
1112,test,说最怂的话打最狠的架,形容角色嘴上害怕认怂，但动手时异常凶猛。,"It describes someone who sounds frightened, cautious, or submissive when speaking, yet becomes unexpectedly fierce and aggressive in action, especially when actually fighting.","timid in words, ferocious in a fight",the most cowardly speech,keyboard warrior,all bark and no bite,non-harmful,Experience
1113,train,所以爱会消失对不对,用来调侃式质问感情变淡、朋友冷落或关系疏远。,"It is a joking question used to tease or lightly accuse someone when affection seems to be fading, such as when a friend becomes distant, a relationship feels colder, or someone appears less caring than before.",playful love-fades complaint,"so love disappears, right",family drama quote,emotional interrogation,non-harmful,Quotation
1114,train,拖拉机长相法拉利气质,形容外表普通甚至土气，但内在气质、能力或魅力很强。,"It describes someone who looks ordinary or even unfashionable on the outside, but has an unexpectedly strong inner charisma, presence, ability, or charm.","plain outside, charismatic inside",tractor-looking Ferrari,farm-car style,luxury vehicle aura,non-harmful,Stylistic device
1115,train,treetree的,东北口音“脆脆的”的搞笑写法，用来形容食物口感清脆。,"“Treetree” is a playful dialect-inspired spelling used to cutely describe food with a crisp, crunchy texture, especially when mimicking a Northeastern accent for humorous effect.",crispy-crunchy,tree tree,forest flavor,English pronunciation joke,non-harmful,Homophonic pun
1116,test,天胡,原为麻将术语，现泛指游戏或比赛一开局就获得巨大优势。,"This term describes gaining a huge advantage right at the start of a game, match, or competition, as if the opening situation is already overwhelmingly favorable.",perfect opening advantage,heavenly mahjong,sky tiger,lucky tile,non-harmful,Quotation
1117,train,团灭,指团队游戏中整个队伍全部被消灭，也可泛指团队彻底失败。,"The phrase means that every member of a team is eliminated in a game, or more broadly that the entire team gets wiped out or completely defeated.",team wipe,group disappeared,team vacation,squad reset,non-harmful,Experience
1118,train,跳票,指游戏、作品或项目无法按承诺时间发布，延期兑现。,"It means failing to release or deliver a game, creative work, project, or promised result at the announced time, causing it to be postponed beyond the original commitment.",delayed release,ticket jumping,bounced check,empty ticket,non-harmful,Stylistic device
1119,train,铁三角,指三个人或三个组织形成稳定、牢靠的固定组合。,"It describes a stable and reliable three-person or three-party partnership, where three individuals, groups, or organizations form a fixed combination that is trusted, enduring, and difficult to break apart.",iron triangle,three iron corners,Bermuda Triangle,dynamic duo,non-harmful,Slang
1120,train,套路,指精心设计的手段、话术或算计别人的固定操作。,"It refers to a planned trick, formula, or manipulative routine, often involving carefully designed tactics, scripted talk, or repeated moves meant to influence, trap, or take advantage of someone.",calculated scheme,martial arts sequence,repeated pattern,script template,non-harmful,Experience
1121,train,躺着也中枪,指自己明明没做什么，却无辜被牵连或攻击。,"It means being dragged into trouble despite doing nothing, especially when someone is unfairly blamed, criticized, or caught up in a conflict they had no part in.",caught in the crossfire,shot while lying down,movie gun scene,lazy accident,non-harmful,Quotation
1122,train,脱粉,指原本是粉丝，后来因某些原因不再喜欢并退出粉丝群体。,"It means stopping being a fan of someone or something, usually after losing interest, feeling disappointed, or choosing to leave the fan community one previously belonged to.",stop stanning,powder removal,makeup off,fan dust,non-harmful,Experience
1123,train,土豪我们做朋友好不好,调侃有钱人花钱大方，自己想和土豪做朋友。,"This phrase jokingly expresses a desire to become friends with a wealthy, free-spending person, implying that the speaker is attracted to the benefits of their money.",be my rich friend,rich friend request,local tyrant greeting,money friendship,non-harmful,Quotation
1124,train,童年阴影,指小时候看过的恐怖或惊悚内容留下的深刻心理记忆。,"It describes a scary childhood memory, often from horror or suspenseful media seen when young, that left a deep impression and still feels haunting later in life.",childhood trauma memory,childhood shadow,dark nursery,old cartoon memory,non-harmful,Experience
1125,train,土肥圆,指形象土气、微胖、普通的人，常用于自嘲或调侃。,"It is a self-mocking label for being unfashionable, chubby, and plain-looking, often used to jokingly describe oneself or tease someone as ordinary, unstylish, and lacking a polished appearance.",plain chubby look,earthy fat round,potato body,rustic circle,harmful,Experience
1126,train,图样图森破,"“too young, too simple”的中文音译，讽刺对方想法太天真。","It mockingly describes someone as naive and simplistic, suggesting their ideas are immature, overly simple, and lacking the experience or realism needed to understand the situation properly.","too young, too simple",picture pattern forest break,English accent joke,young forest,harmful,Homophonic pun
1127,train,贴脸开大,原为游戏中近距离放大招，后形容社交中贴得太近、过分热情或冒失。,"It describes being overly intense or intrusive at very close range, like pushing in too close socially with excessive enthusiasm, pressure, or boldness that feels abrupt and uncomfortable.",coming on too strong,cast an ultimate at someone's face,face-to-face magic duel,pulling off a gaming combo,non-harmful,Stylistic device
1128,train,土豆精,调侃看似傲娇精明，实际土气、憨憨、呆萌或像土豆一样的人。,"A “potato spirit” is a teasing way to describe someone who may seem proud or clever but is actually goofy, rustic, potato-like, and awkwardly cute in a silly, endearing way.",goofy potato-like person,potato spirit,vegetable monster,farm fairy,non-harmful,Stylistic device
1129,train,拖拉机式努力,指口号喊得很响、准备很久，但真正行动很少且容易放弃。,"It describes effort that starts loudly but moves slowly and quits easily, with lots of slogans, preparation, or declared determination but little real action and a tendency to give up soon.",slow-starting fake effort,tractor effort,farm machinery work,engine noise,non-harmful,Stylistic device
1130,test,唐僧男孩,指非常受女孩欢迎、让人想靠近追求的男孩。,"A “Tang monk boy” refers to a boy who is especially popular with girls, seems highly attractive or desirable, and makes many people want to get close to him or pursue him romantically.",girl-magnet boy,Tang Monk boy,monk romance,pilgrimage crush,non-harmful,Stylistic device
1131,train,套路深啊,感叹别人手段、设计或话术很深，让人防不胜防。,"It expresses marveling that someone’s trick or scheme is unexpectedly clever, often implying their tactics, setup, or persuasive wording are so deep and calculated that others are caught off guard.",clever scheme,deep routine,deep martial form,hidden script,non-harmful,Experience
1132,train,天龙人,原指作品中的特权贵族，后用于嘲讽优越感强、瞧不起别人的人。,"A privileged person who acts superior to others, often used mockingly for someone who enjoys special status, looks down on ordinary people, or behaves as if they are above everyone else.",entitled elitist,heavenly dragon person,divine-right king,teacher's pet,harmful,Stylistic device
1133,train,跳起来打你膝盖,自嘲身高很矮，跳起来也只能打到对方膝盖。,"A self-deprecating joke about being very short, implying that even if the speaker jumped as high as they could, they would still only be able to hit someone’s knees.",short-person self-mockery,jump to hit your knee,short fight move,knee attack,non-harmful,Stylistic device
1134,train,他带我去了美特斯邦威,源自《一起来看流星雨》台词，因普通品牌被夸得过于梦幻而产生反差喜感，用于讽刺夸赞过度。,"It describes overpraising something ordinary or unimpressive as if it were glamorous, luxurious, or dreamlike, creating humorous contrast and often mocking exaggerated compliments.",Excessive praise with a touch of irony,He took me to Metersbonwe,mall shopping scene,idol drama quote,non-harmful,Quotation
1135,train,他走的很安详火烧的很旺,不是指真实死亡，而是调侃别人作死、坑了自己后“下场很好笑”。,"A darkly humorous phrase used to mock someone who brought trouble on themselves, implying that their self-inflicted downfall is funny rather than expressing any real wish or report of death.",deserved self-own,peaceful funeral fire,calm departure,burning ceremony,non-harmful,Stylistic device
1136,test,铁锅炖自己,源自影视台词，用“把自己炖了”来夸张表示道歉或认错。,"An exaggerated joke about “stewing oneself” as self-punishment, used humorously to apologize, admit fault, or show extreme remorse after making a mistake.",a joking self-punishment apology,stew myself in an iron pot,the pot calling the kettle black,my bad,non-harmful,Quotation
1137,train,碳水寄生虫,指一顿饭离不开碳水，明知要控制主食却依然离不开的人。,"A “carb parasite” is someone who cannot live without carbs, needing rice, noodles, bread, or other staple foods at every meal even when they know they should cut back.",carb-dependent person,carbohydrate parasite,rice addict bug,diet failure,non-harmful,Stylistic device
1138,train,捅了情侣窝,指到处都看见情侣秀恩爱，像是不小心捅到了情侣聚集地。,"It means feeling surrounded by couples showing affection everywhere, as if you have accidentally stumbled into a place packed with people openly displaying their romance.",surrounded by couples,poked a couple nest,lovebird hive,dating trap,non-harmful,Stylistic device
1139,train,铁树不开花,指人不开窍、不懂变通、不懂情调，尤其可用于吐槽恋爱迟钝。,"It describes someone who is emotionally rigid, clueless, or unromantic, especially a person who fails to pick up on romantic cues, lacks flexibility, or seems stubbornly unable to understand feelings.",romantically clueless,iron tree not blooming,plant problem,rare flower joke,non-harmful,Stylistic device
1140,train,踢到铁板,指本想欺负别人，结果遇到更厉害的对象，自己吃亏。,"It means trying to bully or take advantage of someone, only to discover they are much tougher or more capable than expected and ending up suffering the consequences yourself.",messed with the wrong person,kicked an iron plate,foot injury,metal obstacle,non-harmful,Stylistic device
1141,train,听君一席话白读十年书,戏仿“胜读十年书”，吐槽对方说话毫无营养、逻辑混乱。,"This sarcastic phrase mocks someone for saying something so empty, illogical, or pointless that listening to them feels like a complete waste rather than gaining any useful insight.",useless nonsense speech,"heard your speech, wasted ten years of books",bad lecture,failed wisdom quote,harmful,Experience
1142,test,同一片海,指人各有自己的世界和圈子，不是所有人都能共鸣或同行。,"It means that people inhabit different worlds and circles, so they may not share the same space, feelings, resonance, or path with one another.",different life worlds,same sea,fish world,ocean metaphor,non-harmful,Quotation
1143,train,偷心盗贼,形容某人魅力很大，让人心动，像偷走了别人的心。,"Describes someone so charming and attractive that they makes others fall for them, as if they were a thief stealing people’s hearts.",heart-stealer,cardiac burglar,Cupid's arrow,smooth talker,non-harmful,Stylistic device
1144,train,腿肉,同人圈中指因喜欢的CP粮太少，只能自己创作来满足需求的作品。,"Fan-made content created because there is too little existing material refers to works fans make themselves to satisfy demand when their favorite pairing or fandom has too few existing stories, art, or other materials.",self-made fanwork,thigh meat,fandom food,self-cut meat,non-harmful,Abbreviation
1145,train,他只是个孩子,用来讽刺家长或他人以“还是孩子”为理由替熊孩子开脱。,"It is used sarcastically to mock people who excuse a child’s bad behavior by saying they are “just a kid,” shielding spoiled or disruptive children from responsibility.",the 'he's just a kid' excuse,a literal child,it takes a village,spoiled brat,non-harmful,Quotation
1146,train,铁马是你冰河也是你,改编古诗意象的文艺情话，表达思念和喜欢对方。,"A poetic romantic line adapted from classical imagery, meaning that in the speaker’s dreams and longing, every grand or tender image ultimately becomes the beloved.",poetic love confession,iron horse and icy river,Lu You poem,dream battlefield,non-harmful,Stylistic device
1147,train,天然呆,指不是刻意装傻，而是自然流露出的迟钝、笨拙、纯真可爱。,"It describes someone who is naturally clumsy and innocent in a cute way, seeming slow, awkward, or naive without pretending, which makes their behavior feel endearing rather than deliberately foolish.",natural airhead,natural fool,fake dumbness,cute acting,non-harmful,Experience
1148,train,他真的是那种很少见的那种,源自电影台词，用前言不搭后语的方式夸张形容某人或某物很罕见。,"A comically awkward way to say someone or something is rare, using a disjointed, repetitive phrasing that humorously exaggerates how unusual or hard to find that person or thing is.",awkward rare-thing praise,that rare kind of kind,police report line,mermaid quote,non-harmful,Quotation
1149,test,唐氏表演法则,源自《爱情公寓》中唐悠悠的搞笑表演理论，用于调侃不专业但自成体系的表演方式。,"Law of Tang's Performance"" refers to a mock-serious acting theory used to tease amateurish performance that looks unprofessional yet oddly systematic, often jokingly applied to exaggerated or self-styled acting methods.",amateur acting theory,Tang acting rules,sitcom method acting,stage formula,non-harmful,Quotation
1150,train,提桶跑路,指因不满工作、环境或待遇，迅速收拾东西离职跑路。,"It means abruptly packing up and leaving a job or place because the work, environment, treatment, or overall situation has become unbearable.",rage-quit job,carry a bucket and run,factory luggage,bucket escape,non-harmful,Experience
1151,train,汤加可乐白给时刻,指状态看似很好、气势很足，结果马上失误送掉，形成强烈反差。,"A moment where someone appears confident, energized, or in control, only to immediately make a bad mistake that ruins the situation and creates a sharp contrast with the earlier hype.",hype-then-fail moment,soup plus cola moment,magic drink buff,streamer beverage,non-harmful,Stylistic device
1152,train,太常规了,表面说表现很普通，实际是在凡尔赛式炫耀自己很强。,"It means pretending that an unusually strong or impressive performance is merely routine or ordinary, often as a humblebrag to show off one’s ability while acting casual.",humblebrag after showing off,too normal,regular operation,streamer catchphrase,non-harmful,Stylistic device
1153,train,铜墙铁壁女,指对异性关系极度隔绝、身边几乎没有男性朋友或恋爱机会的女生。,A woman with an impenetrable barrier against romantic male attention is someone so cut off from heterosexual dating or male social circles that she has almost no male friends or romantic opportunities.,romantically impenetrable woman,iron-wall woman,metal fortress girl,no-friend zone,non-harmful,Stylistic device
1154,train,甜不甜的啃一口不就知道了,反驳“强扭的瓜不甜”，意思是结果如何要试过才知道。,"A bold reply to the idea that a forced match will not work, meaning you can only know whether something is worthwhile or successful after trying it.",try it and find out,bite the melon to test sweetness,fruit tasting,forced melon quote,non-harmful,Slang
1155,train,太嗯了,抽象文化语境中表示“太牛了”“太给劲了”，有时也带微妙讽刺意味。,"This abstract internet slang phrase means something is extremely impressive, intense, or exciting, sometimes with a subtle ironic edge suggesting it feels exaggerated or over-the-top.",abstract hype praise,too umm,awkward agreement,strange hesitation,non-harmful,Stylistic device
1156,train,汤显祖的千层套路,指手游角色汤显祖追求女孩时套路很多，用来调侃恋爱手段层层叠叠。,"It jokingly describes someone using many layered romantic tricks or schemes to pursue a girl, teasing the idea that their flirting tactics are elaborate, repetitive, and stacked one after another.",layered romance tactics,Tang Xianzu’s thousand layers,literary romance,ancient playwright trick,non-harmful,Stylistic device
1157,test,太茶了,形容某人气质、姿态或表达方式过于做作、暧昧、刻意带挑逗感。,"It describes someone whose manner, attitude, or way of speaking feels overly affected, flirtatious, and performatively seductive, as if they are deliberately acting coy or suggestive for effect.",affected seductive vibe,too much tea,green tea flavor,pop-star styling,harmful,Homophonic pun
1158,train,团宠,指团队、组合或群体中最受大家喜爱、被所有人宠爱的成员。,"The meme refers to the member of a team, group, or community who is loved, favored, and playfully spoiled by everyone around them.",everyone’s favorite member,group pet,team mascot,favorite child,non-harmful,Experience
1159,test,泰裤辣,“太酷啦”的谐音，表达很酷、很炸、坚持自我的态度。,"“Tai ku la” is a playful homophone meaning extremely cool or awesome, often used to praise something as explosively stylish while suggesting a confident, self-expressive attitude.",super cool,Thai pants spicy,concert catchphrase,cool pronunciation,non-harmful,Homophonic pun
1160,train,听君一席话犹如庄周带净化,讽刺对方说的话完全没用，像庄周再带净化一样多此一举。,"A gaming-based joke mocking someone’s speech as completely useless, comparing it to choosing a redundant purification ability on a character who already has a cleansing skill.",utterly useless speech,Zhuang Zhou with cleanse,hero skill joke,redundant spell,non-harmful,Experience
1161,train,退出文坛我是极力反对的,夸赞别人评论或发言非常有趣、贴切，像文学大师一样不该退场。,"This is a playful compliment used when someone’s comment or writing is especially funny, sharp, or fitting, suggesting they are too talented to “leave the literary world” or stop contributing.",don’t quit writing,leaving literature opposed,writer retirement,online review praise,non-harmful,Experience
1162,train,天选牧羊人,疫情期间指身边人都“阳”了，只有自己没阳，还要照顾他们的人。,"The meme refers to the one person who stays negative while everyone around them is infected, leaving them responsible for looking after the sick people nearby.",sole uninfected caretaker,chosen shepherd,sheep keeper,pandemic nickname,non-harmful,Stylistic device
1163,train,提辞气,指每天都有想辞职的冲动，但真要行动时又犹豫。,"It describes the recurring urge to resign from a job, often felt daily or repeatedly, while still hesitating when it comes time to actually take action and quit.",quitting urge,resignation energy,quit-button mood,office courage,non-harmful,Stylistic device
1164,train,他们朝我扔泥巴,出自正能量句式，表达别人伤害自己，自己却把伤害转化为成长。,"It means turning others’ hostility into growth or kindness, describing a person who responds to harm, criticism, or unfair treatment by transforming it into self-improvement, resilience, or a more generous attitude.",turn hate into growth,they threw mud at me,garden revenge,dirty conflict,non-harmful,Experience
1165,train,台阶侠,指在别人尴尬下不来台时，主动给对方台阶、帮忙解围的人。,"A ""stair-giver hero"" is someone who notices when others are stuck in an awkward or embarrassing situation and helps them save face by offering a graceful way out.",graceful-exit helper,stair hero,step fighter,social ladder,non-harmful,Stylistic device
1166,test,铁锤妹妹,自带喜感的女生爱称，听起来又虎又萌。,"“Iron Hammer Sister” is a humorous, affectionate nickname for a girl who gives off a tough, bold, slightly silly vibe while still seeming cute and endearing.",tough-cute girl nickname,hammer sister,tool girl,strong sibling,non-harmful,Quotation
1167,test,他在cpu你,“他在PUA你”的误读梗，用CPU指代洗脑、操控或精神控制。,"It jokes that someone is “CPU-ing” you, a deliberate mispronunciation meaning they are manipulating, brainwashing, or gaslighting you through psychological pressure.",he is manipulating or gaslighting you,he is using your CPU,Big Brother is watching you,he is nagging you,non-harmful,Quotation
1168,train,天降紫微星,饭圈用语，指原本不出名的人突然凭借作品爆红。,"An unknown star who suddenly becomes famous through one breakout work, usually referring to someone who was previously obscure but rapidly rises to popularity after a single hit project or performance.",sudden breakout star,purple star from heaven,astrology idol,lucky celebrity,non-harmful,Stylistic device
1169,train,天选打工人,疫情期间指住处和公司都没被管控、仍能正常上班的打工人。,"An unlucky worker whose home and workplace remain unaffected during major disruptions, so they are still able and expected to keep commuting and working while others are restricted or excused.",destined-to-work employee,chosen worker,office survivor,pandemic commuter,non-harmful,Experience
1170,train,脱氧核糖,本义是DNA成分，网络中隐晦指代精子。,"It literally refers to a component of DNA, but online it is used as a coded euphemism for sperm, allowing people to imply sexual or reproductive content indirectly.",sperm euphemism,deoxyribose,DNA sugar,biology term,non-harmful,Stylistic device
1171,train,tony老师,理发师的代称，常用于吐槽不懂“只修一点点”的理发师。,"“Tony teacher” is a joking generic nickname for hairdressers, especially unreliable ones who ignore requests like trimming only a little and end up cutting or styling far more than expected.",generic hairdresser,Teacher Tony,English barber,salon nickname,non-harmful,Experience
1172,test,听我说谢谢你,原为歌曲歌词，网络中常用于调侃形式主义感恩或表达委屈、无语。,"This phrase is used sarcastically to mock forced or performative gratitude, or to express a speechless, resentful feeling when someone is expected to be thankful despite feeling wronged or annoyed.",sarcastic thanks,listen to me thank you,children’s song,gratitude performance,non-harmful,Quotation
1173,test,提壶机,指在人际交往中总喜欢提及别人隐私、伤疤或缺点的人，来源于“哪壶不开提哪壶”。,"A “pot-lifting machine” refers to someone who always brings up sensitive or embarrassing topics in social interactions, especially other people’s private matters, old wounds, or shortcomings.",sore-spot bringer,kettle machine,tea-serving robot,bad small talk,harmful,Stylistic device
1174,train,太怪了再看一遍,指某些东西非常奇葩、难以形容，却又魔性到让人忍不住再看。,"It describes something so weird that one feels compelled to watch it again, often because its bizarre, hard-to-explain quality is strangely addictive or fascinating.",weirdly rewatchable,"too weird, watch again",strange video loop,horror curiosity,non-harmful,Experience
1175,train,天黑啦天黑啦钓鱼的回家吧,调侃钓鱼帖已经被看穿，提醒自己或他人不要上钩。,"It is used to call out a post as obvious bait, joking that everyone should stop taking the hook and refuse to engage with the attempted provocation.",bait detected,fishermen go home,night fishing warning,river joke,non-harmful,Stylistic device
1176,test,太好孝了,“太好笑了”的谐音，用“孝”讽刺粉丝对偶像过度维护、过度崇拜。,"This pun mocks fans who defend or worship their idols with excessive loyalty, framing their exaggerated devotion as both laughable and absurdly funny.",fan-worship satire,too filial,funny typo,family devotion,harmful,Homophonic pun
1177,train,天气卡组,尴尬聊天时用“今天天气真好”等天气话题救场。,"It means using weather talk as a safe small-talk card, bringing up bland topics like how nice the weather is to rescue an awkward or stalled conversation.",small-talk fallback,weather deck,climate cards,awkward forecast,non-harmful,Stylistic device
1178,train,痛苦面具,原为游戏装备，后形容人表情扭曲痛苦、倒霉到心态爆炸。,"It describes someone wearing a painfully twisted expression, as if overwhelmed by terrible luck, frustration, or a mental breakdown after things go badly wrong.",suffering expression,pain mask,game item,sad face filter,non-harmful,Quotation
1179,test,淘宝战士,指通过淘宝找代练、买装备或买号，导致账号实力和本人水平不匹配的玩家。,"A ""Taobao warrior"" is a player whose account strength comes from paid boosting or purchases, so their gear, rank, or account power does not match their actual personal skill.",boosted-account player,Taobao warrior,shopping fighter,online buyer,non-harmful,Stylistic device
1180,test,泰拳警告,用武力或威胁性姿态警告别人，源自电竞圈事件。,"This meme is a joking warning that implies physical force may be used, often in a mock-threatening tone to tell someone to stop or back down.",physical-threat warning,Muay Thai warning,boxing lesson,esports rumor,harmful,Experience
1181,train,天凉王破,“天凉了，让王氏集团破产吧”的缩写，讽刺霸总式过度装腔。,"It refers to an absurdly dramatic, domineering CEO-style threat, as if someone could casually order a powerful company’s collapse just to sound cold, superior, and intimidating.",overbearing CEO threat,"cold day, Wang breaks",corporate weather,rich-boss line,non-harmful,Abbreviation
1182,train,u1s1,“有一说一”的数字谐音缩写，表示实话实说、客观评价。,"“u1s1” is an internet shorthand for speaking frankly and fairly, used before giving an honest, objective opinion rather than exaggerating, flattering, or taking sides.",to be fair,you one say one,number slang,online prefix,non-harmful,Homophonic pun
1183,test,我的童年不是喜洋洋,表达对国产动画被单一作品代表的不满，以及对早期经典动画的怀念。,"This phrase rejects having one's childhood reduced to a single popular cartoon label, expressing frustration with that simplification and nostalgia for a broader range of earlier classic domestic animation.",not-just-Pleasant-Goat childhood nostalgia,"my childhood was cheerful, not goat-like",Disney Channel nostalgia,domestic animation debate,non-harmful,Stylistic device
1184,train,我们成年人看了都感觉不适,用来调侃作品尺度大、内容过激或让人震撼。,"This sarcastic line is used to mock a work whose content feels excessively intense, shocking, or uncomfortable, implying that even adults would find it hard to watch or process.",too intense even for adults to watch,adults physically feel sick,won't somebody think of the children,ragebait content,non-harmful,Quotation
1185,test,外挂,指游戏作弊软件，也可形容某人强到像开了作弊一样。,"Plug-in cheat"" refers to cheating software used in games, and by extension describes someone whose ability seems so unfairly overpowered that it feels as if they are using cheats.",cheat hack,external plug-in,game accessory,extra device,non-harmful,Experience
1186,train,违和感,指某事物与环境、设定或语境不协调，让人感到别扭。,"It describes a feeling that something does not fit or feels off because it clashes with its setting, context, design, or expectations, creating an awkward or unnatural impression.",sense of dissonance,violation feeling,mismatched object,strange atmosphere,non-harmful,Experience
1187,train,无法直视,指某事物槽点太多、太尴尬或太震撼，已经无法正常看待。,"It describes something so awkward, shocking, or ridiculous, often with too many flaws or cringeworthy points, that people feel unable to look at it or regard it normally.",cannot unsee,cannot look straight,eye contact failure,visual problem,non-harmful,Experience
1188,train,我读书少你不要骗我,反语，表示自己看穿了对方，不要把自己当傻子骗。,"A sarcastic phrase meaning “do not fool me,” used when someone implies they have seen through another person’s claim or trick and should not be treated as naive or easy to deceive.",don’t fool me,I read little,school excuse,Bruce Lee line,non-harmful,Quotation
1189,train,我从未见过有如此厚颜无耻之人,用于痛斥某人脸皮厚、行为无耻。,"This phrase is a dramatic, theatrical insult used to denounce someone as unbelievably shameless, especially when their behavior seems brazen, disgraceful, or lacking any sense of embarrassment.",utterly shameless person,never seen such a thick face,Three Kingdoms quote,ancient scolding,harmful,Quotation
1190,train,我的内心毫无波动甚至还想笑,表示自己完全不受影响，甚至觉得好笑。,"It means being completely unmoved by something that was expected to provoke a reaction, and even finding it amusing enough to want to laugh.",unimpressed and amused,no waves in my heart,calm lake mood,deadpan face,non-harmful,Quotation
1191,train,万火留,“万一火了呢，先留名”的缩写，指在潜力帖前抢先留言占位。,"“Wanhuoliu” means leaving an early comment under a post that seems likely to become popular later, essentially marking one’s presence in case it goes viral.",early fame-claim comment,ten thousand fires stay,first-floor comment,fame lottery,non-harmful,Abbreviation
1192,train,为什么放弃治疗,调侃别人行为异常、离谱，像是放弃治疗了。,This phrase mockingly describes someone behaving so absurdly or irrationally that it is jokingly as if they have given up on receiving treatment.,why are you like this,why quit treatment,hospital joke,medicine reminder,non-harmful,Experience
1193,train,我去年买了个表,由粗口拼音首字母演化而来的委婉骂人话，‘WQNMLGB’。,"This phrase is a euphemistic internet insult derived from the initials of a crude profanity, used to vent anger or curse at someone while disguising the offensive wording.",Fuck off,I bought a watch last year,shopping story,watch purchase,harmful,Homophonic pun
1194,test,我是一个没有感情的杀手,自嘲冷漠、麻木、心如止水，常配合搞笑表情包使用。,"It is a deadpan self-mockery about being emotionless, used to jokingly portray oneself as cold, numb, and completely unmoved, often for comedic contrast with an exaggerated or silly reaction image.",deadpan emotionless persona,emotionless killer,face-mask meme,cold assassin,non-harmful,Quotation
1195,train,我怀疑你在开车但我没有证据,怀疑对方在说隐晦黄色内容，但没有明确证据。,"It means suspecting that someone is making a veiled sexual innuendo or dirty joke, while admitting there is no clear proof that this was actually their intention.",suspected innuendo,I suspect you are driving,car joke,traffic suspicion,non-harmful,Experience
1196,train,五千块的饮料,用“请喝五千块的饮料”暗示性交易或有偿亲密服务。,"“Five-thousand-yuan drink” is a coded phrase used to imply paid sexual services or transactional intimacy, often framed indirectly as inviting someone to have an unusually expensive drink.",paid-sex euphemism,five-thousand-yuan drink,expensive beverage,dating bill,non-harmful,Stylistic device
1197,train,我佛不渡穷逼,讽刺连宗教内容都要付费，表达万物皆可VIP、社会向钱看齐。,"This meme satirizes a money-obsessed society where even religious compassion or salvation seems locked behind a paywall, suggesting that the poor are excluded unless they can afford VIP access.",paywalled compassion satire,Buddha rejects the poor,VIP religion,paid scripture,harmful,Experience
1198,train,万人请辞,夸张表达大家都反对某人或某事，要求其下台、更换或停止。,"It is a hyperbolic way to describe widespread opposition, meaning a mass call for someone or something to step down, be replaced, removed, or stopped.",mass call to resign,ten thousand resignations,online petition,public complaint,non-harmful,Stylistic device
1199,train,我裂开了,表示心态崩溃、受刺激后整个人“裂开”。,"This phrase means feeling like you are mentally breaking down after a shock, setback, or intense frustration, as if your composure has completely cracked under the pressure.",mental breakdown,I cracked open,broken shell,split body,non-harmful,Quotation
1200,train,我胡汉三又回来了,表示某人又回来了，常带得意、复仇或反派归来意味。,"It means someone has returned and is announcing their comeback boastfully, often with a smug, triumphant, or villain-like sense of being back for revenge or renewed dominance.",villain-style comeback,Hu Hansan is back,old movie villain,revenge line,non-harmful,Quotation
1201,train,我要和你母凭子贵,隐晦表达想和对方发生亲密关系或生孩子。,"A coded romantic-sexual line about wanting intimacy with the other person, framed as the idea of having a child together and gaining status through that shared child.",coded baby-making line,mother becomes noble by child,palace romance,pregnancy drama,non-harmful,Stylistic device
1202,train,我家猫会后空翻,委婉邀约他人上门的隐晦暧昧话术，常暗含私密、成人向暗示,"It means using a playful, obviously silly excuse to invite someone over, often with a flirtatious or suggestive undertone that implies a more private reason for the visit.",Netflix and chill,my cat can backflip,inviting someone to watch a real pet trick,cat video night,non-harmful,Experience
1203,train,我是你的破壁人,指看透了对方真实想法、隐藏意图或内心。,"It describes someone who sees through another person’s hidden intentions, real thoughts, or inner motives, as if they can break past the other person’s attempts to conceal what they truly mean.",mind-reader,your wall-breaker,Three-Body term,mind wall,non-harmful,Quotation
1204,train,武大郎现魂,地方俗语，形容人失魂落魄、精神颓废。,"This regional slang describes someone who appears looking dejected, lifeless, or spiritually drained, as if they have lost their energy, spirit, and emotional presence.",dejected mess,Wu Dalang’s ghost appears,Water Margin joke,haunted figure,non-harmful,Slang
1205,train,乌鸡鲅鱼,“无几把语”的谐音，用来委婉表达非常无语，带粗俗骂人色彩。,"A vulgar homophone used to say someone is utterly speechless, annoyed, or fed up, carrying a crude insulting tone while softening the direct expression through wordplay.",vulgar speechlessness,black chicken Spanish mackerel,seafood phrase,fish-and-chicken pun,non-harmful,Homophonic pun
1206,train,我尿黄我来,用粗俗方式表示要把做白日梦、说离谱话的人“泼醒”。,"This crude phrase means the speaker is volunteering to jolt someone out of an unrealistic fantasy or ridiculous claim, as if harshly “waking them up” from delusion.",crude wake-up insult,yellow-urine volunteer,bathroom comeback,dream interruption,non-harmful,Experience
1207,train,我晓得锤子我只知道吃香蕉,源自蕉太狼，表示装傻、看热闹，什么都不懂。,"This meme means pretending to know nothing, acting clueless, and simply watching the chaos unfold from the sidelines instead of getting involved or taking responsibility.",playing dumb,I know a hammer,banana-only wolf,cartoon food line,non-harmful,Quotation
1208,train,我奶牛,“我靠”的谐音替代表达，用奶牛的英文 cow 规避粗口。,"It is a softened homophone for a vulgar exclamation, replacing a harsher phrase with a cow-related sound-alike to express surprise, frustration, or emphasis while avoiding direct profanity.",frick,my cow,sacred cow,OMG,non-harmful,Homophonic pun
1209,train,我的公主殿下臣来迟了,对女性的夸张尊称，用古风臣子口吻表达歉意或认错。,"A dramatic courtly apology to a woman, said in an exaggerated servant-to-princess tone to flatter her while expressing remorse, admitting fault, or apologizing for arriving late.",a mock courtly apology to my princess,my princess in the palace,hail to the queen,sorry I'm late,non-harmful,Quotation
1210,train,我的青春结束了,表示自己喜爱的事物、时代或关注对象结束了。,"This phrase expresses the bittersweet feeling that a beloved era, fandom, person, or personal youth memory has come to an end, as if a meaningful part of one’s own youth has ended with it.",end of an era,my youth ended,school graduation,gaming retirement,non-harmful,Experience
1211,train,我与神明画过押,表示向神明发誓，承诺某事一定会完成。,"It means making a solemn promise as if sworn before the gods, expressing an oath-like commitment that something will definitely be done or fulfilled.",sacred vow,signed with a deity,divine contract,temple pledge,non-harmful,Stylistic device
1212,train,维京落地不如鸡,吐槽某物在某些场景下能力极差，像维京战机落地后弱到不如鸡。,"It mocks something that seems powerful in its proper setting but becomes nearly useless once removed from that context, like a specialized fighter rendered helpless after landing.",strong only in one role,Viking lands worse than chicken,StarCraft aircraft,grounded unit joke,non-harmful,Stylistic device
1213,train,我想要两颗西柚,“I want to see you”的谐音，用来含蓄表达想见你。,"This phrase is a homophone-based way to say “I want to see you,” used as a subtle or playful expression of wanting to meet or spend time with someone.",I want to see you,two grapefruits,fruit confession,English fruit pun,non-harmful,Homophonic pun
1214,train,往我嘴里种水稻,“下饭”升级版，吐槽游戏操作极菜，像被强行喂饭。,"It mocks gameplay that is so disastrously bad and clumsy that watching it feels like being force-fed, an exaggerated upgrade of saying the performance is embarrassingly easy to criticize.",painfully bad gameplay,plant rice in my mouth,farming meal,rice-field joke,non-harmful,Stylistic device
1215,train,乌克兰小乳猪,源自电视剧台词，用来轻松互怼、调侃对方傻气。,"It is a playful, silly teasing insult used to mock someone for acting dumb or clueless, usually in a lighthearted back-and-forth rather than as a serious personal attack.",playful dumbass tease,Ukrainian piglet,TV drama insult,foreign animal joke,non-harmful,Quotation
1216,test,我柜子动了,源自恐怖游戏直播名场面，用来形容被吓到想逃。,"It means being so scared by something, often suddenly or intensely, that you instinctively want to escape, stop watching, quit the situation, or back out immediately.",scared and quitting,my cabinet moved,haunted furniture,streamer panic,non-harmful,Quotation
1217,test,乌鸦像写字台,源自《爱丽丝梦游仙境》的无解问题，常隐喻喜欢不需要理由。,"A whimsical phrase meaning love needs no reason, used to suggest that affection can be irrational, mysterious, or delightfully unexplainable rather than something that must be justified logically.",love without reason,raven like writing desk,Wonderland riddle,nonsense question,non-harmful,Quotation
1218,test,为你唱一曲小白船,源自悬疑剧语境，隐晦表达危险或死亡威胁。,"It means a coded dark threat disguised as singing a song, using a seemingly harmless offer to sing as an indirect way to imply danger, intimidation, or even a death threat.",coded death threat,sing Little White Boat,children’s song,drama soundtrack,harmful,Quotation
1219,train,网抑云阴乐,对网易云音乐评论区丧文化、伤感卖惨的谐音调侃。,"A pun mocking fake-sad music-comment culture, especially the habit of posting overly gloomy, self-pitying, or performatively tragic comments under music to seem emotionally deep.",performative sad comments,dark cloud music,NetEase music pun,sad playlist,non-harmful,Experience
1220,test,网抑云时间到,指深夜或独处时开始进入伤感、emo、发丧评论的时间。,"It means the time, often late at night or when alone, when people start posting performative sadness, emo thoughts, or gloomy comments online.",scheduled emo posting,cloud-depression time,late-night playlist,comment clock,non-harmful,Homophonic pun
1221,train,午马,“牛马”去掉“牛”的出头部分后变成“午”，指永无出头之日的打工人。,"A self-mocking worker who labors hard with no chance to rise, implying someone stuck doing exhausting work while feeling they will never get ahead or have a real breakthrough.",hopeless overworked employee,noon horse,headless ox joke,office zodiac,non-harmful,Stylistic device
1222,train,邪修,原指修仙反派，现指反常规、离谱但有效的方法。,"It describes an unorthodox but surprisingly effective method that ignores normal rules or accepted practice, often seeming strange, excessive, or absurd at first but still managing to achieve the desired result.",unconventional hack,evil cultivator,fantasy villain,shortcut magic,non-harmful,Stylistic device
1223,train,县城婆罗门,指县城中掌握资源、人脉和代际优势的隐性高层群体。,"It refers to a privileged local elite in a county-town hierarchy, a hidden upper group that controls resources, social connections, and inherited advantages within a small-town or county-level social order.",county-town elite,county Brahmin,small-town caste,local noble,non-harmful,Stylistic device
1224,test,相由薪生,“相由心生”的谐音，调侃工资决定打工人的精神状态和外貌。,"This pun suggests that a worker’s appearance, mood, and overall mental state are shaped less by inner character than by how much salary they earn.",salary-shaped appearance,salary creates face,paycheck beauty,workplace fortune,non-harmful,Homophonic pun
1225,train,掀桌咖,指配角凭演技、颜值或人设抢走主角光芒，甚至压过主角。,"A supporting actor who steals the show from the lead by outshining them through stronger acting, looks, charisma, or a more compelling character, sometimes drawing more attention than the supposed main star.",scene-stealing side character,table-flipping celebrity,side-role drama,overacting guest,non-harmful,Stylistic device
1226,test,孝心外包,指把照顾父母、尽孝责任转嫁给伴侣或他人。,"“Outsourcing filial duties to one’s partner or someone else” means shifting the responsibility of caring for one’s parents and showing filial devotion onto a spouse, partner, or another person instead of doing it oneself.",outsourcing filial duties,outsourcing one's parents,family service contract,hiring eldercare help,non-harmful,Stylistic device
1227,train,邪恶摇粒绒,指毛茸茸但脾气暴躁、看起来可爱却不好惹的小狗。,"It refers to a fluffy but bad-tempered little dog that may look soft, cute, and harmless at first glance, but is actually irritable, fierce, or not easy to mess with.",angry fluffy dog,evil fleece,fluffy fabric monster,cute winter dog,non-harmful,Stylistic device
1228,train,县城豪门,指县城中生活滋润、资源充足，让城市白领自惭的本地优渥群体。,"It refers to well-off county-town locals with comfortable lives, ample resources, and strong local advantages, whose lifestyle can make urban white-collar workers feel comparatively worse off.",comfortable county-town elite,county aristocracy,small-town mansion,local rich family,non-harmful,Experience
1229,train,心如刀哥,用来表达看到某事后心里难受、悲伤或被刀到。,"Used to describe feeling emotionally stabbed or painfully moved after seeing something sad, heartbreaking, or deeply affecting, as if the experience has cut straight into one’s heart.",emotionally stabbed,heart like Brother Dao,Bilibili old meme,sad doge line,non-harmful,Homophonic pun
1230,test,胸不平何以平天下乳不巨何以聚人心,ACG语境中的胸部偏好梗，用夸张句式讨论平胸或巨乳偏好。,"An exaggerated ACG slogan that playfully frames preferences for flat chests or large breasts in grand, mock-philosophical terms, turning breast-size tastes into a humorous statement about appeal and persuasion.",breast-size preference slogan,flat chest rules the world,busty rallying cry,fanservice debate,non-harmful,Experience
1231,train,新手光环,指新手在概率活动或游戏中反而运气爆棚。,"The meme refers to the unusually good luck given to beginners, especially when newcomers seem to win rare rewards, succeed unexpectedly, or outperform experienced players in games or chance-based activities.",beginner’s luck,newbie halo,beginner badge,lucky account,non-harmful,Experience
1232,train,洗白,ACG语境中指角色黑历史被淡化、反面形象转为正面。,"It means to reframe a character’s negative traits, villainous role, or problematic past into a more positive image by downplaying earlier wrongdoing or presenting them in a sympathetic light.",redemption arc,wash white,clean history,plot repair,non-harmful,Stylistic device
1233,train,悬着的心终于死了,长时间担忧后终于等来坏结果，反而不用再悬着了。,"After a long period of worrying and suspense, the feared bad outcome finally happens, so the anxious waiting ends even though the result is disappointing.",worst-case confirmed,my hanging heart died,suspense ended,dead heart joke,non-harmful,Experience
1234,train,咸鱼,游戏圈中指稀里糊涂玩游戏、没什么追求的人，也可指懒散摆烂者。,"A lazy or unambitious casual player is someone who plays games casually without clear goals or effort, often drifting through the experience in a relaxed, careless, or deliberately low-effort way.",slacker,salted fish,ocean player,fishy gamer,non-harmful,Quotation
1235,train,喜闻乐见,网络中多指看到别人倒霉时带幸灾乐祸的调侃。,"It describes the joking, slightly schadenfreude-like pleasure people feel when they see someone else’s misfortune, especially when reacting online to another person’s awkward failure, bad luck, or public embarrassment.",schadenfreude,glad to hear and see,fun news,happy audience,non-harmful,Stylistic device
1236,train,心灵毒鸡汤,指现实、扎心、反鸡汤式的负能量句子。,"Harsh anti-inspirational lines that feel painfully realistic, offering bleak or negative observations instead of comfort, often cutting through feel-good advice with blunt truths that sting because they seem true to life.",anti-motivational quote,toxic chicken soup,poisoned soup,motivational poison,non-harmful,Experience
1237,train,心灵鸡汤,指带有精神安慰和积极鼓励作用的文字。,"It refers to comforting and optimistic motivational writing that offers emotional reassurance, encouragement, and positive-minded life advice, often meant to lift someone’s spirits during difficult or uncertain moments.",chicken soup for the soul,soul chicken soup,warm soup,self-help stew,non-harmful,Stylistic device
1238,test,小兔子暗黑无限破,用于吐槽作品情节突然离谱展开、转折莫名其妙。,"It describes a sudden absurd and chaotic plot turn, used to mock a story when its events abruptly become ridiculous, confusing, or wildly unreasonable without convincing setup or explanation.",random plot twist,dark rabbit infinite break,bunny plot,anime glitch,non-harmful,Stylistic device
1239,train,下药综艺,指让人看得非常生气、心里不舒服的综艺节目。,"A variety show so irritating and unpleasant to watch that it feels emotionally toxic, as if it has been deliberately designed to make viewers angry, uncomfortable, and mentally unsettled.",rage-inducing variety show,drugged variety show,poisoned TV,angry restaurant show,non-harmful,Stylistic device
1240,train,笑到头掉,形容笑得非常厉害，像头都笑掉了。,"This phrase describes laughing extremely hard, as if the laughter is so intense and uncontrollable that one’s head might metaphorically fall off.",laugh my head off,laughing until head falls,headless laughter,broken neck joke,non-harmful,Stylistic device
1241,train,心里没点balance吗,用来吐槽别人没自知之明、心里没数。,"It is used to mock or criticize someone for lacking self-awareness, implying they should have a better sense of their own limits, situation, or place before acting or speaking.",have some self-awareness,no balance inside,dancing balance,mental scale,non-harmful,Homophonic pun
1242,train,洗脑包,指伪装成事实、诱导他人相信的谣言或宣传话术。,"Misleading narratives designed to make people believe something are rumors, propaganda, or talking points packaged as facts to influence opinions and make people accept a claim without questioning it.",propaganda talking points,brainwashing package,rumor bag,fandom document,non-harmful,Stylistic device
1243,train,蟹女,指个性强、外表凶、伸手要钱的女性，带贬义和性别刻板印象。,"It is a derogatory, stereotype-based label for a woman seen as tough, aggressive-looking, and demanding money from others, especially in a way meant to mock or criticize her personality and behavior.",money-grabbing woman,crab woman,claw girl,hard-shell lady,harmful,Stylistic device
1244,test,虾仁猪心,“杀人诛心”的谐音，指不仅打击人，还戳中其痛处。,"It means to hurt someone while also striking at their emotional weak spot, often by saying or doing something that makes the attack feel especially painful or humiliating.",twist the knife,shrimp and pork heart,seafood pork dish,food pun,non-harmful,Homophonic pun
1245,train,西伯利亚挖土豆,调侃让太嚣张的人去西伯利亚吃苦受罪。,"It jokingly means punishing someone who is acting too arrogant or overconfident by imagining them being sent away to endure harsh labor and suffering in a remote, unforgiving place.",send them to Siberia,dig potatoes in Siberia,Russian farm trip,cold potato work,non-harmful,Stylistic device
1246,test,想要什么颜色的麻袋,表达对可爱的人或物极度喜爱，开玩笑说要用麻袋绑回家。,"It jokingly expresses overwhelming affection for a cute person, animal, or object by pretending to ask what color sack would be used to kidnap and take it home.",cuteness kidnapping joke,what color sack,bag shopping,cute pet bag,non-harmful,Stylistic device
1247,train,邪魅狂狷,形容霸总、黑道少主等角色又邪气又装酷又强势。,"A dark, arrogant, overpowered heartthrob archetype describes characters like domineering CEOs or underworld heirs who project dangerous charm, exaggerated coolness, and forceful confidence.",edgy alpha heartthrob,evil charming wild,villain smile,bossy handsome guy,non-harmful,Experience
1248,train,小甜饼,指甜蜜无虐的恋爱故事、CP互动或非常可爱的人。,"A “sweet little cookie” refers to a sweet, fluffy romance story, cute couple interaction, or adorable person that feels lighthearted, affectionate, comforting, and free of angst or emotional cruelty.",fluffy romance,small sweet cake,dessert story,sugar cookie,non-harmful,Stylistic device
1249,train,相望于江湖,指彼此远远关注，不打扰对方，各自生活。,"It means to care from afar without disturbing each other, quietly keeping an eye on one another while living separate lives and respecting the distance between both sides.",love from a distance,look across rivers and lakes,martial-arts distance,remote watching,non-harmful,Quotation
1250,train,小夯货,从贬义转为可爱化称呼，指蠢萌、单纯、可爱的小傻子。,"An affectionate label for a silly but cute person, used playfully to describe someone who seems naive, goofy, or adorably foolish rather than truly unintelligent.",lovable dummy,little stupid goods,heavy cargo,dumb item,non-harmful,Stylistic device
1251,train,吸渣体质,指总是喜欢上渣男渣女、容易被烂人吸引和伤害。,"A tendency to attract toxic partners, describing someone who repeatedly falls for manipulative or harmful people and ends up being drawn into relationships where they are mistreated or hurt.",toxic-partner magnet,scum-absorbing body,trash magnet,bad romance allergy,non-harmful,Experience
1252,train,雪崩时没有一片雪花是无辜的,指群体性灾难中每个参与者都负有一定责任。,"This phrase means that in a collective disaster or harmful group outcome, everyone who participated or contributed bears some responsibility, even if each individual role seems small.",no snowflake is innocent,no innocent snowflake,avalanche quote,winter blame,non-harmful,Quotation
1253,train,仙人板板,西南方言骂人话，涉及祖宗和棺材，语气粗俗冒犯。,"This is a crude Southwestern regional curse that insults someone by invoking their ancestors, carrying a strongly offensive and vulgar tone rather than a literal descriptive meaning.",fuck your ancestors,immortal board,ancestor plank,coffin slang,harmful,Slang
1254,train,行走的生化武器,形容某人说话、评论或气场很“有味道”，让人难以承受。,"Describes a person whose presence, speech, comments, or overall vibe feels toxic and overwhelming, as if being around them is unbearable or contaminating to others.",walking biohazard,walking chemistry set,radioactive superhero,rude commenter,harmful,Stylistic device
1255,test,笑到自救,指笑到缺氧、呼吸困难，不得不靠求生欲自救。,"It means laughing so hard that one nearly cannot breathe, as if the laughter has caused breathlessness or oxygen deprivation and the person has to struggle to recover.",dying laughing,laugh to rescue oneself,emergency comedy,oxygen joke,non-harmful,Stylistic device
1256,train,新疆数葡萄干,调侃把乱说话的人发配边疆做苦力。,"It jokes that someone who talks nonsense should be exiled to a remote frontier and forced to do harsh, tedious labor as punishment.",go do hard labor,count raisins in Xinjiang,grape-drying job,desert counting,non-harmful,Stylistic device
1257,train,洗洁精式演技,形容演员摆脱油腻感，演技变得清爽自然。,"It describes acting that feels fresh, clean, and no longer greasy, where a performer sheds an overly slick or affected style and comes across as natural, refreshing, and easy to watch.",refreshed acting,dish-soap acting,detergent performance,clean kitchen acting,non-harmful,Stylistic device
1258,train,想要一份咖喱猪扒饭,委婉骂人，完整拆解后意思是“给爷爬”。,"This phrase is a coded insult used to tell someone to get lost or fuck off, phrased indirectly so it sounds like an ordinary food request while carrying a dismissive, hostile meaning.",fuck off,curry pork chop rice,food order joke,restaurant insult,harmful,Homophonic pun
1259,train,夏日炎炎野猪下田,戏仿“夏日炎炎，有你真甜”，用于讽刺油腻夸张内容。,"This phrase parodies a sweet summer romance line to mock overly greasy, exaggerated, or cringe romantic content that tries too hard to sound affectionate or seductive.",cringe as hell,summer heat wild boar field,sweet summer line,farm romance,non-harmful,Stylistic device
1260,train,雪花飘飘北风萧萧,源自《一剪梅》歌词，常表达孤寂、绝望、看破红尘。,"This phrase evokes a bleak, lonely mood after disappointment, as if someone has been left in emotional coldness and quietly accepts their sadness, isolation, or sense of hopeless resignation.",bleak despair,"snowflakes drift, north wind blows",winter song lyric,spinning in snow,non-harmful,Quotation
1261,train,猩猩打狗,吐槽舞蹈动作不协调、生硬笨拙。,"Describes dancing that looks awkward and clumsy, especially when the movements seem stiff, uncoordinated, or forced rather than smooth and natural.",awkward dancing,gorilla fighting a dog,animal fight dance,idol choreography,non-harmful,Stylistic device
1262,train,小姐姐合葬吗,恐怖式表白梗，问对方是否愿意和自己相伴到死。,"This phrase is a creepy romantic proposal that asks whether someone would be willing to stay with the speaker forever, even to the point of dying and being buried together.",creepy forever-together proposal,"young lady, shared tomb?",meet-cute at a cemetery,clingy love confession,non-harmful,Stylistic device
1263,train,心里没点ac数,“心里没点B数”的规避写法，意思是让对方认清自己。,"This phrase is a euphemistic way of telling someone to know their own limits, recognize their actual ability or status, and stop acting with unrealistic confidence.",have some self-awareness,no AC number inside,alphabet math,balance problem,harmful,Experience
1264,train,小嘴抹了蜜,原是夸人嘴甜，现多反讽别人满嘴脏话或说话刻薄。,"It sarcastically describes someone as if their mouth were sweet, while actually meaning they speak in a foul, harsh, or cutting way.",potty mouth,mouth covered in honey,sweet talker,honey lips,non-harmful,Stylistic device
1265,test,雪菜血肠,“血债血偿”的谐音梗，表示欠下的仇或账必须偿还。,This pun refers to the idea that a blood debt or serious wrong cannot be ignored and must eventually be paid back or avenged.,blood debt must be paid,pickled cabbage blood sausage,Spring Festival skit food,debt dinner,non-harmful,Homophonic pun
1266,train,性歹力,“性缩力”的反向升级，形容令人强烈反感、恐惧或失去兴趣。,"It describes something so repulsive that it kills attraction, creating such strong disgust, fear, or loss of interest that any desire or appeal immediately disappears.",boner killer,evil sex power,dark charm,scary attraction,non-harmful,Experience
1267,test,笑拥了,“笑晕了”的口音梗，表示笑到不行。,"It is an accent-based variant of “laughing until faint,” used to say someone is laughing so hard that they can barely handle it or feels like they might pass out from laughter.",I’m dying laughing,laughed and hugged,dialect laughter,dizzy smile,non-harmful,Homophonic pun
1268,train,行业冥灯,指干一行毁一行，总能让行业走下坡的人或事件。,"Someone or something described this way is seen as a curse on any industry it enters, consistently causing decline, failure, or bad luck wherever it becomes involved.",industry jinx,industry dark lamp,business funeral light,unlucky career star,harmful,Stylistic device
1269,test,小镇贵妇,指小城市中生活稳定、富足、让大城市打工人羡慕的年轻女性。,"A well-off young woman living comfortably in a small town, with a stable, affluent lifestyle that people working under pressure in big cities may envy.",small-town rich lady,small-town noblewoman,county wife,local rich lady,non-harmful,Experience
1270,train,雪地里藏不住死孩子,比喻真相无法永远掩盖，迟早会暴露。,"This phrase means that the truth cannot be hidden forever, because even if someone tries to cover it up, the facts will eventually come to light.",the truth will out,dead child hidden in snow,winter corpse saying,snow secret,non-harmful,Stylistic device
1271,train,雪崩警告,提醒接下来可能出现大量争议、批评或连锁反应。,"It means a warning that mass criticism or backlash is coming, signaling that a post, event, or opinion may soon trigger widespread controversy, negative reactions, or a cascading wave of public pushback.",dogpile incoming,avalanche warning,snow danger alert,mountain disaster,non-harmful,Stylistic device
1272,train,雪花警告,基于“雪崩时没有一片雪花是无辜的”，提醒接下来可能引发争议。,"This phrase signals that a controversial comment or action may soon trigger collective backlash, implying that a pile-on is about to happen and that no participant may be entirely innocent.",backlash incoming,snowflake warning,winter comment alert,innocent snow joke,non-harmful,Stylistic device
1273,test,向日葵的花语,实指“给点阳光就灿烂”，讽刺稍受鼓励就得意或攻击性变强。,"It describes someone who, after receiving even a small amount of encouragement or approval, quickly becomes cocky, overexcited, or excessive in their behavior, often in a way that invites mockery.",give them an inch,sunflower flower language,Plants vs Zombies avatar,sunny flower quote,non-harmful,Quotation
1274,test,西藏抓牦牛,调侃把乱说话的人送去西藏做辛苦活。,"This meme jokes about punishing someone for talking nonsense by sending them far away to endure harsh, exhausting labor, implying they deserve a difficult task as a consequence.",sent to hard labor,catch yaks in Tibet,yak-hunting trip,plateau work,non-harmful,Stylistic device
1275,train,新疆挂票,“去新疆摘棉花”的衍生梗，警告乱说话的人要被送去吃苦。,"It jokingly means a one-way punishment trip for someone talking nonsense, implying they will be sent far away to do hard labor as a warning to stop saying foolish things.",one-way ticket to hard labor,hanging ticket to Xinjiang,long-distance ticket,cotton-trip warning,harmful,Stylistic device
1276,train,小镇刺头,指小镇里见过外面世界、敢理性维护自身权益的年轻人。,"A small-town young person who has seen more of the outside world and knows how to push back rationally, challenge unfair treatment, and defend their own rights when necessary.",small-town rights defender,small-town thorn,county rebel,local troublemaker,non-harmful,Stylistic device
1277,test,yygq,“阴阳怪气”的拼音缩写，指用反语、影射等方式嘲讽。,"yygq"" means speaking in a sarcastic, indirect, and mocking way, often using irony, insinuation, or backhanded remarks to ridicule someone without stating the criticism openly.",passive-aggressive,letter-code sarcasm,weird tone initials,hidden mood code,non-harmful,Abbreviation
1278,test,已老实求放过,表示已经服软、破防或认怂，请对方别再刺激。,"It means someone has already given in, lost their composure, or admitted defeat, and is pleading for others to stop pressing, teasing, or provoking them further.","I surrender, please stop","already honest, please let go",obedient mode,surrender sticker,non-harmful,Experience
1279,train,亚子,“样子”的谐音，用于“看起来像……”的网络可爱说法。,"It is a cute internet slang form of “looks like” or “seems like,” used to describe how something appears in a playful, softened way.",looks like,Yazi,magic-prince accent,cute pronunciation,non-harmful,Homophonic pun
1280,test,游戏难民,指支持的游戏队伍或选手失利后伤心、无处安放情绪的玩家。,"A fan emotionally displaced after their game team loses, feeling upset and adrift because the defeat of the team or player they supported leaves them with nowhere to put their emotions.",heartbroken fan,game refugee,homeless gamer,esports migrant,non-harmful,Stylistic device
1281,train,又双叒叕,强调某事再次发生，而且发生得很频繁。,"Used to emphasize that something has happened yet again, often with a joking or exasperated tone suggesting the repeated event occurs so frequently that it has become predictable.",yet again,many forms of again,repeated character joke,four-you stack,non-harmful,Quotation
1282,train,一首凉凉送给你,幸灾乐祸地表示某人或某事要完蛋、要凉了。,"This phrase is used mockingly or with schadenfreude to tell someone that they are doomed, finished, or about to fail completely.",you’re cooked,a song called Liangliang,sad soundtrack gift,cold song,non-harmful,Quotation
1283,test,姨妈番,指一个月只更新一集的番剧。,"It refers to an anime series that releases or updates only once a month, often implying a slow, irregular-feeling schedule that makes viewers wait a long time between episodes.",monthly anime,period anime,monthly cycle show,slow-release episode,non-harmful,Stylistic device
1284,test,疑车无据,“怀疑你在开车但没有证据”的缩写，指怀疑有性暗示但不能确定。,"It means suspecting sexual innuendo without proof, used when someone thinks a remark may contain a hidden sexual implication but cannot be sure or point to clear evidence.",that sounds dirty,"suspected car, no proof",traffic suspicion,evidence-free driving,non-harmful,Abbreviation
1285,train,因缺思厅,“interesting”的谐音，表示有趣、有点意思。,"This is a playful homophone used to say that something is interesting, amusing, or worth paying attention to in a lighthearted internet-slang style.",interesting,insufficient thinking hall,English homophone joke,funny accent,non-harmful,Homophonic pun
1286,test,一言不合就开车,吐槽某人毫无预兆地突然把话题带向“开车”或做出突然行动。,"It describes someone suddenly turning a conversation sexual or going off without warning, often as a joking complaint that they shifted the topic or took action with no buildup or obvious trigger.",suddenly goes NSFW,start driving for no reason,road rage,sudden race,non-harmful,Experience
1287,train,有事漂流瓶联系,表示拉黑断联，以后只能用漂流瓶这种极低概率方式联系。,"It means cutting someone off completely, often by blocking or disappearing, while joking that any future contact would have to happen through an almost impossible, wildly unlikely method.","blocked, contact me by message in a bottle",contact by bottle,ocean message,blocked chat,non-harmful,Experience
1288,test,云梦江氏紫电警告,用《陈情令》中紫电法器梗警告不喜欢的言论或抢话行为。,"A fandom-style warning that invokes a magical weapon meme to shut down disliked comments, interruptions, or attempts to talk over others.",shut-up warning,purple lightning warning,magic ring alert,Yunmeng family rule,non-harmful,Quotation
1289,train,眼睛夹了豆豉,方言式骂人话，吐槽对方像睁眼瞎一样看不清状况。,"It is a dialect-flavored insult used to mock someone for being blind to the obvious, as if they cannot see what is plainly happening right in front of them.",are you blind?,fermented-bean eyes,food in the eye,ugly eye joke,harmful,Slang
1290,test,颜酥机,指颜值、撩人能力和恋爱技巧都很强的人设。,"It describes a persona whose attractive looks, flirtatious charm, and romantic skills are so strong that they feel overwhelmingly captivating to others.",ultimate heartthrob,face-crisp machine,beauty device,flirting engine,non-harmful,Stylistic device
1291,test,犹豫就会败北果断就会白给,调侃做选择时无论犹豫还是果断都可能失败。,"This meme humorously suggests that when making a choice, either hesitation or decisiveness may lead to failure, so overthinking and acting quickly can both end badly.","damned if you do, damned if you don’t",hesitate and lose,act fast and feed,Sekiro choice,non-harmful,Quotation
1292,train,以可爱为枪八倍镜定情,用可爱吸引对方，并细致观察、锁定喜欢的人。,"It means using one’s cuteness like a deliberate charm offensive to attract someone, carefully focus on the person they like, and win them over romantically.",weaponized cuteness,cuteness rifle,8x scope romance,sniper confession,non-harmful,Stylistic device
1293,train,眼睛长得太自私了,调侃眼睛小或眼界小，只看得到自己，看不到别人。,"This phrase jokingly mocks someone for having tiny or self-centered eyes, implying they can only see themselves and fail to notice or care about other people.",small selfish eyes,selfish eyes,tiny-eye joke,no shared light,non-harmful,Stylistic device
1294,train,原谅色,由“选择原谅”衍生，指绿帽相关的绿色。,"It refers to the green color jokingly associated with being cheated on, derived from the idea of “choosing to forgive” after romantic betrayal.",cuckold green,forgiveness color,green fashion,grassland color,non-harmful,Experience
1295,train,姨父笑,指像长辈看喜欢的年轻偶像时露出的慈爱、宠溺笑容。,"It describes a warm, indulgent, almost parental smile someone gives when looking fondly at a younger idol or cute person they adore.",proud uncle smile,uncle laugh,family smile,elder fan face,non-harmful,Stylistic device
1296,train,硬伤,指明显且难以改变的缺陷。,"It refers to a serious and obvious flaw, especially one that is easy to notice and difficult to fix or overlook.",fatal flaw,hard injury,tough wound,design scar,non-harmful,Slang
1297,train,影帝影后,用来形容特别会伪装、演戏或装样子的人。,"A label for someone who is exceptionally good at pretending, putting on an act, or faking emotions and behavior so convincingly that others may believe their performance is real.",Oscar-worthy faker,movie king and queen,film award winners,celebrity couple,non-harmful,Stylistic device
1298,train,永不开封的汽水,指女生痴恋一人、甘做备胎，爱情始终无法真正开始。,"It describes a girl’s one-sided devotion to someone she loves, willingly staying as a backup option while the relationship never truly starts or becomes mutual.",unrequited backup love,unopened soda,soda bottle lyric,sealed drink,non-harmful,Stylistic device
1299,train,饮水机管理员,指团队竞技中长期坐冷板凳、几乎没有上场机会的替补。,"A substitute player who rarely gets to play, usually stuck on the bench in team competitions and included on the roster without getting real chances to participate.",benchwarmer,water-dispenser manager,team janitor,drink station staff,non-harmful,Stylistic device
1300,train,用魔法打败魔法,指用对方的方式反制对方，以其人之道还治其人之身。,"It means countering someone by adopting the same tactic, logic, or method they used first, effectively using the opponent’s own method against them to turn their approach back on them.",fight fire with fire,beat magic with magic,spell duel,Jackie Chan quote,non-harmful,Quotation
1301,test,云养娃,指不现实养娃，只在网上看萌娃视频、图片获得“养娃”体验。,"This describes enjoying the feeling of raising or doting on a baby by watching cute baby videos and photos online, without actually having or caring for a child in real life.",virtual baby raising,cloud parenting,online nursery,baby livestream,non-harmful,Experience
1302,train,压番,指在影视圈通过压低他人番位来提升自己的演员表排位。,It refers to manipulating billing order in film or television so that one actor is ranked above others by pushing down their credited position.,billing manipulation,suppress episode order,actor-list pressure,title ranking war,non-harmful,Slang
1303,train,一袋米要抗几楼,《火影忍者》“感受痛苦吧”的空耳，用来表达让对方承受痛苦。,"A misheard anime line meaning “feel pain,” used jokingly or dramatically to tell someone they are about to suffer, endure hardship, or be made to experience pain.",feel pain,carry rice upstairs,Naruto rice line,moving-company question,non-harmful,Homophonic pun
1304,train,鱼女无瓜,“与你无关”的谐音，表示这事跟你没关系。,This phrase is used to tell someone to stay out of a matter because it has nothing to do with them and is not their business to question or interfere with.,none of your business,fish woman no melon,Balala accent,vegetable pun,non-harmful,Homophonic pun
1305,train,伊内个瓜瓜,源自网剧口头禅，大致表示“你这个傻子”。,"This meme phrase is a playful, teasing way to call someone silly or dumb, usually used jokingly rather than as a harsh insult.",you dummy,that melon,drama catchphrase,funny dialect,harmful,Quotation
1306,train,异世界直通车,指帮助角色直达异世界的车辆，常见于车祸穿越设定。,"It refers to the vehicle that sends someone straight to another world, usually through an accident or crash that launches a character into an isekai-style fantasy setting.",Truck-kun,different-world nonstop train,Magic School Bus,fantasy portal mishap,non-harmful,Stylistic device
1307,train,一斤鸭梨,日语“異議あり”的空耳，出自《逆转裁判》，意思是“我反对”。,"This meme is a phonetic mishearing of a Japanese line from the Ace Attorney series, used to mean “objection” or “I object” in a playful internet slang context.",Objection!,one jin of pears,pear joke,courtroom fruit,non-harmful,Homophonic pun
1308,train,有钱道真语无钱语不真,指有钱人的话才被当真，没钱人的话没有分量。,"This saying means that money gives one’s words credibility, so people with wealth are taken seriously while those without money are often ignored or treated as having no authority.",money talks,rich words true,poor speech ignored,wealth language,non-harmful,Slang
1309,train,遇事不决量子力学,遇到解释不通的问题，就用高深的量子力学强行解释。,"It means invoking quantum mechanics as a vague, impressive-sounding, hand-wavy explanation whenever something is confusing, hard to justify, or otherwise impossible to explain clearly.","when in doubt, quantum mechanics",quantum solves all,science excuse,sci-fi logic,non-harmful,Experience
1310,train,眼里有星河,形容眼睛明亮、有希望感，也用于夸赞眼神漂亮、令人心动。,"It describes someone whose eyes look bright, hopeful, and beautiful, often used to praise a captivating gaze that feels full of light, emotion, and quiet charm.",starry-eyed gaze,galaxy in the eyes,star map gaze,cosmic pupils,non-harmful,Stylistic device
1311,train,月老辞职了,指年轻人不再相信姻缘，只想赚钱，爱情让位于金钱。,"It means that romance is out and money matters more now, expressing how young people have stopped believing in destined love and now prioritize making money over relationships.",money over love,matchmaker resigned,love office closed,Cupid quit,non-harmful,Stylistic device
1312,train,鸭脖晚安,韩语“여보”的谐音，结合晚安表达情侣间亲昵称呼和爱意。,"This is a cute couple’s goodnight phrase meaning “darling, good night,” using a playful sound-alike of a Korean term of endearment to express affection before sleep.","good night, darling",duck-neck good night,Korean food greeting,late-night snack,non-harmful,Homophonic pun
1313,train,一脸dio样,形容人表情傲慢、嚣张、不可一世。,"It describes someone wearing an expression that looks arrogant and full of oneself, as if they feel superior, untouchable, or dismissive of everyone around them.",smug as hell,Dio face,anime villain look,vampire pose,non-harmful,Homophonic pun
1314,train,养马场,指收藏夹，源于英文 “mark” 的空耳，调侃只收藏不实践。,"It jokingly refers to a bookmark folder full of saved but unused content, mocking the habit of collecting links, guides, or resources with the intention to revisit them but never actually using them.",bookmark graveyard,horse farm,mark stable,saved ranch,non-harmful,Homophonic pun
1315,train,遇见你从-248℃到宇宙大爆炸,浪漫表白梗，表示遇见对方后内心从冰冷变得炽热。,"It is a romantic confession meaning that meeting someone transformed the speaker from emotionally frozen and distant into someone explosively, overwhelmingly in love.",you set my heart on fire,minus 248 degrees,cosmic explosion,physics confession,non-harmful,Stylistic device
1316,train,已黑化,原指角色变邪恶，现常表示心情变差、中二式进入阴暗状态。,"It describes someone as turning dark, edgy, or emotionally corrupted, often in a dramatic or self-mocking way to show that their mood has worsened or they have entered a brooding, hostile state.",gone dark,already blackened,dark filter,anime evil mode,non-harmful,Experience
1317,test,异父异母的亲兄弟,讽刺没有血缘关系却因利益而假装亲密。,It mocks people with no real family-like bond who act like close brothers only because their shared interests or benefits make fake brotherhood useful.,fake brotherhood,brothers from different parents,movie brother line,no-blood siblings,non-harmful,Quotation
1318,train,原谅我当年的年少无知,对过去幼稚、离谱行为的自嘲或道歉。,"It is a self-deprecating apology for one’s immature past behavior, used when looking back on childish, absurd, or embarrassing things one once did and asking others to excuse that earlier ignorance.",I was young and dumb,please forgive my age,boys will be boys,my bad,non-harmful,Quotation
1319,train,与世界分享你刚编的故事,调侃知乎等平台上过于夸张、像编出来的故事。,"Used to mock an online post or anecdote, especially on Q&A or social platforms, that sounds so exaggerated, dramatic, or implausible that it appears to be an obviously fabricated story.",that story sounds made up,share your story with the world,Florida man headline,"cool story, bro",non-harmful,Quotation
1320,train,野啊宝贝,形容某人行为大胆、出格、震惊他人。,"Used as a reaction to someone doing something shockingly bold or outrageous, expressing surprise at how daring, wild, or far beyond normal expectations their behavior is.",you’re wild,"wild, baby",bold darling,Douban quote,non-harmful,Stylistic device
1321,train,有一个老实人他没有说话,调侃认真科普、不懂梗的“老实人”没有跟上大家节奏。,This meme teases the overly earnest “honest person” who misses the joke or meme context and explains things too literally while everyone else is already playing along.,the joke went over his head,an honest person stayed silent,straight man in a comedy duo,deadpan delivery,non-harmful,Experience
1322,train,阴兵出动,调侃过度美颜、滤镜失真，人物看起来像阴间来的。,"Used jokingly to describe people whose heavy beauty filters or distorted photo effects make them look uncanny, unreal, and almost like eerie figures from another world.",uncanny filtered faces,ghost soldiers appear,underworld army,beauty-filter team,harmful,Stylistic device
1323,test,有奇怪的东西混进去了,指整齐一致的群体中混入了一个格格不入的东西。,"It means that among a neat, consistent, or expected group, something clearly out of place has slipped in and stands out because it does not belong with the rest.",one of these is not like the others,strange thing mixed in,odd object entered,group mismatch,non-harmful,Quotation
1324,train,阴兵四兄弟,指美颜滤镜过度导致四人形象严重失真，像阴间组合。,"It refers to four people whose beauty filters are so overused that their faces and overall appearance look badly distorted, unnatural, and uncanny as a group.",uncanny filtered quartet,four ghost brothers,underworld quartet,filter group photo,non-harmful,Stylistic device
1325,train,云端孝子,指只在朋友圈转发祈福图表达孝心，现实中未必真正尽孝的人。,"A person showing performative online filial piety by reposting blessing or prayer images on social media to appear devoted to their parents, while not necessarily caring for them meaningfully in real life.",online-only filial piety,cloud filial son,WeChat blessing child,digital incense,harmful,Experience
1326,train,云孝顺,指在网上公开表达孝顺，现实中是否尽孝并不确定。,"It describes someone publicly displaying filial devotion online, often through posts or comments, while it remains unclear whether they actually care for or support their parents in real life.",performative filial piety,cloud obedience,virtual respect,online parent post,non-harmful,Stylistic device
1327,train,英年早睡,由“英年早逝”衍生，劝年轻人早点睡、注意养生。,“Going to bed early while still young” is a playful pun encouraging young people to sleep earlier and take care of their health instead of staying up late.,sleep early in your prime,young and early sleep,healthy youth joke,bedtime slogan,non-harmful,Homophonic pun
1328,test,预告骗,指预告片与正片差距过大，让观众感觉被骗。,"A misleading trailer that oversells the actual work refers to promotional footage that makes a film, show, or game seem much better or different than it really is, leaving viewers feeling deceived.",misleading trailer,trailer con artist,Rickroll preview,spoiler-heavy trailer,non-harmful,Stylistic device
1329,train,有的人出生就在罗马,指有些人天生拥有优越资源和环境。,"It means being born into privilege, with some people starting life already surrounded by superior resources, opportunities, status, or family conditions that give them an advantage over others.",born with a silver spoon,born in Rome,Roman childhood,lucky birthplace,non-harmful,Quotation
1330,train,养鱼,对追求者不拒绝也不接受，把对方吊着当备胎。,"It means keeping romantic options waiting without commitment by neither accepting nor rejecting someone's pursuit, stringing them along as a backup choice.",string someone along,raising fish,aquarium dating,fish pond,non-harmful,Experience
1331,train,油饼食不食,“是不是有病”的谐音，用食物词规避骂人。,"It is a food-word pun used to dodge direct insult, meaning “are you crazy or stupid?” in a coded, teasing, or sarcastic way.",a food-pun way to say are you crazy,do you eat oily pancakes,a fortune cookie insult,are you hangry,harmful,Homophonic pun
1332,train,婴儿般的美,反讽成年人做事幼稚、不成熟，像婴儿一样。,"It sarcastically describes an adult as having “baby-like beauty,” meaning their behavior is childish, immature, and lacking the responsibility or judgment expected from a grown person.",childish as hell,baby-like beauty,infant elegance,cute baby praise,non-harmful,Stylistic device
1333,train,装逼,通过卖弄、做作来显得自己很厉害。,"Acting pretentious to look impressive means deliberately showing off, exaggerating one’s taste, knowledge, status, or abilities in an affected way to make others think one is superior or impressive.",show off,pretend to be cool,swollen face rich man,fake expert,harmful,Slang
1334,train,这个锅我不背,被冤枉时表示自己不承担责任。,"This phrase means refusing to take blame for something, especially when someone feels unfairly accused and wants to make clear that they are not responsible for the problem.",not my fault,I won’t carry this pot,kitchen blame,black pot joke,non-harmful,Experience
1335,train,直男癌,讽刺大男子主义、性别观念僵化且不自知的男性。,"A misogynistic or hopelessly sexist straight man who holds rigid, patriarchal views about gender roles, often without realizing how condescending, outdated, or offensive his attitudes toward women sound.",toxic masculinity,straight-man cancer,male illness,old-school boyfriend,harmful,Experience
1336,train,总有刁民想害朕,自嘲或调侃总有人针对自己、想害自己。,"A joking, self-mocking way to say that everyone seems to be targeting me or trying to harm me, as if the whole world is out to get me.",everyone’s out to get me,rebels want to harm the emperor,paranoid king,palace complaint,non-harmful,Stylistic device
1337,train,走错片场了,指某人或某发言与当前场景完全不搭。,"It means someone or something seems completely out of place in the current situation, as if they wandered into the wrong scene or context and do not fit what is happening.",completely out of place,walked onto the wrong film set,wrong side of the tracks,You’re getting off topic.,non-harmful,Stylistic device
1338,train,祝您寿比昙花,文艺化骂人话，表面祝寿，实际诅咒对方短命。,This phrase is a polite-sounding curse that pretends to offer a birthday or longevity blessing while actually wishing the person a short life.,may you die young,live as long as the mountains,epiphyllum blessing,poetic birthday wish,harmful,Stylistic device
1339,train,炸了你的鱼塘,指把对方暧昧对象或备胎全部打败，成为唯一对象。,"It means to eliminate someone’s backup romantic options by outshining or defeating all their ambiguous love interests or standby partners, leaving yourself as their only romantic choice.",clear out your roster,blow up your fish pond,dating aquarium,jealous fisherman,non-harmful,Stylistic device
1340,train,走流程还是直接喷,表示某人或某事太差，是按流程吐槽还是直接开骂。,It means something is so bad that people jokingly ask whether they should go through the usual complaint process or skip straight to roasting it immediately.,skip straight to flaming,follow the process,complaint form,normal review,non-harmful,Experience
1341,train,中年王子病,指中年人仍像不成熟王子一样自我、霸道、固执。,"A self-centered and immature middle-aged man who still acts like a spoiled prince, behaving bossy, stubborn, entitled, and unable to consider others’ feelings or perspectives.",middle-aged manchild,middle-aged prince disease,royal midlife crisis,prince charming mode,harmful,Stylistic device
1342,train,这集我看过,表示类似事情发生过，自己早已预料到。,"This phrase means “this situation has happened before,” implying that something similar has already occurred and the speaker saw the current outcome coming.",I’ve seen this episode before,I watched this episode,spoiler alert,same TV show,non-harmful,Experience
1343,train,注入灵魂,指加入关键动作或创意，使作品瞬间升华。,"To “add soul” means to add the crucial action, detail, or creative touch that transforms a work from ordinary into something vivid, expressive, and alive.",give it soul,inject soul,add seasoning,magic gesture,non-harmful,Stylistic device
1344,train,自鸽选手,指连自己定下的计划都总是拖延或爽约的人。,"A “self-flaking expert” is someone who repeatedly delays, cancels, or fails to follow through on plans they made for themselves, constantly flaking on their own intentions.",chronic self-flaker,self-pigeon player,bird trainer,delayed contestant,non-harmful,Homophonic pun
1345,train,这瓜保熟吗,用来质疑某事是否可靠、是否真有把握。,"This phrase is used to ask whether something is truly reliable, trustworthy, or certain, often questioning if someone really has confidence in what they are claiming.",you sure about that?,is this melon ripe,fruit seller line,watermelon proof,non-harmful,Quotation
1346,test,追剧混子,指没看正片，只靠热搜和片段假装追剧的人。,"A ""show-following slacker"" is someone who only follows a show through clips and trending posts, pretending to keep up with the series without actually watching the full episodes.",recap-only viewer,drama slacker,fake episode watcher,fandom tourist,harmful,Stylistic device
1347,test,糟了是心肌梗塞的感觉,“心动的感觉”的夸张版，表示喜欢到心脏受不了。,"This meme describes the exaggerated feeling of being so intensely attracted to someone that the excitement feels physically overwhelming, like your heart cannot handle the crush.",my heart just stopped,heart attack feeling,medical emergency,chest pain joke,non-harmful,Stylistic device
1348,train,做人不能太重庆鸡公煲,告诫不要只看表面名称就以为有必然联系。,"It warns that people should not assume something has a necessary connection or true nature based only on its name, label, or surface impression.",don’t judge by the name,Chongqing chicken pot,food geography,restaurant logic,non-harmful,Quotation
1349,train,渣男式社交,指孤独时想找朋友，时间久了又想逃避社交。,"A pattern of social behavior where someone seeks friends or companionship when feeling lonely, but after some time starts withdrawing and avoiding the ongoing commitment of maintaining those relationships.",commitment-avoidant socializing,fuckboy socializing,fake friendship,lonely networking,non-harmful,Stylistic device
1350,train,祖师爷赏饭,指天赋极高，像被祖师爷亲自赏饭吃。,"It describes someone who is naturally gifted in a particular field, as if their talent comes effortlessly and they were born with an exceptional advantage others have to work hard to match.",God-given talent,ancestor feeds you,master’s meal,lucky apprentice,non-harmful,Slang
1351,train,整活,指开始搞事、表演、制造节目效果或活跃气氛。,"It means to start doing something funny, chaotic, or performative, often to create entertainment, stir things up, show off, or make a situation more lively and amusing.",do a bit,fix a job,make life,stage task,non-harmful,Slang
1352,train,在爱河里搓澡,“坠入爱河”的沙雕版，形容恋爱中又甜又搞笑。,"It describes being deeply and goofily in love, as if romance has become both overwhelmingly sweet and absurdly funny, with the person fully immersed in affection and acting silly because of it.",goofy in-love mode,bathing in love river,romantic shower,couple bath joke,non-harmful,Stylistic device
1353,test,祖安人打招呼,指用骂人、问候家人的方式开口说话。,"It refers to greeting or starting a conversation by immediately using toxic insults, often in the form of abusive remarks aimed at someone or their family.",toxic trash-talk greeting,Zaun greeting,gamer hello,regional slang,non-harmful,Experience
1354,test,祖安人,泛指网上很能骂人、一言不合就开喷的人。,"A toxic online trash-talker is someone who aggressively insults or flames others on the internet, often launching into abuse over minor disagreements or without much provocation.",toxic flamer,Zaun citizen,League server player,angry commenter,harmful,Experience
1355,test,纸带,指消息落后、跟不上网络热点。,"It describes someone being behind on news or internet trends, especially when they have missed recent online discussions, viral topics, or current events and seem out of touch with what everyone else already knows.",out of the loop,paper tape,old computer strip,outdated device,non-harmful,Quotation
1356,train,折翼的天使,被滥用的矫情说法，后来成为中二、脑残、尴尬文风的代名词。,"It refers to a cringe sentimental cliché, an overused melodramatic phrase now mocked as a marker of awkward, immature, or embarrassingly overwrought writing.",cringe fallen-angel cliché,broken-wing angel,sad angel quote,fantasy sympathy,non-harmful,Quotation
1357,train,钻裙底,指装成别家粉丝挑事，挑拨粉圈关系。,"It means pretending to be a fan of another fandom in order to provoke arguments, create trouble, and worsen relations between different fan communities.",false-flag fan,crawl under a skirt,hidden fan,fandom disguise,non-harmful,Stylistic device
1358,test,猪欠狗债,表示某事意料之中，理所当然会发生。,"It describes a situation that was completely expected, where the outcome feels natural, unsurprising, and almost inevitable given the circumstances.",no surprise there,pig owes dog money,animal debt,lazy pig story,non-harmful,Slang
1359,train,占戈哥欠走已,“战歌起”的拆字写法，表示热血BGM响起。,"This meme means that the battle music starts playing, signaling a sudden surge of intensity, hype, or heroic energy as if a dramatic fight or climactic moment is about to begin.",cue the battle theme,split-character chant,otaku bullet screen,weird Chinese puzzle,non-harmful,Stylistic device
1360,train,重金求眼,看到辣眼或令人不适内容后，夸张表示想换一双眼睛。,"Used after seeing something painfully ugly, disturbing, or uncomfortable, it exaggerates the reaction by saying the viewer would pay heavily for a new pair of eyes to replace the ones exposed to it.",I need new eyes,pay heavily for eyes,eye purchase,visual refund,non-harmful,Stylistic device
1361,train,装杯,“装逼”的谐音，指故作高深、傲慢或刻意炫耀。,"It refers to deliberately showing off, acting overly cool, or pretending to be sophisticated and superior in order to impress others or appear more impressive than one really is.",flexing,install a cup,cup pose,fake calm,harmful,Homophonic pun
1362,test,在山海经第几页,调侃对方长相或行为古怪，像《山海经》里的异兽。,"It jokingly asks what kind of strange creature someone must be, teasing that their appearance or behavior is so odd they seem like a mythical beast from an ancient monster catalog.",what cryptid are you?,which page of Classic of Mountains and Seas,monster encyclopedia,ancient beast page,harmful,Stylistic device
1363,train,祖安,原指《英雄联盟》服务器，后泛指一言不合就骂脏话、戾气很重的玩家或行为。,"It refers to toxic and aggressive online trash talk, especially behavior where someone quickly resorts to profanity, insults, and hostile verbal attacks during games or internet arguments.",toxic trash talk,Zaun server,esports pianist,fast typist,non-harmful,Quotation
1364,test,最怕空气突然安静,形容尴尬场面中所有人突然沉默、无言以对。,"It describes an uncomfortable silence after something awkward happens, when everyone suddenly stops talking because the situation has become embarrassing and no one knows how to respond.",awkward silence,quiet air,sudden song lyric,silent room,non-harmful,Stylistic device
1365,test,下次一定,表面答应下次支持，实际常用于白嫖、敷衍或委婉拒绝。,"It means a noncommittal promise to do it next time, often said to sound supportive or polite while actually avoiding commitment, brushing someone off, or taking advantage without following through.",next time for sure,the next time must happen,window shopping,I'll think about it,non-harmful,Stylistic device
1366,train,颜表立,“颜色表明立场”的缩写，用颜色应援或表达角色阵营偏好。,"This term means showing fandom allegiance through color, using specific colors in posts, avatars, banners, or support items to signal which character, team, pairing, or side someone supports.",color-coded allegiance,color statement,anime hair color,color politics,non-harmful,Abbreviation
1367,train,引起舒适,表示看到坏人受罚、事情大快人心，令人感到爽快。,"It describes a satisfying sense of justice or payback when someone bad is punished or an outcome feels deserved, creating a pleased, vindicated feeling for observers.",justice boner,causes comfort,comfortable content,report and pin,non-harmful,Stylistic device
1368,train,原地tp,指传送技能操作失误，传了等于没传；也泛指现实中无意义、无功而返的操作。,"“Teleporting in place” means doing an action that is supposed to move things forward but, through error or futility, changes nothing and ends up going nowhere.",a teleport that went nowhere,teleporting from the starting point,Dota backdoor play,wrong-way teleport,non-harmful,Stylistic device
1369,train,这就是外国人少的原因,用于吐槽外国人高危作死行为，调侃其危险程度离谱。,"This meme jokes that foreigners are so prone to absurdly reckless, high-risk behavior that it explains why there are fewer of them, usually used to mock dangerous stunts or bad decisions.",this is why they die young,foreigner population theory,extreme-sports comment,dangerous experiment,harmful,Stylistic device
1370,train,这腿我能玩一年,绅士向评论，用于对美腿表达带性意味的喜爱。,"This phrase is a sexually objectifying compliment about attractive legs, used in suggestive online comments to express lustful admiration for someone’s good-looking legs.",legs for days,legs for one year,gentleman comment,beauty appreciation,harmful,Stylistic device
1371,train,时代的眼泪,指随时代消逝、落伍或令人怀念的人事物。,"It refers to something outdated yet nostalgic from an earlier era, such as a person, object, trend, or memory that has faded with time but still evokes a sense of wistful remembrance.",relic of a bygone era,tears of the times,old anime slogan,past sadness,non-harmful,Stylistic device
1372,train,输出基本靠吼,吐槽角色战斗或放技能时主要靠大喊来制造气势。,"This meme jokes that a character’s combat power or special moves seem to come mainly from shouting loudly, as if yelling itself is what gives the attack force and dramatic impact.",all damage comes from yelling,export mostly depends on yelling,Kamehameha,battle cry,non-harmful,Stylistic device
1373,train,帅不过三秒,指短暂变帅或高光后很快破功、原形毕露。,"It means looking cool only for a very short moment, when someone briefly appears impressive or has a highlight moment but quickly messes up, loses composure, or reveals their usual less-cool self.",cool for three seconds,handsome under three seconds,short-lived pose,failed coolness,non-harmful,Slang
1374,train,为什么我的手中多了火把和汽油,单身人士看到情侣秀恩爱时的嫉妒调侃，暗含“烧死情侣”的黑色幽默。,"A joking dark-humor expression of jealous rage at public displays of affection, used when single people see couples showing off their love and pretend to feel suddenly ready to burn it all down.",jokingly wanting to burn lovey-dovey couples,a torch-and-gasoline inventory check,angry mob with pitchforks,third-wheel awkwardness,harmful,Stylistic device
1375,train,我裤子都脱了你就让我看这个,对标题党、擦边封面或期待落空内容表达强烈不满。,"Expresses frustration after being baited by a suggestive title, teasing thumbnail, or exciting promise, only to find that the actual content is disappointing, tame, or not what was implied.",I got baited,I took my pants off,baited thumbnail,no fanservice,non-harmful,Stylistic device
1376,test,要优雅，不要污,劝人保持优雅，不要把内容往黄色或猥琐方向想。,"It tells people to stay classy and elegant, and not twist the topic toward sexual, vulgar, or dirty-minded interpretations.","stay classy, don't make it dirty","be elegant, not polluted",keep calm and carry on,"no swearing, please",non-harmful,Slang
1377,test,自带BGM,指角色气场很强，一出场就像有专属背景音乐。,"Describes someone with such a strong presence or aura that whenever they appear, it feels as if they arrive accompanied by their own dramatic theme music.",has their own theme song,self-contained background music,laugh track,makes a grand entrance,non-harmful,Stylistic device
1378,train,最终回发情期,指作品临近结尾时突然乱凑CP、强行发糖。,"It means a sudden forced pairing and romance near the finale, when a story close to ending abruptly pushes characters into couples or adds unnatural romantic sweetness without enough buildup.",last-minute shipping spree,final-episode heat,Gintama ending joke,random sugar,non-harmful,Stylistic device
1379,train,基础不基础,指整体可以保持基础稳妥，但必须加入一个有创造性的亮点来打破模板化。,"It means keeping the overall foundation simple, stable, and reliable, while adding one creative standout twist that breaks the template and gives the work a memorable point of difference.",elevated basics,basic outfit,safe template,fashion contrast,non-harmful,Stylistic device
1380,test,姐姐杀我,夸张形容姐姐型女性太美、太有魅力，让人心动到像被击中。,"This phrase expresses being so overwhelmed by a gorgeous, charismatic woman’s beauty and charm that it feels as if she has struck you down emotionally.","slay me, queen",sister kills me,beauty attack,queen energy,non-harmful,Stylistic device
1381,train,届不到的爱恋,指无论如何努力都传达不到、得不到回应的爱恋。,A love that cannot reach the other person describes romantic feelings that remain uncommunicated or unanswered no matter how hard someone tries to express them.,unrequited love,unreachable message,failed confession,White Album romance,non-harmful,Homophonic pun
1382,train,脚臭柠檬茶,对某款柠檬茶味道像脚臭的戏谑称呼。,“Foot-odor lemon tea” is a joking nickname for a particular lemon tea whose taste or smell is mocked as resembling stinky feet.,foot-smell lemon tea,lemon footbath,sour tea,stinky drink,non-harmful,Experience
1383,train,技术宅拯救世界,推崇技术宅靠动手能力和技术解决难题、完成不可能挑战。,"The phrase means that tech geeks, through hands-on skill, technical knowledge, and creative problem-solving, can overcome difficult challenges and solve seemingly impossible problems.",geeks save the world,home engineer,nerd workshop,DIY miracle,non-harmful,Experience
1384,train,精分,指声优一人切换多种声线，像自己和自己演对手戏。,"A meme term describing one voice actor performing multiple distinct voices, switching between different vocal styles so convincingly that it feels like they are acting out a scene with themselves.","one actor, many voices",split personality,voice disorder,solo dubbing,non-harmful,Abbreviation
1385,train,节操,ACG语境中指底线、自尊或对欲望的克制能力。,"In ACG and internet slang contexts, this refers to one’s moral bottom line, sense of self-respect, or ability to maintain self-control when facing temptation or desire.",moral integrity,moral coin,anime training discipline,playing hard to get,non-harmful,Experience
1386,train,精神污染,指鬼畜、重口味、洗脑内容给人造成强烈心理冲击。,"It refers to disturbing, bizarre, or intensely repetitive content that leaves viewers feeling mentally shocked, unsettled, or overwhelmed by its harsh psychological impact.",psychic damage,brainwashing clip,weird video,dark meme,non-harmful,Experience
1387,train,剪男,指外形纤瘦新潮、会哄人但不易稳定下来的花花公子型男性。,"A trendy charming man who is hard to tie down, typically slim, stylish, smooth-talking, and flirtatious, but unlikely to settle into a stable relationship.",fuckboy,skinny stylish guy,haircut boy,sweet talker,non-harmful,Stylistic device
1388,train,机智,讽刺看似聪明、实则无厘头或离谱的行为。,"It sarcastically describes a foolish, absurd, or unreasonable action as “clever,” implying that the supposed smart move is actually dumb or ridiculous.",big brain move,clever boy,quick wit,smart trick,non-harmful,Experience
1389,train,既视感,指对当下事物产生强烈似曾相识的感觉。,"It describes a strong sense that a current situation, scene, or thing feels familiar, as if it has been seen or experienced before.",déjà vu,familiar scene,memory illusion,repeated moment,non-harmful,Experience
1390,test,锦鲤,指代表好运的人或被转发以求好运的符号。,"It refers to a person or symbolic image believed to bring good luck, often shared, followed, or invoked online in hopes of receiving fortunate outcomes.",lucky charm,koi fish,lucky repost,fortune fish,non-harmful,Experience
1391,train,贱人就是矫情,出自《甄嬛传》，用于骂人做作、无病呻吟、故意挑事。,"This phrase is an insult aimed at someone seen as overly dramatic and affected, accusing them of acting pretentious, making a fuss over nothing, or deliberately stirring up trouble.",drama queen,palace insult,fake sadness,Zhen Huan quote,harmful,Quotation
1392,train,假日觉醒,指节假日想睡懒觉，却被生物钟自动叫醒。,"It describes waking up early on a holiday against one’s will because your internal body clock automatically wakes you, even though you wanted to sleep in and enjoy extra rest.",body clock betrayal,holiday awakening,vacation alarm,weekend insomnia,non-harmful,Stylistic device
1393,train,精神续作,指没有官方续作关系，但继承某作品核心玩法或精神的新作。,"A ""spiritual successor"" is a new work that carries on the spirit of an older one by preserving its core style, gameplay, themes, or creative essence without being an official sequel.",spiritual successor,unofficial sequel,copied gameplay,fan continuation,non-harmful,Experience
1394,train,捡肥皂,源于“弯腰捡肥皂”的监狱性暗示梗，后也引申为提防暗算。,"A prison-sex joke about bending over to pick up soap and becoming vulnerable, often used humorously to suggest sexual threat, exposure, or the need to beware of being taken advantage of.",drop the soap,pick up soap,bathroom accident,prison shower,harmful,Quotation
1395,train,建国后不许成精,调侃动物太聪明、太像人，仿佛违反了“不许成精”的规定。,"Used jokingly when an animal seems unusually smart or humanlike, implying it is too clever to be merely an animal and must be breaking an imaginary rule against becoming a spirit.",too smart to be an animal,no spirits after founding,animal law,clever pet rule,non-harmful,Quotation
1396,train,积极废人,指心态积极、爱立flag，但行动永远跟不上的人。,"A person who stays upbeat and keeps setting ambitious goals, but rarely follows through because their actions are lazy, inconsistent, or far behind their intentions.",aspirational slacker,positive trash,motivational failure,flag maker,non-harmful,Experience
1397,train,教科书式,指某行为规范、标准、完美到可以写进教科书。,"It describes an action or behavior so correct, standard, and flawless that it could serve as a perfect standard example worthy of being included in a textbook.",textbook example,textbook style,school example,model answer,non-harmful,Experience
1398,test,假笑男孩,指强颜欢笑、表情苦中带笑的小男孩表情包。,"It refers to a meme image of a young boy forcing a smile, used to express a forced smile that looks awkward and pained when someone is uncomfortable, embarrassed, or reluctantly pretending to be fine.",fake smile kid,fake-laugh boy,sad child meme,polite grin,non-harmful,Quotation
1399,train,今晚月色真美,夏目漱石式文艺表白，含蓄表达“我爱你”。,"It is a poetic and indirect way to confess love, using a refined, literary expression to imply “I love you” without saying it directly.",a poetic indirect way to say I love you,the moon looks nice tonight,once in a blue moon,a romantic compliment,non-harmful,Quotation
1400,train,艰拆装死,指条件优越却还不断抱怨的人最招人讨厌。,This describes the irritating behavior of privileged people who enjoy favorable conditions yet constantly complain and act as though they are suffering or being treated unfairly.,privileged whining,hard to dismantle,pretend dead,fake hardship,harmful,Stylistic device
1401,train,鲸骨开,游戏《阴阳师》中久次良的强力攻击梗，常指秒杀级打击。,"It refers to a powerful one-shot attack, originally from a strong strike by Kujira in the game Onmyoji, and is used to describe a blow capable of instantly defeating an opponent.",one-shot strike,whale bone opens,Onmyoji move,fishbone strike,non-harmful,Quotation
1402,test,决定减产,袁隆平相关调侃，讽刺某人吃太饱才会做无聊事。,It jokingly teases someone as so well-fed and idle that they have nothing better to do than engage in pointless or boring behavior.,too much free time,decide to cut production,rice reduction,food surplus joke,non-harmful,Stylistic device
1403,train,解嗨王,指能瞬间把热闹气氛弄冷、让大家不嗨的人。,"A mood killer who instantly cools down a lively atmosphere, making everyone stop feeling excited or enthusiastic.",buzzkill,anti-hype king,cold-scene master,party stopper,non-harmful,Stylistic device
1404,train,就怕杠精有文化,化用“就怕流氓有文化”，指有学问的抬杠者更难缠。,"It refers to an argumentative nitpicker who is educated and harder to refute, making their pedantic objections more difficult to deal with because they can support them with knowledge or clever reasoning.",educated troll,cultured gangster,debate scholar,bookish complainer,non-harmful,Experience
1405,train,加把劲骑士,自我打气用语，表示“我也要加油了”。,"“Try-harder knight” is a self-encouraging persona someone invokes to motivate themselves, meaning they are giving themselves a push to work harder, keep going, or put in more effort.",you got this,effort knight,cheering rider,energy warrior,non-harmful,Slang
1406,train,继承蚂蚁花呗,“笑死我好继承我的蚂蚁花呗”的自黑说法，调侃自己穷到只剩债务。,"This self-deprecating joke means laughing so hard one might die, but because they are so broke, others would only inherit their online credit debt instead of any money.",inherit my debt,inherit my wallet,Ant fortune,rich heir joke,non-harmful,Stylistic device
1407,train,揭开了粪坑盖子,指曝光丑恶、黑暗、恶心的人或事。,"It means exposing a disgusting hidden mess, bringing ugly, dark, or repulsive people, behavior, or situations into public view after they had been concealed.",lifted the lid on a cesspit,opened a toilet lid,opened Pandora's box,smelled a rat,non-harmful,Stylistic device
1408,train,今天晚上打游戏不,表面问打不打游戏，实际可用作约架或挑衅。,"Want to play games tonight?"" may sound like a casual gaming invitation, but it is used as a disguised challenge to fight or a provocative way to call someone out.",wanna throw hands tonight?,gaming tonight,team invite,online match,harmful,Experience
1409,train,夹枪带棒,形容说话带刺，暗含讽刺和攻击。,"It describes someone speaking with hidden sarcasm and hostility, using seemingly indirect or ordinary words that carry barbed criticism, mockery, or an attacking tone beneath the surface.",barbed words,guns and sticks,armed speech,weapon words,non-harmful,Quotation
1410,train,鸡笼式敷衍,用骚气或阴阳怪气的回答快速结束对话。,"A sassy brush-off used to end an awkward exchange, usually by giving a flirty, sarcastic, or passive-aggressive reply that quickly shuts down the conversation without engaging seriously.",sassy brush-off,chicken-coop reply,cage answer,flirty dodge,non-harmful,Stylistic device
1411,train,键盘上撒把米鸡都比你会,嘲讽游戏操作极差，连鸡乱啄键盘都比你强。,This mocking phrase means someone’s gaming skills are so terrible that even a chicken pecking randomly at grains scattered on a keyboard could play better than them.,a chicken could play better,rice on keyboard,chicken typing,random pecking,harmful,Experience
1412,test,精神小伙,原指精神状态好，现多指土嗨、社会摇风格的小伙。,"A flashy cringe bro with tacky street-dance energy, usually referring to a young guy who looks overly hyped, showy, and unfashionably cool in a loud social-dance or street-style way.",cringe hype bro,energetic boy,dance kid,street youth,non-harmful,Experience
1413,train,今天的风儿好喧嚣啊,出自《男子高中生的日常》，中二又尴尬的文艺开场白。,"This phrase refers to an awkwardly dramatic and pretentious opening line, used in a deliberately overblown, artsy way that sounds self-important and embarrassing, often to parody melodramatic teenage seriousness.",chuunibyou opening,noisy wind today,anime weather line,poetic breeze,non-harmful,Quotation
1414,train,家里有矿,代指很有钱，或吐槽某物太烧钱。,"It means someone is rich enough to spend freely, often implying they can afford extravagant costs or jokingly criticizing something as so expensive that only a very wealthy person could keep paying for it.",loaded,mine at home,family resources,expensive hobby,non-harmful,Quotation
1415,test,今年夏天又四十度了,借天气怀念去年此时陪在身边的人，是隐晦表白梗。,It refers to using the return of forty-degree summer weather as an indirect way to say one misses someone who was by their side last summer.,I miss you,forty-degree summer,hot weather memory,seasonal complaint,non-harmful,Experience
1416,train,祭天剧本,选秀中被拿来炒热度，最后被淘汰的工具人剧本。,"A contestant storyline where someone is used to generate hype and drama in a talent show, only to be eliminated later as a convenient sacrifice for the narrative.",sacrificial lamb,heaven-sacrifice script,talent-show plot,eliminated pawn,non-harmful,Stylistic device
1417,test,金拉夫,对韩援 Doinb 的黑称，讽刺其靠爱中国人设在中国赚钱。,"A derogatory nickname for a foreign esports professional, implying he profits in China by cultivating a pro-China persona rather than being valued purely for his competitive ability.",pro-China persona grifter,Golden Ralph,Korean import,patriotic streamer,harmful,Quotation
1418,train,菊花茶女孩,表面对你好，背地里坑你的假闺蜜。,"A “chrysanthemum tea girl” refers to a fake friend who acts sweet but backstabs you, seeming kind and close on the surface while secretly undermining or betraying you.",frenemy,chrysanthemum-tea girl,herbal friend,sweet girlfriend,harmful,Stylistic device
1419,test,JK警察,对 JK 制服穿法到处指手画脚、鉴定正不正统的人。,A “JK police” is someone who gatekeeps JK uniform rules by nitpicking how others wear the style and judging whether their outfits are supposedly authentic or proper.,JK uniform gatekeeper,JK cop,skirt inspector,uniform fan,non-harmful,Stylistic device
1420,train,净身出海,指鱼儿主动离开海王的鱼塘，恋爱中不再做备胎。,"It means voluntarily leaving a player’s pool of romantic backups, no longer accepting the role of a spare option or backup partner in a relationship.",No longer being the fallback option in a relationship,clean body to sea,fish escapes,ocean breakup,non-harmful,Stylistic device
1421,test,脚趾抠出三室两厅,形容极度尴尬，尴尬到脚趾能抠出一套房。,"It means cringing extremely hard from embarrassment, as if the awkwardness is so intense that someone’s toes could scrape out an entire apartment from sheer discomfort.",cringe,toe-built apartment,floor digging,awkward real estate,non-harmful,Stylistic device
1422,train,倔强式单身,嘴上想恋爱，但从不主动、不愿将就的单身状态。,"It describes being single while claiming to want a relationship, because one refuses to make the first move or settle for someone who does not meet their standards.",stubbornly single,stubborn single,love refusal,proud loneliness,non-harmful,Experience
1423,test,金钱豹,换头像求暴富的网络迷信符号。,"A lucky avatar used to wish for sudden wealth, often adopted online as a superstitious symbol by people hoping that changing their profile picture will bring them quick riches.",money-luck avatar,money leopard,rich animal,New Year beast,non-harmful,Experience
1424,train,今天我要吃年轻人,大爷试吃年轻人食物的硬核美食梗。,"This meme refers to an older person boldly trying foods that are trendy or popular among young people, often with a humorous tone of curiosity, toughness, or generational contrast.",boomer tries Gen Z food,eat young people,youth snack,elder feast,non-harmful,Quotation
1425,train,家鼠,形容喜欢宅在家、不爱社交的人。,"A ""home mouse"" refers to someone who prefers staying at home, avoids going out much, and is generally more comfortable with quiet indoor life than with socializing outside.",homebody,house mouse,indoor rat,home animal,non-harmful,Stylistic device
1426,train,旧金山卖咸鸭蛋,影视梗中指人去世的委婉说法。,"It is a humorous euphemism for dying, often used as a light, indirect way to say that someone has passed away, especially in contexts referencing film or television memes.",kicked the bucket,sell salted duck eggs in San Francisco,overseas food stall,duck-egg business,non-harmful,Quotation
1427,train,进淄赶烤,指赶赴淄博吃烧烤的谐音旅游热词。,"This meme refers to the trend of traveling to Zibo specifically to eat its famous barbecue, using a pun-like phrase to describe joining the rush of food tourism there.",Zibo BBQ pilgrimage,rush to roast,barbecue commute,Zibo trip,non-harmful,Experience
1428,train,截图癖,沉迷截图记录和分享一切的行为。,"Someone obsessed with taking screenshots compulsively records and shares moments, conversations, posts, or details from online life as if everything needs to be captured and saved.",screenshot addict,screenshot habit,photo recorder,screen collector,non-harmful,Experience
1429,test,绝望的文盲,形容文化储备差、连剧本都读不明白的演员。,"It describes someone hopelessly lacking basic literacy or cultural knowledge, especially an actor whose cultural grounding is so poor that they cannot even properly understand a script.",hopeless illiterate,desperate illiterate,script failure,empty actor,harmful,Experience
1430,test,九折水瓶,“就这水平”的谐音，用于嘲讽对方操作或能力差。,"This meme is used to mock someone’s poor skill level, implying that their performance, operation, or ability is unimpressive and barely worth taking seriously.",is that your level?,discounted bottle,water-bottle pun,low-level joke,harmful,Homophonic pun
1431,train,交封不杀,因封面与内容不符，要求交出封面图才免于被骂。,"It means demanding that the poster hand over the thumbnail image to avoid criticism, because the cover or preview image baited viewers by not matching the actual content.",show the thumbnail or else,hand over the cover,thumbnail trial,cover ransom,non-harmful,Abbreviation
1432,train,剑谱第一页先斩心上人,调侃先断情丝、远离恋爱，才能专心搞事业或变强。,This meme jokingly means that the first step toward getting stronger or improving yourself is to cut off romantic attachments and avoid love so you can focus fully on your goals.,cut ties with love first,first page of sword manual,kill the crush,martial romance,non-harmful,Experience
1433,test,今日无事勾栏听曲,形容刷视频看小姐姐唱歌、直播，像古代去勾栏听曲。,"It means casually spending time watching attractive women sing, perform, or livestream online, likened humorously to an old-fashioned pastime of going out to enjoy music and entertainment.",watching e-girl streams,brothel music today,ancient entertainment,idle tune-listening,non-harmful,Stylistic device
1434,train,精神走光,没露脸但精神上社死，感觉内心被看光了。,"It describes feeling emotionally exposed and socially embarrassed, as if your inner thoughts or vulnerable feelings have been unintentionally revealed even though nothing physically revealing or face-identifying has been shown.",feeling emotionally exposed and mortified,mental wardrobe malfunction,main character syndrome,secondhand embarrassment,non-harmful,Stylistic device
1435,train,加密通话,指完全听不懂的对话。,"It describes people talking in a way that feels impossible for outsiders to understand, as if the conversation were encoded or meant only for those already familiar with the context.",speaking in code,encrypted chat,secret password,garbled language,non-harmful,Stylistic device
1436,train,娇夫文学,记录听老婆话、被老婆宠爱的男性恩爱文体。,"Romantic writing about a husband pampered by his wife, typically portraying an affectionate man who listens to his wife, enjoys being spoiled by her, and is framed within a sweet, loving relationship.",wife-guy romance,delicate husband writing,wife obedience story,soft husband trope,non-harmful,Experience
1437,train,娇妻文学,女生幻想被霸总宠爱，常被吐槽矫情的秀恩爱文体。,"It refers to fantasy writing where a woman imagines being lovingly spoiled and protected by a powerful, dominant partner, often in an overly sentimental romantic style that others mock as affected or cringe.",spoiled-wife fantasy,delicate wife writing,rich-boss romance,sweet wife post,non-harmful,Experience
1438,test,巨硬公司,网友对微软的反向调侃。,"This term is a reverse pun on Microsoft, jokingly twisting the company’s name into an exaggerated opposite-sounding nickname used by internet users to mock or tease it.",Macrohard,Giant Hard Company,Big Tech roast,Microsoft nickname,non-harmful,Experience
1439,test,俊明王子,抖音博主持花击剑寻找公主的网络梗。,"A meme persona portraying a prince holding flowers and theatrically seeking his princess, often used in short-video contexts to evoke exaggerated romantic fantasy and playful self-presentation.",Prince Junming,flower fencer,short-video prince,sword romance,non-harmful,Quotation
1440,train,精罗震怒,精神罗马人看到罗马相关内容时调侃暴怒。,"It describes the joking outrage of someone obsessively attached to Roman history or identity when they encounter content about Rome, framing their mock rage as if a devoted “spiritual Roman” had been personally provoked.",Romanophile rage,Roman shock,empire anger,Latin fan rage,non-harmful,Abbreviation
1441,train,胶泥,说唱圈 Jony 的谐音梗。,"“Jiaoni” is a playful homophone-based nickname for the rapper Jony, used as a meme or in-joke within Chinese rap fandom rather than carrying a separate literal meaning.",Jony,sticky mud,rap clay,Sorry Jony,non-harmful,Homophonic pun
1442,train,建议专家不要建议,反讽专家建议无用，建议专家停止建议。,"It sarcastically means telling experts to stop giving useless advice, especially when their recommendations feel impractical, detached from reality, or unhelpful to ordinary people.","experts, please stop advising",expert suggestion,advice reversal,professional opinion,non-harmful,Experience
1443,train,假酒歌,形容演唱者像喝了假酒一样忘词、划水、表现离谱的歌。,"A “fake liquor song” refers to a chaotic, low-effort performance where the singers forget lyrics, miss cues, or behave so absurdly that it sounds like everyone is drunk.",drunk karaoke,fake-liquor song,bad drinking music,slurred chorus,non-harmful,Stylistic device
1444,train,脚尖上的酸菜,讽刺老坛酸菜被光脚踩踏的食品安全梗。,"It mockingly refers to pickled cabbage made disgusting and unsafe by being stepped on with bare feet, turning a food-safety scandal into a sarcastic meme about contaminated traditional pickles.",foot-stomped pickled cabbage,toe-tip sauerkraut,dirty pickle,foot-flavored cabbage,non-harmful,Experience
1445,train,卷心菜,被迫内卷但能力又菜、内心抗拒的尴尬者。,"A person who is unwillingly pulled into intense competition or overwork, but is still bad at what they are doing and feels awkward or resistant about being involved.",involuted noob,cabbage heart,curled vegetable,involution salad,non-harmful,Experience
1446,test,健达奇趣蛋,讽刺身材和条件普通却提出不现实择偶要求的人，带身体羞辱色彩。,"This meme mocks people with average looks or circumstances who make unrealistic demands in dating, often carrying body-shaming undertones while criticizing perceived entitlement in romantic expectations.",delusional dater,Kinder Surprise,egg snack,short-fat joke,harmful,Stylistic device
1447,train,家父张二河,纨绔子弟被打时搬出父亲名号叫嚣的梗。,"A meme about a spoiled rich kid invoking his father’s name after being beaten, using one’s father’s status to threaten others and intimidate people instead of taking responsibility himself.",do you know who my dad is?,my father Zhang Erhe,spoiled son line,martial-arts dad,non-harmful,Quotation
1448,test,剧抛脸,指演员每部戏都能丢掉上一部戏的影子，演什么像什么。,"An actor who transforms completely from role to role, shedding traces of past characters so fully that each new performance feels distinct, convincing, and shaped entirely by the part they are playing.",chameleon actor,disposable drama face,role-changing face,forgettable actor,non-harmful,Experience
1449,test,借你的音乐一用,在借用视频博主好听 BGM 时的留言梗。,"This phrase is a playful comment used when someone wants to borrow a video creator’s catchy background music for their own video, usually acknowledging that they are taking inspiration from the original post’s soundtrack.",borrow your soundtrack,music theft,song comment,BGM credit,non-harmful,Slang
1450,train,捡手机文学,伪造明星或相关人员聊天记录，意淫式编故事。,"“Found-phone fiction” refers to fabricated chat logs involving celebrities or their associates, presented as if someone discovered a phone and exposed private messages, often used to invent fantasy gossip or imagined scenarios.",fake leaked chats,lost phone story,celebrity gossip,chat screenshot,non-harmful,Experience
1451,test,嘉心糖屁用没有,嘉然直播时粉丝猜不出词被吐槽，后成鬼畜梗。,"This meme is used to mock a fanbase as useless or unhelpful, especially when fans fail to assist with a task and become the target of teasing or parody.",useless fans,candy fan joke,live-stream failure,guessing game meme,harmful,Quotation
1452,train,剧怒症,看电视剧不合理剧情时会由内而外愤怒。,"Getting angry at stupid or unreasonable TV plots means feeling genuine frustration or rage when a television drama includes illogical storylines, foolish character decisions, or plot developments that make no sense.",rage-watching,drama illness,plot fever,TV irritation,non-harmful,Experience
1453,train,肌肉金轮,AI 换脸把大司马脸换到肌肉男身上的骚气梗。,"A muscular AI face-swap meme where the streamer Da Sima’s face is edited onto a bodybuilder-like muscular man, creating an intentionally absurd and flashy internet joke.",muscle face-swap,muscle wheel,AI gym face,streamer body swap,non-harmful,Experience
1454,train,就是玩儿,“我就是玩”体，强调反差感、无厘头整活和自我调侃。,"It means doing something absurd just for fun, often with deliberate contrast, nonsense humor, or self-mockery to show that the person is messing around without taking it seriously.",just for the hell of it,just playing,prank mood,Douyin catchphrase,non-harmful,Quotation
1455,train,加拿大的海没有岸,仿“缅甸不下雪”体，表示表白或感情注定没有结果。,"A poetic expression modeled on similar impossible-place phrases, meaning a confession or relationship is destined to have no result because the hoped-for love will never arrive.",doomed love,Canada sea,shoreless ocean,foreign love line,non-harmful,Stylistic device
1456,train,基金牛蛙,红色青蛙喊“牛哇”，表达对基金翻红的期待。,A red frog shouting praise is used to express the hope that one’s investment funds will rise back into positive returns and become profitable again.,fund rebound wish,fund frog,red frog,market animal,non-harmful,Stylistic device
1457,train,嘉禾望岗,广州地铁站，因连接机场和火车站，象征青春分离和各奔东西。,"Jiahewanggang refers to a Guangzhou metro station that connects major travel routes, becoming a symbol of young people saying goodbye and heading separate ways after a shared stage of life.",the farewell station where young people part ways,auspicious grain lookout hill,Platform 9¾,airport transfer hub,non-harmful,Quotation
1458,test,姜还是老的rua,“姜还是老的辣”的卖萌谐音，表示经验老到者更厉害。,"A cute pun on the saying that old ginger is spicier, meaning that seasoned people with more experience are still more capable and formidable than the young.",experience wins,old ginger cute,spicy elder,rua joke,non-harmful,Homophonic pun
1459,train,精苏,原指江苏米粉，后指苏联狂热粉丝。,"It refers to someone who is an intense or obsessive fan of the Soviet Union, often expressing exaggerated admiration for Soviet history, ideology, symbols, or aesthetics.",Soviet fanboy,Jiangsu fan,red history fan,Soviet nostalgia,non-harmful,Abbreviation
1460,train,鸡内卷,用“老北京鸡肉卷”调侃中国式内卷。,"This pun riffs on a fast-food chicken wrap to mock Chinese-style involution, suggesting that exhausting competition and self-defeating overwork have become so common they can be jokingly packaged as everyday culture.",involution pun,chicken wrap,Beijing roll,competition snack,non-harmful,Homophonic pun
1461,train,简灯笼,对 Uzi 因关键比赛灯笼被眼位克制失败的嘲讽称号。,"A mocking nickname about a failed lantern play, used to ridicule Uzi for a crucial match moment where a ward blocked or countered the lantern interaction and the play collapsed.",lantern-fail nickname,simple lantern,esports lamp,bot-lane joke,harmful,Stylistic device
1462,train,家乡的sakura开了,调侃对方家乡在日本，叫对方快回去看看。,"A teasing way to tell someone to go back to Japan, joking that the cherry blossoms in their supposed hometown have bloomed and they should return to see them.",go back to Japan,hometown sakura,cherry-blossom trip,Japanese spring,harmful,Stylistic device
1463,train,故乡的樱花开了,与“家乡的 sakura 开了”同义，调侃对方该回日本了。,"A teasing phrase implying someone belongs in Japan, often used jokingly to suggest they should go back there because their behavior or comments seem overly Japan-aligned.",the cherry blossoms are calling you home,hometown cherry blossoms,foreign nostalgia,Sakura season,harmful,Stylistic device
1464,train,开黑,与朋友语音联机打游戏。,"It means playing online games together with friends while connected in a voice-chat party, coordinating and socializing as a group during the game.",squad up,black shop,gaming room,voice queue,non-harmful,Experience
1465,train,开放式结局,不给明确结局，让观众自行想象的结尾手法。,"An ending left open to interpretation is a storytelling technique where the conclusion avoids giving a definite resolution, leaving viewers or readers to imagine what happens next or decide the meaning for themselves.",open ending,open plot,unfinished finale,vague ending,non-harmful,Experience
1466,train,口胡,原为港漫语气词，后演变为“胡说、瞎说”。,"This meme term is used to call out someone for saying nonsense or making things up, often with a joking or exaggerated tone that suggests their claim is absurd or completely unreliable.",bullshit,mouth nonsense,comic shout,random claim,non-harmful,Quotation
1467,test,坑爹,指被自己人或某事坑惨，令人崩溃。,"It describes being badly screwed over by someone on your side or by a situation, leaving you frustrated, helpless, or pushed to the point of breaking down.",screwed over,pit father,family trap,bad teammate,non-harmful,Experience
1468,train,快到碗里来,广告梗，引申为“你是我的菜，快属于我”。,"A cute, possessive phrase used to affectionately suggest that someone is exactly my type and should come be with me or belong by my side.",you’re mine,come into the bowl,chocolate bean ad,food confession,non-harmful,Quotation
1469,train,抠脚大汉,网络上装成萌妹，实际可能是猥琐男性。,"A man pretending to be a cute girl online refers to someone, often imagined as a crude or creepy adult male, who adopts a sweet young female persona on the internet to deceive others.",creepy man posing as a cute girl online,foot-picking man,e-girl,creepy uncle,harmful,Experience
1470,train,口吐芬芳,指说脏话、爆粗口的中性替代表达。,"It is a neutral euphemism for swearing or speaking with profanity, often used to describe someone cursing, using vulgar language, or angrily letting out offensive words.",swearing,fragrant mouth,floral speech,polite curse,non-harmful,Stylistic device
1471,train,宽油,王刚做菜时大量用油的代名词。,"This meme refers to using a generous amount of oil when cooking, especially in the style of a chef who is known online for pouring in noticeably large quantities.",extra oil,wide oil,cooking flood,chef’s oil,non-harmful,Quotation
1472,test,看海模式,城市暴雨后积水严重，像在城里看海。,"It describes a city after heavy rain where severe flooding leaves streets and public spaces covered in water, making the urban scene look like the sea.",city turned into a sea,sea-view mode,rainy sightseeing,urban ocean,non-harmful,Stylistic device
1473,test,磕死我了,CP 粉看到喜欢的人互动时激动尖叫。,“Being overwhelmed by a favorite couple’s interaction” means a fan is so excited and delighted by seeing their preferred pairing interact that they reacts with intense emotional enthusiasm.,I ship it so hard,sugar overdose,CP scream,fandom candy,non-harmful,Experience
1474,train,可奶可狼,形容男生既能撒娇卖萌，又有强烈男友力。,"It describes a guy who can be soft, cute, and affectionate, while also seeming strong, confident, and protective in a boyfriend-like way.",soft but alpha,milk and wolf,soft boyfriend,animal charm,non-harmful,Experience
1475,train,孔子懂了孟子懂了只有老子没懂,调侃内容没营养或看不懂，只有“老子”没懂。,"This phrase jokingly means that everyone else appears to understand a confusing, pointless, or hard-to-follow post, while I am the only one who still does not get it.",everyone gets it but me,Confucius got it,philosopher joke,ancient confusion,non-harmful,Homophonic pun
1476,train,坤之大强之作,调侃谢广坤、苏大强等招恨角色的《逍遥游》填词梗。,"It refers to a parody that mockingly praises notoriously annoying fictional characters, using exaggerated literary-style lyrics to celebrate figures viewers love to hate.",annoying-character parody,Kun and Daqiang,sitcom villain song,old-man parody,non-harmful,Quotation
1477,train,口嗨,嘴上说得很厉害，实际做不到。,"It describes someone talking big, making bold claims, or sounding tough in words, but not actually following through or being able to do what they said.",all talk,mouth high,empty brag,loud promise,non-harmful,Experience
1478,train,孔融让离,脱口秀谐音梗，借“孔融让梨”调侃劝人离婚。,"A punny way to suggest divorce, jokingly adapting a familiar phrase into a homophonic meme used to tease or mock someone by implying they should leave their marriage.",just get divorced,Kong Rong gives pears,ancient divorce joke,pear-sharing pun,non-harmful,Homophonic pun
1479,train,匡扶汉室,《全面战争：三国》玩家沉迷时的自我调侃。,This meme jokingly describes players so absorbed in Total War: Three Kingdoms that they frame their obsession as a grand mission to restore the Han dynasty.,restore the Han dynasty,save the Han house,Three Kingdoms mission,emperor loyalty,non-harmful,Quotation
1480,test,口加舍念啥,拆字谐音表白梗，用“啥/why”等绕出“我爱你”。,"A character-riddle way to say “I love you,” using split characters and sound-alike wordplay to disguise a romantic confession as a playful question about how a made-up character should be pronounced.",I love you,mouth plus house,Chinese character puzzle,why joke,non-harmful,Homophonic pun
1481,test,口红式送礼,用不贵且不容易出错的礼物表达心意，如送口红。,"It refers to choosing a safe and affordable gift that shows thoughtfulness without costing much or being likely to disappoint, like giving lipstick as an easy, low-risk present.",safe gift,lipstick gift,cosmetic shortcut,small present,non-harmful,Stylistic device
1482,test,可惜不是个哑巴,调侃外表美好，但一开口就毁形象。,"Used jokingly for someone who looks attractive or impressive at first, but ruins that good impression as soon as they start talking.",pretty until they open their mouth,shame not mute,pretty but loud,ruined beauty,harmful,Experience
1483,train,快叫jo护车,JOJO 梗，指吉良吉影被救护车撞死的名场面。,"A JoJo meme referencing the famous scene where a character is fatally hit by an ambulance, used to evoke that dramatic and absurd fatal crash moment.",ambulance kill meme,call Jo ambulance,anime emergency,Kira rescue,non-harmful,Quotation
1484,train,开心的蘑菇炒出黏黏的西芹,“开心的锣鼓敲出年年喜庆”的谐音空耳梗。,"This phrase is a funny misheard lyric, created by replacing the original festive line with absurd similar-sounding words for comic effect.",misheard lyric meme,happy mushroom celery,New Year lyric,cooking song,non-harmful,Homophonic pun
1485,train,开幕雷击,点开视频开头就被震撼或离谱内容冲击。,"It describes getting shocked right at the opening of a video or post, when the very first moment delivers something startling, absurd, intense, or unexpectedly outrageous.",shocked in the first second,opening thunder strike,opening night jitters,clickbait intro,non-harmful,Quotation
1486,train,砍手岩,《我的世界》基岩梗，老玩家敷衍萌新问题的回答。,"A veteran player’s troll answer telling newbies to mine bedrock, used as a dismissive or teasing response to beginner questions in Minecraft communities.",go punch bedrock,hand-cutting rock,Minecraft stone,newbie trap,non-harmful,Quotation
1487,train,空调蕉太狼,“空条承太郎”的谐音爱称，结合“蕉太狼”形成搞笑叫法。,"“Air Conditioner Jiao Tailang” is a humorous punny nickname for Jotaro Kujo, created by twisting the sound of his Chinese-transliterated name into a playful phrase.",Jotaro Kujo pun,air-conditioner banana wolf,JoJo nickname,anime wolf pun,non-harmful,Homophonic pun
1488,train,哭不死董卓,讽刺只知道哭没有用，必须想办法解决问题。,This meme sarcastically means that simply crying or complaining is useless; no problem will be solved unless someone stops wallowing in emotion and actually finds a practical way to deal with it.,crying won’t solve anything,cry Dong Zhuo to death,Three Kingdoms complaint,useless tears,non-harmful,Quotation
1489,train,快进到曹丕,谐音梗，表示跳过前面无聊部分，直接到精彩处。,"This pun-based phrase means skipping over the boring setup or tedious earlier parts and jumping directly to the exciting, dramatic, or most entertaining moment.",fast-forward to the good part,fast-forward to Cao Pi,Three Kingdoms jump,punny shortcut,non-harmful,Homophonic pun
1490,train,口香糖演技,指爱豆舞台上像嚼口香糖一样进行脸部律动和表情管理。,"Chewing-gum acting"" refers to an idol’s stage facial expressions and face movements that look as if they are rhythmically chewing gum while trying to manage expressions.",gum-chewing-like facial expression management,acting with chewing gum,K-pop aegyo face,exaggerated facial expressions,non-harmful,Stylistic device
1491,train,开门见三,罗翔讲刑法的“张三”梗，指一开场就提张三。,"It means bringing up Zhang San right at the start, referencing Luo Xiang’s criminal law lectures where the example character Zhang San appears immediately as soon as the explanation begins.",straight to Zhang San,open door see three,criminal-law intro,Luo Xiang line,non-harmful,Quotation
1492,test,恐遇熟高低整,想发骚话又怕被熟人看到，只能自我阉割评论。,"It describes holding back or toning down a cheeky, provocative comment because people you know might see it, leading to self-censoring rather than posting what you really wanted to say.",self-censoring because acquaintances might see it,afraid to run into familiar people,posting a thirst trap,thinking twice before posting,non-harmful,Stylistic device
1493,test,快乐瀑布,“快乐源泉”的升级版，形容能带来无穷快乐的人或事物。,"A ""happy waterfall"" describes a person, object, or experience that feels like an upgraded source of happiness, bringing a seemingly endless flow of joy and amusement.",An endless source of joy,Happy waterfall,Fountain of youth,Laughing nonstop,non-harmful,Stylistic device
1494,train,苦茶籽,“裤衩子”的谐音，表示被帅哥美女迷住，心动到走不动道。,"It describes being so overwhelmed by attractive people that you feel captivated, flustered, and almost unable to move or think normally.",down bad,Bitter tea seeds,Underwear pun,Too stunned to walk,non-harmful,Homophonic pun
1495,train,Kiss Kiss,网络用语中表示暂停、停止，源自亲吻手势。,"“Kiss Kiss” is an internet slang gesture used to signal that something should pause or stop, drawing on the idea of a kissing gesture as a playful way to halt the action.",pause,Kiss Kiss,Blow a kiss,Cute gesture,non-harmful,Quotation
1496,train,卡农警告,《开端》中爆炸前的卡农铃声，表示危险或死亡即将到来。,"This meme refers to a warning sign that danger or death is coming, evoking the ominous ringtone from the show Reset that plays before an explosion.",death flag,Canon warning,Explosion music,Danger siren,non-harmful,Quotation
1497,train,看完这句曹操撤回了一碗饭,三国曹操扣饭情节玩梗，表示看到满意回答后撤回不满。,"This meme means taking back one’s negative reaction after seeing a satisfying answer, as if a previously annoyed or disapproving response is withdrawn once the reply turns out to be good.",I take it back,Cao Cao retracts a bowl of rice,Cao Cao unspills,Historical rice joke,non-harmful,Quotation
1498,train,裤落冥槽,用来骂人闭嘴、别再说没用的话。,"A harsh put-down telling someone to stop talking, used to rudely shut someone up when their comments are seen as pointless, annoying, or not worth listening to.",shut the fuck up,Pants fall into dark trough,Useless rant,Dark-trough insult,harmful,Homophonic pun
1499,train,孔乙己的长衫,指学历和体面成为下不来的高台，困住当代年轻人。,"The meme describes how diplomas and social expectations trapping underemployed youth can become a burden, making young people feel unable to accept lower-status work despite limited opportunities.",diploma trap,Kong Yiji's long gown,Scholar's robe,Golden handcuffs,non-harmful,Quotation
1500,train,孔乙己文学,大学生找不到理想工作时，以孔乙己语录自嘲的网络文体。,"A self-mocking writing style about degree holders stuck in poor jobs, using literary allusions to joke about educated young people who cannot find ideal work despite their academic credentials.",Kong Yiji-style self-mockery about overeducated underemployment,Kong Yiji's novels,Shakespearean job angst,overeducated and underemployed,non-harmful,Quotation
1501,train,亏内,既可表示开心，也带有“窥探内部”的低俗、贬低女性意味。,"A controversial slang expression that can signal excitement or delight while also carrying crude voyeuristic undertones of peeking into private or intimate spaces, often with a derogatory implication toward women.",peep-and-joy slang,Loss inside,Happy vibes,Creeping on women,harmful,Homophonic pun
1502,train,看球费电,嘲讽缺乏足球常识却乱发表意见，连看球都浪费电。,"It mocks someone who watches football yet understands nothing about it, suggesting that even the electricity used for them to watch the match is wasted because their opinions are clueless.",you don’t know ball,Watching football wastes electricity,Clueless spectator,Wasted power watching,harmful,Stylistic device
1503,train,快说你是来旅游的,IP属地暴露尴尬言论后，劝对方赶紧撇清本地身份。,"This phrase tells someone whose location tag exposes an embarrassing comment to quickly claim they are only visiting, so locals can distance themselves from the shame or avoid being associated with it.",say you’re just visiting,Tourist alibi,Not my province,Disown the cringe,non-harmful,Experience
1504,train,科幻片,调侃现实中甜到不真实、离谱完美的爱情故事。,"It jokingly describes an impossibly perfect, overly sweet romance that feels so unreal and idealized it could only belong in fiction rather than ordinary life.",a too-good-to-be-true romance,science fiction movie,space opera romance,romantic daydreaming,non-harmful,Experience
1505,train,开始理解灭霸,节假日人山人海时，调侃自己终于理解灭霸想打响指。,"It jokingly means that when holiday crowds become overwhelmingly unbearable, someone starts to “understand Thanos” and his desire to snap away half the population.",Thanos was right,Starting to study Thanos,May the Force thin the crowd,I need some personal space,non-harmful,Experience
1506,train,科技与狠活,辛吉飞揭露食品添加剂和食品造假的口头禅。,"A catchphrase about food additives and artificial tricks, used to point out processed foods or food fraud that rely on chemical additives, industrial techniques, or deceptive shortcuts rather than natural ingredients.",food additives and shady tricks,technology and ruthless stunts,molecular gastronomy,ultra-processed food,non-harmful,Quotation
1507,train,扛着火车跑,夸张形容逃跑速度极快。,"Describes someone fleeing extremely fast, using an exaggerated image of running away so quickly that even carrying a train would not slow them down.",run like hell,Running carrying a train,Train backpack,Cartoon escape,non-harmful,Stylistic device
1508,train,看夜光手表,含蓄邀请对方进被窝的暧昧暗示梗。,"It is a coy, suggestive way to invite someone to get under the covers, implying intimacy while phrasing the invitation indirectly and playfully.",Netflix and chill,Look at my luminous watch,Glowing watch invite,Come closer,non-harmful,Quotation
1509,train,刻烟吸肺,非主流时期把名字刻在烟上吸进肺里，现指牢记某事。,"It refers to remembering something so deeply and intensely that it feels engraved into oneself, like an unforgettable impression deliberately taken in and kept close.",burned into memory,Engrave on smoke inhale into lungs,Smoke-etched lungs,Emo cigarette memory,non-harmful,Stylistic device
1510,train,开飞船的大哥哥,《一拳超人》中对开飞船最终BOSS波罗斯的同情式加油梗。,"Big brother flying the spaceship"" is a sympathetic cheer for Boros, the final spaceship-riding villain in One Punch Man, used to support a pitiable antagonist despite his role as the enemy.","cheering for Boros, the spaceship-piloting big bro",the older brother who flies an airplane,cheering for Darth Vader,rooting for the final boss,non-harmful,Quotation
1511,train,开朗的网友,源自快手博主，网友跟风改名形成的梗。,It refers to a cheerful online persona meme that originated from a Kuaishou creator and spread as users jokingly copied the style by renaming themselves in a similar way.,cheerful online persona meme,open and bright netizen,Good Guy Greg,wholesome commenter,non-harmful,Quotation
1512,train,开团了,从游戏开团衍生，指一群人开始共同攻击或嘲讽某人。,"“Starting the fight” is used as a signal that a group is beginning a coordinated pile-on, mockery, or trolling attack against someone, often in an online argument or comment section.",dogpile!,The team fight has opened,cancel culture,roast battle,non-harmful,Stylistic device
1513,train,砍橘子树,“买橘子”梗升级版，用来夸评论过于精彩。,"This meme is used to praise a comment as extremely brilliant, suggesting that the remark is so sharp, funny, or well-said that it deserves exaggerated admiration.",top-tier comment,Chop down the tangerine tree,Stay right here,Fatherly orange joke,non-harmful,Quotation
1514,test,裤子飞了,看到帅哥美女太诱人，抵抗不住诱惑的评论梗。,Used when someone jokingly says they are so overwhelmed by a handsome or beautiful person’s attractiveness that they cannot resist the temptation or keep their composure.,my pants just flew off,Pants flew away,Netflix and chill,I'm blushing,non-harmful,Stylistic device
1515,train,客门,《明日方舟》异客强度梗，把“阿门”恶搞成“客门”。,"A worship-style meme for Passenger from Arknights, parodying religious praise by treating devotion to the character as if fans were chanting a sacred phrase in admiration or ironic reverence.",Amen to Passenger,Guest gate,Operator worship,Passenger prayer,non-harmful,Homophonic pun
1516,train,靠一些,依赖某事物缓解渴求或满足需要的万能用语。,"The phrase means relying on something to cope with a craving or need, often used broadly to describe depending on any object, activity, or habit for comfort, relief, or temporary satisfaction.",getting by on a little something,Rely on some,comfort food,making do with whatever,non-harmful,Slang
1517,train,跨年那天不要穿内裤,“没裤头”谐音“没苦头”，寓意来年无苦。,"This New Year joke uses a pun about wearing no underwear to sound like “no suffering,” expressing a playful wish that the coming year will be free of hardship.",no suffering in the coming year,Don’t wear underwear on New Year’s Eve,Go commando for good luck,"New year, new underwear",non-harmful,Homophonic pun
1518,train,开屏暴击,视频刚开始就被美颜、颜值或辣眼内容强烈冲击。,"It refers to a first-frame impact that hits the viewer hard, when a video opens with beauty filters, striking looks, or visually overwhelming content that immediately shocks or overwhelms the audience.",first-frame visual shock,critical hit on the boot screen,Rickroll,cold open,non-harmful,Experience
1519,train,口袋饱饱,山泥若直播推单成功后，观众赢鱼丸、口袋赚满的梗。,"This meme means having pockets full after winning a prediction or bet, especially when viewers profit from a successful streamer recommendation and end up feeling happily rewarded.",pockets full from a winning bet,well-fed pockets,cash cow,getting paid,non-harmful,Quotation
1520,train,咖喱人,“家里人”的谐音，孙笑川粉丝圈中的骂人梗。,"This meme is a homophonic insult involving someone’s family, used in Sun Xiaochuan fan circles as a mocking or abusive way to target a person through a pun on “family members.”",family-insult pun,Curry people,Curry family diss,Trash talk kin,harmful,Homophonic pun
1521,test,可以但没必要,表示自己能做到，但没必要做，带装逼或凡尔赛意味。,"It means saying one could do something or has the ability to pull it off, but chooses not to because it is unnecessary, often with a subtly boastful or humblebragging tone.","I could, but there's no need",Possible but required,"No pain, no gain",Low-key flexing,non-harmful,Experience
1522,train,开始自闭,形容主播或网友进入消极、封闭、语言减少的状态。,"It describes someone, such as a streamer or online user, entering a shut-down, tilted, antisocial state where they become negative, withdrawn, and much less willing to talk or interact.",shutting down,Starting to go autistic,Tilted hard,Full tilt mode,non-harmful,Stylistic device
1523,train,泪流满面,原为成语，后常用“内牛满面”等谐音表示激动、惊讶、哭笑不得或情绪爆发。,"Used as an exaggerated reaction to show extreme emotion, awkward laughter, surprise, or being deeply moved, often implying that someone is overwhelmed to the point of tears.",overwhelmed to tears,cow tears all over the face,sad trombone,nervous laughter,non-harmful,Experience
1524,train,拉仇恨,原为游戏用语，指吸引仇恨值；后指说出或做出容易招人怨恨的事。,"It means drawing hostile attention or resentment by saying or doing something that makes others annoyed, envious, or angry, originally from gaming where a player attracts enemy aggression.",draw aggro,pull hatred,attention seeker,hate magnet,non-harmful,Experience
1525,train,乱入,ACG用语，指其他作品的人物、道具或元素突然出现在当前作品中。,"A sudden crossover appearance from another work, where a character, object, or element from a different series unexpectedly shows up within the current story or scene.",crossover cameo,chaos entry,random interruption,misplaced character,non-harmful,Slang
1526,train,辣眼睛,形容看到的东西太丑、太尬或太离谱，让人无法直视。,"It describes something so ugly, awkward, absurd, or cringeworthy to look at that it feels “eye-burning,” making the viewer want to look away immediately.",eye bleach needed,spicy eyes,visual disaster,ugly shock,non-harmful,Stylistic device
1527,test,懒癌,形容懒到极致，像患了不治之症一样难以改变。,"It jokingly describes extreme, seemingly incurable laziness, as if someone’s unwillingness to move or act were a terminal condition that is very hard to change.",terminal laziness,lazy cancer,sofa disease,willpower failure,non-harmful,Stylistic device
1528,train,恋人未满,指两人关系超过朋友，但尚未真正成为恋人的暧昧状态。,"It describes an ambiguous relationship where two people are closer than ordinary friends and may have romantic feelings, but they have not formally become a couple or defined the relationship as romance.",situationship,unfinished lovers,high school sweethearts,unrequited crush,non-harmful,Quotation
1529,train,老滚,《上古卷轴》系列游戏的别称，源自早期误译和玩家简称。,"This term is a player nickname for The Elder Scrolls game series, originating from early mistranslations and later becoming a commonly used shorthand among fans.",The Elder Scrolls,old scroll,Skyrim slang,RPG nickname,non-harmful,Abbreviation
1530,test,萝莉,ACG语境中的萌属性称呼，通常指幼小、可爱、少女感强的角色类型。,"In anime, manga, and game fandom, this term refers to an archetype of a cute, young-looking girl character, typically emphasizing smallness, innocence, and a strongly girlish appearance.",loli,young girl,cute kid,Lolita dress,non-harmful,Abbreviation
1531,train,六百六十六盐都不盐了,游戏语境中夸张称赞技术太强，强到不装了、像开挂一样碾压。,"Used in gaming contexts, this phrase jokingly praises someone who dominates so completely that they seem to have stopped hiding their skill and are openly playing at an almost unfair, cheat-like level.",not even hiding it anymore,six-six-six saltless,godlike gamer,open cheat joke,non-harmful,Stylistic device
1532,train,零帧起手,游戏术语，指出招速度极快、几乎没有前摇，让人猝不及防。,"It describes an instant move with no visible startup, especially in games, where an action comes out so quickly and with almost no wind-up that opponents have little chance to react.",zero-frame startup,instant opener,no-delay strike,too fast to react,non-harmful,Slang
1533,train,老天奶,河南、鲁西南等地方言感叹词，类似“老天爷”“我的天”。,"“Lao tian nai” is a regional dialect exclamation used much like “oh my God” or “my goodness,” expressing shock, surprise, disbelief, or sudden amazement in an informal, colloquial way.",oh my God,old sky milk,hail Mary,dialect grandma,non-harmful,Slang
1534,test,蓝氏禁言术,《陈情令》相关梗，用于看到不喜欢的发言时表示想让对方闭嘴。,"It refers to a fandom-style spell imagined as a way to silence unwanted comments, used jokingly when someone sees an opinion or remark they dislike and wants the speaker to stop talking.",silencing spell,Lan clan rule,comment deletion,magic warning,non-harmful,Quotation
1535,train,联动,指两个不同作品、品牌或角色进行合作、互动或共同出现。,"A collaboration or crossover between different works refers to separate stories, brands, characters, or creative projects joining together, interacting, or appearing in shared content for a combined event or promotion.",crossover collab,linkage,joint appearance,shared promotion,non-harmful,Experience
1536,train,溜了溜了,见势不妙、尴尬或认怂时表示赶紧跑路。,"It means “I’m out of here,” used when someone wants to leave quickly because the situation has become awkward, risky, embarrassing, or unfavorable.",I’m outta here,slip away slip away,retreat signal,awkward exit,non-harmful,Experience
1537,train,累成狗,表示累到极致，像被折腾惨了一样。,"It means being extremely exhausted, worn out to the point of feeling completely drained and miserable after intense work, stress, or repeated demands.",dog-tired,tired like a dog,worn-out worker,exhaustion mode,non-harmful,Slang
1538,train,老实人孤立你,调侃不懂梗、一本正经解释笑点的人破坏气氛。,"This phrase jokingly teases someone who takes jokes too literally or explains the punchline too seriously, making the mood awkward and spoiling the shared humor of the moment.",the joke explainer,honest person isolates you,Captain Obvious,no fun allowed,non-harmful,Experience
1539,train,历史总是惊人地相似,用于吐槽类似事件反复发生，产生强烈既视感。,"This phrase is used to joke or complain that similar events keep happening again, creating a strong sense of déjà vu as if the same situation is repeating itself.",history repeats itself,déjà vu again,same old joke,uncanny coincidence,non-harmful,Experience
1540,train,冷脸洗内裤,网络小说梗，讽刺女主生气不满却仍冷着脸做家务。,"It describes someone doing household chores with a cold, silent expression while feeling angry, dissatisfied, and resentful, often mocking a character who keeps serving others despite being upset.",silently doing chores while seething with resentment,cold-faced underwear washing,Cinderella's midnight cleanup,doing chores in a bad mood,non-harmful,Quotation
1541,train,路人转粉,指原本不关注某人，因作品或事件而成为粉丝。,"It means going from casual observer to fan after previously not paying attention to someone, usually because a work, performance, public moment, or event makes the person start actively liking and supporting them.",from casual observer to fan,a passerby turns into an electric fan,fair-weather fan,casual fan,non-harmful,Experience
1542,train,厉害了我的哥,表示惊叹、佩服，类似“你真牛啊兄弟”。,"This phrase is used to express surprise and admiration, praising someone as impressive or unexpectedly skilled, much like saying “you’re really amazing, bro” in a playful or enthusiastic tone.","damn, bro, you’re amazing","powerful, my brother","may the Force be with you, bro","no way, bro",non-harmful,Quotation
1543,train,脸盲症,视觉正常但难以分辨他人面孔的认知障碍，也常泛指记不住脸。,"It refers to the inability to recognize or remember faces, whether as an actual face-recognition difficulty or a casual way to say someone often forgets what people look like.",face blindness,Name blindness,Bad memory,Forgetful eyes,non-harmful,Experience
1544,train,龙系长相,一种长相分类，指眼距宽、眼睛大且上挑、面部轮廓锋利，有“龙感”的长相。,"A sharp, fierce, dragon-like facial aesthetic describes a look with wide-set, large upward-slanting eyes and defined facial contours, giving the face an intense, striking, dragon-inspired impression.",dragon-type face,Fierce features,Sharp beauty,Wide-eyed face,non-harmful,Stylistic device
1545,train,罗密欧与朱丽叶效应,越被禁止的事情越让人好奇、越想尝试的逆反心理。,"The term describes the psychological effect where something becomes more attractive or tempting precisely because it is forbidden, restricted, or discouraged.",forbidden fruit,Forbidden love,Rebel attraction,Parental ban effect,non-harmful,Quotation
1546,train,黎叔很生气后果很严重,出自《天下无贼》台词，用作警告或最后通牒。,"This phrase is used as a stern warning or ultimatum, meaning someone important is very angry and that serious consequences are likely to follow.",you’ve been warned,Uncle Li is furious,Movie boss threat,Angry elder warning,non-harmful,Quotation
1547,train,泪失禁患者,指生气或吵架时控制不住流泪，内心暴怒但外表像示弱。,"A “tear incontinence patient” is someone who cries uncontrollably when angry or upset, appearing weak or vulnerable on the outside even while feeling furious or intensely emotional inside.",angry crier,Tear leak,Emotional leak,Crybaby syndrome,non-harmful,Experience
1548,train,理都懂,“道理我都懂”的缩写，表示虽然明白道理，但现实仍然无奈。,"It means knowing and accepting the logic or reasoning behind a situation, yet still feeling helpless, frustrated, or unable to change the reality in front of you.","I know, but still",Reason understood,I get the theory,Logic accepted,non-harmful,Abbreviation
1549,test,来信砍,贴吧缩写梗，源于“来XX信不信我砍死你”，多为嘴硬式威胁。,"This meme refers to a shortened online threat meaning “come here and see if I won’t cut you down,” usually used as exaggerated aggressive tough talk rather than a serious threat.",come here and see if I won’t cut you down,incoming letter chop,hold my beer,"come at me, bro",harmful,Abbreviation
1550,train,领便当,指角色死亡、退场或被写出剧情。,"It means that a character dies, leaves the plot, or is written out of the story, often used when someone’s role in a narrative has come to an end.",killed off,Receive a boxed lunch,Get the bento,Extra’s lunch,non-harmful,Quotation
1551,test,脸上笑嘻嘻心里mmp,表面微笑，心里疯狂骂人，表示假装礼貌但内心暴怒。,"It describes someone appearing polite and cheerful on the surface while secretly feeling furious, resentful, or mentally cursing the situation inside.","smiling outside, screaming inside",Polite smile,Smiling through pain,Hidden anger,non-harmful,Abbreviation
1552,train,冷都女,韩语缩略词，指冷漠、精干、不苟言笑的都市职业女性风格。,"It describes a chic, icy, urban career-woman vibe, marked by a cool, composed, highly capable professional style with minimal warmth, sharp polish, and an unsmiling metropolitan attitude.",ice queen,Cold city woman,Boss lady chic,Urban office style,non-harmful,Abbreviation
1553,train,老子懂孔子和孟子不懂,自称懂了，但搬出孔子孟子装作替别人求解释，实则想让对方再讲一遍。,"It means pretending you already understand something, while indirectly asking the other person to explain it again by framing the request as if it is for someone else.","I get it, but explain it again for my friend",Confucius and Mencius don’t understand,It’s all Greek to me,Can you repeat that?,non-harmful,Homophonic pun
1554,train,老阴比,形容看似无害，实则心机深、很会阴人的人。,"A person who appears harmless or unthreatening on the surface, but is actually secretly cunning, scheming, and skilled at manipulating situations or setting others up.",wolf in sheep’s clothing,Old shady one,Hidden schemer,Sneaky bastard,harmful,Slang
1555,train,拉去放高利贷,形容某人口才太好、太会忽悠，适合去放高利贷骗钱。,Describes someone whose smooth talk and persuasive skill are so strong that they seem perfectly suited to tricking people into shady high-interest lending schemes.,con artist material,Drag off to loan sharking,Sweet talker,Smooth operator,harmful,Stylistic device
1556,train,聊五毛钱的,幽默表示想和对方随便聊一会儿。,"It humorously means asking someone for a quick casual chat, suggesting a brief, low-pressure conversation just to talk for a little while without any serious purpose.",shoot the breeze,Chat for fifty cents,Tiny paid chat,Cheap conversation,non-harmful,Quotation
1557,train,留下了不学无术的泪水,自嘲别人太优秀，自己太菜、太没文化，被对比伤害。,"A self-deprecating phrase used when someone feels painfully inadequate or uncultured after comparing themselves with a much more talented, knowledgeable, or impressive person.",crying because everyone else is talented and I feel uncultured,tears left by not studying,big brain energy,humblebrag tears,non-harmful,Experience
1558,train,老八秘制小汉堡,快手主播老八的黑暗料理梗，用于指恶心、猎奇的食物或内容。,"A gross food meme from streamer Old Eight, used to describe disgusting, bizarre, or shock-value food and content that feels deliberately revolting or hard to watch.",gross-out burger,Old Eight’s secret burger,Stinky burger,Disgusting recipe,non-harmful,Quotation
1559,train,我练功发自真心,德国男孩摔键盘视频的中文空耳，带鬼畜和暴怒整活色彩。,"This phrase refers to a Chinese misheard line from the German rage-kid meme, especially the keyboard-smashing video, carrying a chaotic remix humor and exaggerated furious-performance vibe.",misheard rage meme,I train from the heart,German boy meme,Epic keyboard rage,non-harmful,Homophonic pun
1560,train,六斤疆人,“新疆人”的谐音自嘲说法。,This is a playful homophonic self-deprecating nickname used by people from Xinjiang to joke about their regional identity in a lighthearted way.,Xinjiang pun,Six-jin person,Local identity pun,Xinjiang joke,non-harmful,Homophonic pun
1561,train,老二让我选她,指被下半身欲望驱使，选择女人而放弃兄弟或原则。,"It means being driven by sexual desire to choose a woman or temptation over one’s friends, principles, loyalty, or rational judgment.",thinking with my dick,little brother told me to pick her,bro-code drama,junior made the choice,non-harmful,Stylistic device
1562,test,老实巴蕉,王一博吃香蕉表情包，展现明星沙雕、憨憨的一面。,"A goofy banana-eating celebrity meme showing a star’s silly, endearingly clueless side through an expression while eating a banana.",goofy banana meme,honest banana,celebrity snack face,banana reaction,non-harmful,Homophonic pun
1563,train,烂怂大雁塔有啥看的,陕西方言式护短：本地人可以吐槽自家景点，外地人不能说。,"It means locals are allowed to joke about or criticize their own hometown and attractions, but outsiders are not welcome to make the same mockery.",only locals can talk shit,lousy Big Wild Goose Pagoda,hometown landmark roast,tourist complaint,non-harmful,Quotation
1564,train,老家秘传,回避“从哪学的”时的万能搪塞，说成祖传秘技。,"It means jokingly claiming a secret family source, usually as a playful excuse when avoiding the question of where someone learned a skill, trick, or piece of knowledge.",family secret,hometown secret technique,ancient village wisdom,hidden hometown trick,non-harmful,Stylistic device
1565,train,龙鸣,四川方言中“农民”的谐音蔑称，用于嘲讽别人土、没见识。,"A derogatory slang term used to mock someone as rustic, uncultured, or lacking worldly experience, implying they are unsophisticated and out of touch in a contemptuous way.",hick,dragon chirp,rural accent joke,village outsider,harmful,Homophonic pun
1566,train,驴粪蛋子表面光,俗语，形容表面光鲜，实则徒有其表。,"It describes someone or something that looks polished, impressive, or attractive on the surface, but lacks real substance, value, or quality underneath.",all show and no substance,shiny donkey dung,polished shell,fake shine,non-harmful,Slang
1567,train,拉胯,北方方言，指关键时刻掉链子、表现不行。,"This slang describes someone or something failing at a crucial moment, especially when they were expected to perform well but instead let others down or proved unable to handle the situation.",drop the ball,pull the crotch,bad timing,weak showing,non-harmful,Slang
1568,train,六人定律,指任意两个人都可以通过六个人建立联系。,"It refers to the idea that any two people can be connected through a surprisingly short chain of acquaintances, usually described as no more than six intermediary people.",six degrees of separation,six-person rule,small-world chain,connection ladder,non-harmful,Experience
1569,test,老虚,指日本编剧虚渊玄，因黑暗致郁风格被粉丝调侃。,"Old Uro"" is a nickname for Gen Urobuchi, used by fans to refer to his reputation for dark, tragic, and emotionally bleak writing that often leaves audiences devastated.",Gen Urobuchi,Old Xu,cruel writer,death-flag author,non-harmful,Experience
1570,test,梁静茹给的勇气,嘲讽对方哪来的勇气说出或做出这种事。,"This phrase mocks someone for having the unreasonable audacity or misplaced confidence to say or do something that seems obviously inappropriate, absurd, or beyond their position.",who gave you the nerve?,courage from a singer,borrowed bravery,pop-song courage,non-harmful,Experience
1571,test,来人把他麦给我闭了,表示对方说话难听或不该说，要求立刻闭嘴。,"Used to demand that someone stop talking immediately, especially when what they are saying sounds unpleasant, inappropriate, annoying, or should not have been said at all.",mute him,close his mic,bad audio complaint,noisy speaker,non-harmful,Experience
1572,train,老太太钻被窝,歇后语式表达，形容摔得四脚朝天或动弹不得。,"This expression describes someone who has fallen flat on their back, often with limbs awkwardly up, or is left unable to move after a fall or mishap.",flat on your back,old lady crawls into bed,tangled blanket joke,bedtime fall,non-harmful,Stylistic device
1573,test,拉去巴西钓绿毛龟,夸张调侃某人评论很有才，应该去巴西钓绿毛龟发财。,It sarcastically praises a wildly clever comment by joking that the commenter is so talented they should be sent off to make money through an absurdly specific lucky venture.,big brain comment,Brazil turtle fishing,tropical fortune trip,green turtle business,non-harmful,Stylistic device
1574,train,垃圾就该呆在垃圾堆里,辱骂某人很差、像垃圾一样只配待在垃圾堆。,"A harsh insult saying someone is worthless or terrible, comparing them to trash and claiming they only deserve to stay in a garbage pile with other trash.",trash belongs in the dump,waste sorting slogan,recycling bin joke,street garbage,harmful,Quotation
1575,train,老母猪戴胸罩,歇后语“一套又一套”，形容套路很多、很会设计圈套。,"It describes someone who keeps coming up with one trick or scheme after another, using many calculated routines or traps to manipulate a situation or outsmart others.",schemes on schemes,sow wearing a bra,farm underwear joke,layered clothing,non-harmful,Stylistic device
1576,train,令人窒息的操作,形容游戏或现实操作让人震惊，可褒可贬。,"A move so shocking it leaves people speechless, used for an action in a game or real life that stuns observers, whether because it is brilliantly unexpected or unbelievably bad.",jaw-dropping move,suffocating operation,hard-to-breathe move,strange gameplay,non-harmful,Experience
1577,train,乐山大佛你来坐,讽刺站在道德高地指责别人、站着说话不腰疼的人。,It sarcastically tells someone who is moralizing from a position of superiority to stop acting so righteous and judging others without understanding their situation.,get off your high horse,sit on the Leshan Buddha,moral police seat,Buddha chair for you,non-harmful,Stylistic device
1578,train,莲花渣男,指前一秒甜蜜、后一秒翻脸，还装得圣洁无辜的渣男。,"A fake-pure player who turns cold after acting sweet is a man who first behaves affectionately, then suddenly becomes hostile or dismissive while pretending to remain innocent, virtuous, and blameless.",fuckboy with a halo,lotus scumbag,fake saint,hot-and-cold guy,harmful,Stylistic device
1579,train,连夜走的买的站票,指被某事震惊或失望后连夜逃跑，常用于直播翻车语境。,"It means running away immediately after feeling shocked or disappointed, often joking that someone was so upset by a livestream failure or embarrassing reveal that they bought a standing ticket and fled overnight.",booked it out of there,standing ticket overnight,train escape,face-reveal panic,non-harmful,Stylistic device
1580,test,泪水打湿我的豆豆鞋,土味表达，表示自己哭了或被感动、伤到了。,"A deliberately tacky, rustic-sounding expression meaning that someone is crying, usually because they feel moved, hurt, or emotionally overwhelmed.",crying my eyes out,tears wet my bean shoes,cheap shoe tears,rustic crying line,non-harmful,Stylistic device
1581,train,聊天框战神,在聊天框里打满字却不敢发送，最后删掉或只回一句的怂包。,"A person who types out an aggressive or fearless reply in the chat box, but loses courage before sending it and either deletes everything or responds with something harmless.",chat draft warrior,Chat box god of war,Keyboard warrior,Coward texter,non-harmful,Stylistic device
1582,train,龙傲天,讽刺小说中无脑开挂、全靠主角光环的男版玛丽苏男主。,"An overpowered male wish-fulfillment protagonist with plot armor, usually mocked as a shallow fantasy hero who effortlessly wins through absurd advantages, cheats, or author favoritism rather than believable skill or character development.",Gary Stu,Dragon Proud Sky,Plot armor king,No-brain OP hero,non-harmful,Experience
1583,test,理解质疑成为,指从不理解、质疑，到最后自己也变成那样的真香过程。,"It describes the ironic progression of not understanding something, then questioning or doubting it, and eventually becoming exactly the thing you once doubted.",becoming what you once doubted,"understand, question, become",full circle moment,from hater to fan,non-harmful,Experience
1584,train,两箱油司机,买车后很少开，一年用不了两箱油的司机。,"A ""two tanks of gas driver"" refers to a car owner who uses their car so rarely that they might not even go through two full tanks of fuel in a year.",infrequent driver who barely uses the car,two boxes of oil driver,Sunday driver,hypermiler,non-harmful,Stylistic device
1585,train,楼外的蒹葭或者今晚的月亮,泛指学习之外仍然美好、有意义、值得关注的生活事物。,"The phrase refers to the beautiful, meaningful parts of life outside studying, reminding people that worthwhile things such as scenery, feelings, relationships, and quiet moments still deserve attention.",life beyond books,Reeds outside or tonight’s moon,Beautiful distractions,Simple pleasures,non-harmful,Quotation
1586,train,老师菜菜捞捞,大学生期末求老师高抬贵手、放自己一马的卖萌缩写梗。,"This phrase is a deliberately cutesy way for students, especially around finals, to beg a teacher to be lenient and let them pass despite poor performance.",please pass me,Teacher veggie veggie scoop scoop,Begging for grades,Final-week prayer,non-harmful,Abbreviation
1587,train,列文虎克,形容网友观察力极强，能发现非常细微的细节。,"It describes someone with microscopic attention to detail, especially an online observer who notices tiny clues or subtle details that most people would completely miss.",eagle-eyed,Leeuwenhoek,Newton's apple,nitpicker,non-harmful,Stylistic device
1588,train,蓝桉已遇释槐鸟,文艺表白句，表示“我的温柔只给你一个人”。,"A poetic romantic confession meaning that the speaker’s gentleness, affection, and softest feelings are reserved for one person alone, expressing exclusive tenderness in an artistic, literary way.",My tenderness is reserved for you alone,Blue eucalyptus has met the locust bird,May the Force be with you,I have a soft spot for you,non-harmful,Quotation
1589,test,老倒霉蛋了,形容某人特别倒霉，尤其在游戏中死得不明不白。,"Describes someone who is constantly unlucky, especially in games where they seem to die or fail for unclear, unfair, or absurdly unfortunate reasons.",bad luck magnet,Old unlucky egg,Born unlucky,Perpetual L-taker,non-harmful,Experience
1590,train,离泽宫男德班,《琉璃》中约束男弟子的设定，反向调侃“女德班”。,"It refers to a fictional class from a drama that teaches male disciples restrictive virtue rules, used as a reverse parody of classes that police women’s behavior and morality.","male virtue class, a reverse parody of female virtue classes",Leaving Marsh Palace boys' etiquette class,finishing school for ladies,male chastity school,non-harmful,Quotation
1591,train,力微饭否,嘲讽对方力气太小，是不是没吃饭。,"Used to mock someone for seeming physically weak or lacking strength, jokingly suggesting they are so powerless that they must not have eaten enough.",too weak—did you skip a meal?,"micro strength, rice or not",hangry,skill issue,harmful,Abbreviation
1592,train,龙王的狱友,指带有萝莉控倾向的角色或作品，讽刺其该坐牢。,"A meme implying someone’s taste is legally questionable, usually used to mock characters, works, or fans with an apparent attraction to underage-looking girls as if they deserve to be jailed.",straight to jail for lolicon vibes,The Dragon King’s cellmate,anime waifu alert,creepy taste,harmful,Stylistic device
1593,test,刘备文学,“皇叔”谐音“黄书”，指黄色读物或成人内容。,"This meme uses a pun on a title associated with Liu Bei to sound like “adult books,” so it refers humorously to erotic reading material, pornography, or other adult content.",porn,Liu Bei literature,Royal uncle books,Uncle Liu’s collection,non-harmful,Homophonic pun
1594,train,老子打烂你的洗澡盆,女神用洗澡当借口敷衍后，卑微追求者无能狂怒的梗。,"This meme expresses impotent rage from a humble pursuer after a crush brushes them off by claiming they need to take a shower, turning rejection into absurd, helpless anger.",impotent rage over a shower excuse,I’ll smash your bathtub,Netflix and chill,rejection meltdown,non-harmful,Experience
1595,train,绿箭,绿茶男版本，表面体贴，实则处处贬低女生男友来衬托自己。,A manipulative man who acts nice and considerate on the surface while subtly undermining a woman’s boyfriend or another man to make himself seem better by comparison.,a fake nice guy who subtly undermines her boyfriend,Green arrow,Cupid's arrow,pick-me guy,harmful,Experience
1596,train,李靖转世,借“托塔天王”谐音“拖沓”，指严重拖延症患者。,"A punning expression for someone who procrastinates heavily, playing on a mythological figure’s title sounding like “dragging things out” to describe a person who constantly delays tasks.",master procrastinator,Reincarnation of Li Jing,the Monkey King,last-minute worker,non-harmful,Homophonic pun
1597,train,莲华卖片,指《美少女万华镜》女主莲华总是引导进入成人剧情，被调侃“卖片”。,"This meme jokes that a visual novel heroine is repeatedly steering the story toward explicit adult scenes, making her seem like she is actively “selling” or promoting that kind of content.",eroge pusher,Lotus sells DVDs,Lotus Sutra merch seller,fan-service mascot,non-harmful,Quotation
1598,train,楼上神父别弹了,表达对视频 BGM 不喜欢，希望赶紧换掉或停止播放。,"The phrase means complaining that the background music in a video is annoying or unpleasant, expressing irritation and hoping it will quickly be changed or stopped.",change the BGM,"Priest upstairs, stop playing","Play it again, Sam",turn down the volume,non-harmful,Quotation
1599,test,李云龙让你去当政委,评论别人太有才、太会说、太有学问，适合当政委。,"It praises someone as especially clever, eloquent, or insightful, implying that their wit, way with words, or depth of understanding makes them seem suited for a persuasive political or advisory role.",you'd make a great political advisor,Li Yunlong wants you as political commissar,armchair general,too smart for your own good,non-harmful,Quotation
1600,test,林黛玉发疯文学,模仿林黛玉柔弱、文艺、阴阳怪气的语气怼人。,"It means passive-aggressive roasting in a delicate literary tone, imitating a fragile, poetic, emotionally refined persona to criticize or mock someone with elegant but cutting indirectness.",delicate shade,Lin Daiyu crazy literature,Elegant tantrum,Classy meltdown prose,non-harmful,Experience
1601,train,老六,游戏中指喜欢阴人、偷袭、蹲点的玩家。,"A sneaky camper or rat-like player refers to someone in a game who hides, waits in ambush, or attacks unexpectedly instead of fighting openly.",rat player,Old six,Sixth player,Hidden teammate,non-harmful,Quotation
1602,train,两面包夹芝士,“两面包夹之势”的谐音梗，指两面包抄的战术局面。,"It refers to a pincer attack or sandwiching tactic, where someone or something is pressured or surrounded from two sides, based on a pun that sounds like “bread with cheese on both sides.”",pincer move,Two slices of bread with cheese,Drunk tactics,Cheese sandwich joke,non-harmful,Homophonic pun
1603,train,六公主,CCTV6 的傲娇昵称，调侃其节目安排任性但有个性。,"“Sixth Princess” is a sassy yet affectionate nickname for CCTV6, teasing the channel for its willful, unpredictable programming choices while also recognizing its distinctive personality.",movie-channel diva,Sixth princess,TV channel persona,Movie schedule joke,non-harmful,Experience
1604,train,凉水怎么可能冲开绿茶,嘲讽男生把责任推给“绿茶女”，但其实是自己主动追求。,It mocks men who blame a supposedly manipulative girl for the situation while ignoring that they were actively pursuing her and willingly chose to get involved.,you chased her,Cold water can’t brew green tea,Blaming the tea,Victim-blaming reversal,non-harmful,Stylistic device
1605,train,刘星分饼,《家有儿女》中刘星分饼场面，代指明显不公平的分配。,"“Liu Xing dividing the pancake” refers to a situation where resources are supposedly being shared, but the split is obviously biased or unfair, making it an unfair distribution disguised as sharing.",rigged split,Liu Xing divides pancakes,One for you one for me,Family sitcom split,non-harmful,Quotation
1606,train,李华不写信了,高考英语作文经典人物“李华”消失后引发的怀旧感慨。,"It expresses nostalgia for the disappearance of a once-familiar exam essay trope, where a stock student character used in English writing prompts no longer appears and an era of shared school memories feels over.",the end of the Li Hua essay-prompt era,Li Hua stopped writing letters,"Wherefore art thou, Li Hua?",school-days nostalgia,non-harmful,Experience
1607,test,卢雷元年,西电事件后毕设变严格，被戏称为“严格化元年”。,"It jokingly refers to the beginning of a stricter graduation-project era after the Xidian University incident, when thesis and final project standards were perceived as becoming much tougher.",the first year of the graduation-project crackdown,Year One of Lu and Lei,the Xidian scandal anniversary,thesis hard mode,non-harmful,Experience
1608,train,卢雷之变,两名学生找枪手做毕设被曝光，引发毕业设计监管变严。,"It refers to an academic scandal in which two students were exposed for hiring someone to complete their graduation project, leading schools to impose stricter checks and supervision on thesis work.",thesis ghostwriting scandal,Lu-Lei incident,Graduation crisis,Ghostwriter gate,non-harmful,Quotation
1609,train,陆游气坏了,“路由器坏了”的谐音梗。,"This phrase is a homophonic joke meaning that the router is broken, phrased to sound like a person has become angry while actually referring to network equipment not working.",router’s out,Lu You is furious,Poet rage,Internet poem joke,non-harmful,Homophonic pun
1610,test,没起色,形容人没志气、没前途、颓废懒散。,"It describes someone as having no drive, progress, or future prospects, suggesting they are unmotivated, stagnant, and unlikely to achieve much in the future.",going nowhere,No improvement,Deadbeat energy,Lazy decline,non-harmful,Slang
1611,test,没六儿,形容人或事无聊、没意思、乏味。,"Describes a person, thing, or situation as boring, lame, or no fun, often implying it feels dull, pointless, uninteresting, or not worth getting excited about.",boring as hell,No six,Lame sauce,Spirit-dampening,non-harmful,Slang
1612,train,猫狗双全,又有猫又有狗，被调侃为人生成功新标准。,"Having both a cat and a dog is jokingly treated as a new standard of life success, a lighthearted flex that suggests someone has achieved a cozy, enviable pet-filled lifestyle.",cat-and-dog life goals,a complete set of cats and dogs,white-picket-fence dream,fur-baby parent,non-harmful,Experience
1613,train,妈问跪,“妈妈问我为什么跪着看”的缩写，夸张表达崇拜和震撼。,"It expresses awe so strong that one figuratively kneels, exaggerating the feeling of being stunned, overwhelmed, or deeply impressed by something remarkable.",I’m not worthy,Mom asked why I was kneeling,Take a knee,My jaw dropped,non-harmful,Abbreviation
1614,test,米虫人生,像米虫一样不用工作、衣食无忧的躺平生活。,"It describes a laid-back, cushy life where someone does not need to work and can simply live comfortably with food, shelter, and daily needs already taken care of.",freeloader lifestyle,rice weevil life,a bug's life,couch potato lifestyle,non-harmful,Stylistic device
1615,train,没时间解释了快上车,表示时间紧迫快走，也可引申为老司机发车、资源链接快开始。,"“No time to explain, join or leave immediately” means there is urgent pressure to act at once, often implying that someone should quickly get on board, follow along, or grab a resource before the chance is gone.","no time to explain, get in",Old driver summon,Link train leaving,Action-movie hurry,non-harmful,Experience
1616,train,卖歌番,指以大量歌曲、插曲、角色歌为卖点的动画或作品。,"An anime mainly used to sell songs and music tie-ins, where the appeal and marketing focus heavily on numerous theme songs, insert songs, character tracks, or related music releases.",song-selling anime,anime where characters sell sheet music,jukebox musical,idol anime,non-harmful,Stylistic device
1617,train,魔改,对既有作品进行大幅度、违背原作本意的修改。,"It refers to a drastic alteration of an existing work that changes it so heavily, and often so inappropriately, that it betrays the spirit or original intent of the source material.",butchered adaptation,demonic modification,major fan edit,ruined remix,non-harmful,Experience
1618,train,摸头杀,通过摸头动作安慰或撩动对方，让人瞬间心动。,"A head pat used as a comforting or romantic move, meant to soothe someone or create a tender, heart-fluttering moment of affection.",head pat,pat on the back,comfort hug,forehead flick,non-harmful,Experience
1619,train,么么哒,卖萌用语，模拟亲吻声，表达亲昵或喜欢。,"A cute kiss sound used to show affection, often used playfully online to act adorable and express closeness, fondness, or liking toward someone.",muah,kissy ending,heart emoji,bye-bye cute,non-harmful,Slang
1620,train,魔性,形容某事物有谜之吸引力，让人欲罢不能。,"It describes something strangely captivating and hard to stop watching, with an oddly addictive pull that keeps people engaged even when they cannot fully explain why.",weirdly addictive,demonic nature,weird curse,evil charm,non-harmful,Stylistic device
1621,train,没苦硬吃,明明没必要吃苦，却主动找苦吃，常用于吐槽老一辈或自我折腾。,"“Choosing hardship when it is unnecessary” means deliberately making life harder or putting oneself through avoidable suffering, often used to mock older-generation attitudes or people who create trouble for themselves.",self-inflicted hardship,old-school grit,poverty cosplay,tough-it-out mindset,non-harmful,Experience
1622,train,美美桑内,韩语歌词空耳梗，因洗脑旋律和“每天心动”语感走红。,A catchy misheard Korean lyric meme that became popular because its addictive melody and sound evoked a playful feeling of being moved or excited every day.,misheard Korean earworm,Meimei sangnei,K-pop debut line,heart-flutter slogan,non-harmful,Homophonic pun
1623,train,满分作文,夸赞文字表达非常好，像能拿满分的作文。,"This phrase is used to praise someone’s writing as excellent, suggesting their wording, expression, or composition is so well done that it feels worthy of a perfect score.",A+ writing,full-mark essay,word masterpiece,essay of the year,non-harmful,Stylistic device
1624,train,没毛病,表面说没问题，实际常带反讽，表示问题很大。,"It is used to sarcastically say that something is perfectly fine or has no problem, while actually implying the opposite: that the situation is clearly flawed, unreasonable, or seriously wrong.",this is fine,no problem,totally okay,all good,non-harmful,Quotation
1625,train,妈妈我想吃烤山药,抖音魔性广告梗，常用来嘲讽异想天开、白日做梦。,"This meme is used to mock someone for unrealistic wishful thinking, implying that their desire or expectation is absurd, impractical, and closer to daydreaming than anything likely to happen.",keep dreaming,roasted yam fantasy,street-vendor craving,snack dream,non-harmful,Quotation
1626,train,买个岛当领导,回答假想性问题的万能敷衍句式，带夸张幻想色彩。,"It is a sarcastic fantasy answer to unrealistic what-if questions, used as a dismissive catchall reply that exaggerates the premise into an absurd daydream about gaining power or status.",buy an island and be king,island shopping spree,the American Dream,pipe dream,non-harmful,Stylistic device
1627,train,满仓跳水,可指股票满仓后大跌，也可作为电视剧相关万能回复。,"The phrase means a sharp crash after going all in on stocks, and it is also used more loosely as a stock-market-style meme reply in discussions about a television drama.",portfolio tanked,full-position dive,TV-drama name,market panic,non-harmful,Stylistic device
1628,train,抹茶冰淇淋自由,用“随便买抹茶冰淇淋”代指财务自由。,"It means having enough financial freedom to casually buy small treats or luxuries, like matcha ice cream, whenever you want without worrying about the cost.",financial freedom,matcha ice cream dream,money goals,dessert wealth,non-harmful,Stylistic device
1629,train,木瓜警告,大漠叔叔视频中偷木瓜的专属梗，提示木瓜相关名场面将出现。,“Papaya warning” signals that a familiar papaya-stealing bit or related iconic scene from Uncle Damo’s videos is about to appear.,papaya-stealing scene incoming,wooden melon warning,tropical fruit meme,spoiler alert,non-harmful,Quotation
1630,train,迷惑行为,指令人摸不着头脑、很奇葩、完全无法理解的行为。,"It refers to behavior so strange that it makes no sense, leaving observers confused because the action seems bizarre, unreasonable, or impossible to understand in any normal context.","bizarre, inexplicable behavior",maze-like behavior,weird flex,questionable move,non-harmful,Experience
1631,train,没有披风的超人,指危难时刻挺身而出的平凡英雄。,"An ordinary person who acts heroically, stepping forward in moments of danger or crisis despite having no special status, powers, or recognition.",not all heroes wear capes,superhero without a cape,everyday savior,crisis helper,non-harmful,Stylistic device
1632,train,马猴烧酒,日语“魔法少女”的中文空耳。,"This term is a Chinese phonetic rendering of the Japanese phrase for “magical girl,” used jokingly to refer to that anime character type through sound-based wordplay.",magical girl,horse monkey burns wine,anime witch,power girl,non-harmful,Homophonic pun
1633,train,母猪羞愧,夸张形容创作者更新频率极高，高产到让母猪都羞愧。,Used jokingly to describe an extremely prolific creator whose update frequency or output is so high that it is exaggerated as putting even famously productive animals to shame.,content machine,sow ashamed,update frenzy,fast poster,non-harmful,Stylistic device
1634,train,蜜汁自信,“迷之自信”的变体，形容没有依据却自我感觉良好。,"It describes someone showing confidence that seems completely unearned, feeling unusually sure of themselves or pleased with their own abilities despite having little real basis for that attitude.",unearned confidence,honey confidence,humblebrag,healthy self-esteem,non-harmful,Homophonic pun
1635,train,没图没真相,要求对方提供图片作为证据。,"It means demanding photo evidence to support someone’s claim, implying that without a picture or visual proof, the statement should not be fully believed.",pics or it didn’t happen,no picture no truth,screenshot tax,photo please,non-harmful,Experience
1636,train,梦到的,指某事看似真实，其实完全是编造出来的。,"Dreamed up"" refers to something that may sound real or believable at first, but is actually something completely made up with no factual basis.",dreamed up,saw it in a dream,pipe dream,misremembered it,non-harmful,Stylistic device
1637,train,没有感情的菠萝头,戴菠萝帽子的冷漠小猫表情包，用于表达麻木、无感。,"An emotionless cat meme with a pineapple hat, used to express numbness, indifference, or a complete lack of feeling toward what is happening.",emotionless pineapple cat,pineapple hat stare,cold cat meme,chilly kitty,non-harmful,Quotation
1638,train,麻雀啄了牛屁股,“雀食牛X”的谐音梗，意思是确实很牛、确实厉害。,"This is an emphatic pun meaning something is genuinely awesome, used to say that a person, action, or result is truly impressive, powerful, or exceptionally good.",fucking awesome,sparrow pecking a cow,cow-butt pun,bird-and-cow joke,non-harmful,Homophonic pun
1639,train,冒险家翻抽屉有什么不对,RPG游戏中主角翻箱倒柜、搜刮他人屋子被默认合理的吐槽梗。,"It jokes about how RPG heroes are treated as perfectly justified when they rummage through other people’s drawers, chests, and homes for loot as if that behavior were completely normal.",RPG looting logic,drawer-searching adventurer,treasure hunt indoors,heroic home inspection,non-harmful,Stylistic device
1640,train,民风淳朴哥谭市,DC粉丝反讽哥谭治安混乱、犯罪频发。,"This phrase sarcastically describes Gotham as wholesome and peaceful, mocking the city’s notorious chaos, rampant crime, and terrible public safety in DC-related discussions.",just another day in Gotham,simple honest Gotham folk,Gotham tourism slogan,peaceful neighborhood joke,non-harmful,Quotation
1641,train,面包脑袋,形容特别爱吃面包，像上辈子就是面包的人。,"Describes someone obsessed with bread, as if they love eating it so much that they might have been bread in a past life.",bread addict,bread head,carb personality,bakery soul,non-harmful,Stylistic device
1642,train,摸鱼搭子,一起上班摸鱼、偷懒、划水的伙伴。,"A ""moyu buddy"" is a partner for slacking off at work, someone who joins you in quietly wasting time, avoiding tasks, or taking it easy during work hours.",slacking buddy,lazy coworker,office buddy,break-time friend,non-harmful,Experience
1643,train,满朝文武为何支支吾吾,内涵视频或暧昧内容下，大家都懂但不敢明说的评论梗。,"It is used under suggestive or innuendo-filled content to joke that everyone understands the hidden meaning, but no one dares to say it out loud.",we all know but shush,stammering ministers,royal silence,court embarrassment,non-harmful,Stylistic device
1644,train,麦乐鸡侠,麦当劳兼职偷偷多给顾客麦乐鸡的无名英雄。,"A McNugget hero is someone, usually a fast-food worker, who quietly gives customers extra McNuggets without being asked, making them seem like a small anonymous champion of everyday kindness.",McNugget hero,McMusic chicken man,Happy Meal Santa,employee discount hookup,non-harmful,Experience
1645,train,妹妹说紫色很有韵味,许嵩歌词梗，常与灭霸紫色肤色关联，用来调侃紫色很有味道。,"It is a meme phrase meaning that purple has a strangely charming vibe, often used jokingly to describe the color as having an oddly tasteful, distinctive, or amusingly appealing feel.",purple has an oddly charming vibe,my sister says purple has rhyme,Purple Rain,purple is the trendy color,non-harmful,Quotation
1646,test,马已经很累了,调侃收藏资料却从来不看，收藏夹已经“累了”。,"It humorously describes hoarding saved materials, links, or resources with the intention of using them later, while never actually opening or studying them, as if the overloaded collection itself has become exhausted.",read-it-later graveyard,tired horse,beating a dead horse,digital hoarder,non-harmful,Stylistic device
1647,train,蒙古上单,B站用户因在《后浪》视频下留恶评被封，被网友称为勇士。,A banned commenter treated as a brave critic refers to a user who left negative remarks under a promotional video and was later celebrated online as courageous for speaking against it.,banned warrior,Mongolian top laner,Bilibili legend,harsh comment guy,non-harmful,Quotation
1648,test,脉动和果冻,“喝了脉动吃了果冻，还是忍不住对你心动”的谐音表白。,"A flirty pun used as a confession, meaning that even after trying to distract or steady oneself, one still cannot help feeling romantically moved by the person.",I still have a crush on you,Pulse and jelly,snack confession,drink-and-dessert pun,non-harmful,Homophonic pun
1649,train,梅开二度,原指同一件事成功做到两次，现常指类似事件再次发生。,"This expression means that the same kind of event, situation, or outcome happens again, often echoing an earlier occurrence in a noticeable or amusing way.",here we go again,plum blossoms twice,round-two blossom,classical idiom,non-harmful,Slang
1650,test,迷惑的求偶步伐,抖音上用奇怪步伐吸引异性注意的搞笑行为。,"A bizarre attempt to flirt through weird movement, referring to comedic social media behavior where someone uses awkward, strange, or exaggerated steps to attract romantic attention.",weird mating dance,confusing courtship steps,cringe walk,awkward flirting,non-harmful,Stylistic device
1651,test,盲生你发现了华点,“华生你发现了盲点”的反转梗，夸对方发现了关键细节。,"This phrase humorously praises someone for spotting the key detail or crucial overlooked point, often with a playful twist that makes the compliment sound meme-like rather than purely serious.",nice catch,blind student line,Sherlock pun,flash-point joke,non-harmful,Quotation
1652,test,明天下午再说,职业黑粉假扮粉丝时因拖延支持而暴露身份的梗。,It refers to exposing someone as a fake fan or anti-fan pretending to support something because their promised support is suspiciously delayed until “tomorrow afternoon” or later.,fake fan exposed,tomorrow afternoon then,late support,suspicious delay,non-harmful,Quotation
1653,train,蒙鼓族,“蒙古族”的谐音，调侃总是被蒙在鼓里、不知道真相的人。,"A humorous pun describing someone who is always kept unaware of the truth, left out of important information, or kept in the dark while others know what is really happening.",kept in the dark,Mongolian drum tribe,nomadic tribe,clueless crowd,non-harmful,Homophonic pun
1654,test,马脑男友,形容嘴笨但可靠、温暖、踏实的男友。,"A clumsy but warm and dependable boyfriend is someone who may be awkward with words or expression, yet feels reliable, caring, grounded, and emotionally safe in a relationship.",clumsy but caring boyfriend,horse-brain boyfriend,agate-warm man,silent dependable guy,non-harmful,Stylistic device
1655,train,鸣枪警告,抖音评论区警告对方别乱说话，否则就要开喷。,"It means giving someone a warning to stop talking nonsense or crossing the line, with the implication that a harsh verbal attack will follow if they keep going.",warning shot,Fire a gun warning,Comment-section threat,Verbal attack incoming,non-harmful,Stylistic device
1656,train,面对疾风吧,《英雄联盟》亚索台词，用来表示对方攻击无效或被挡下。,"This meme quotes a League of Legends line used to suggest that the opponent’s attack is ineffective, blocked, or otherwise doomed to fail.",Face the wind!,Try to hit me,Wind wall flex,Yasuo line,non-harmful,Quotation
1657,train,密密麻麻是我的自尊,恋爱脑发大段小作文却只收到冷淡回复的自嘲。,"This meme self-mockingly describes over-texting someone with long, emotionally invested messages, only to receive cold, minimal replies or be ignored, making the dense wall of text feel like wounded pride.",texting into the void,Densely packed self-esteem,Long love paragraph,One-word reply pain,non-harmful,Experience
1658,train,命韵峋环,《点燃我，温暖你》CP名谐音，表达命运循环式的情侣羁绊。,"A punning couple-name from the drama fandom, it suggests a romantic bond shaped by destiny, where love keeps looping back and tying the pair together again.",fated couple,Destiny rhyme cycle,CP name pun,Forever loop love,non-harmful,Homophonic pun
1659,train,没活了可以咬打火机,嘲讽主播没节目效果、直播无聊，不如咬打火机整活。,"It mocks a streamer for having no content left, implying their livestream is so boring and lacking entertainment value that they might as well do something absurd or reckless for attention.","out of content, resorting to a dumb stunt",bite a lighter,eat Tide Pods,trying too hard for views,non-harmful,Quotation
1660,train,没有一袋砂糖橘能过夜,过年砂糖橘太好吃，根本停不下来，一袋撑不过一晚。,It describes the irresistible New Year habit of binge-eating a whole bag of sugar oranges so quickly that the snack cannot even survive a single night.,tangerine binge,Snack massacre,Citrus festival,Tangerine pile,non-harmful,Experience
1661,train,马言马语,马保国经典语录合集，用于调侃其魔性发言。,"Refers to Ma Baoguo’s iconic nonsense catchphrases, used to mock or jokingly quote his bizarre, oddly memorable statements that became popular online for their absurd and unintentionally funny style.",Ma Baoguo classics,Horse speak horse language,Lightning reflexes joke,Wude memes,non-harmful,Stylistic device
1662,test,每个人身上都有毛毛,魔性洗脑歌“毛毛歌”，常配炸毛宠物视频。,"A brainwashing fur-themed song meme, often paired with videos of pets with fluffed-up fur to create a silly, repetitive, and highly catchy internet joke.",catchy fur song meme,Everyone has fur on them,body hair positivity anthem,fluffy pet reaction video,non-harmful,Quotation
1663,train,墨西哥牛油果,源自墨西哥牛油果广告歌的洗脑鬼畜梗。,"A catchy avocado commercial jingle meme refers to the viral, repetitive appeal of an avocado ad song that became memorable and widely remixed as an internet meme.",Avocados from Mexico,Mexican avocado,Catchy avocado song,Ad jingle brainworm,non-harmful,Quotation
1664,train,猛犸颠勺,Dota2 半人猛犸技能动作像厨师颠勺的游戏梗。,"A Dota meme comparing Magnus’s move to wok tossing, based on the way the hero’s skill animation looks like a chef flipping food in a pan or wok.",Magnus wok-tossing meme,Mammoth stir-fry,Teppanyaki flip trick,Magnus Skewer combo,non-harmful,Stylistic device
1665,test,活水,大厂内部的人才流动机制，允许员工申请转岗到公司内其他部门。,"It refers to a company’s internal talent mobility system, where employees can apply to transfer to other departments within the same organization instead of leaving the company.",internal mobility,living water,job rotation,talent pool,non-harmful,Slang
1666,train,回流,离职员工经过一段时间后，再次通过面试回到原公司入职的现象。,"It refers to a former employee who, after leaving a company for some time, goes through the hiring process again and returns to work for the same employer.",boomerang employee,return flow,rehiring wave,alumni hiring,non-harmful,Experience
1667,test,黄鼠狼给鸡拜年,表面友好，实则心怀不轨。,It warns to beware of someone who appears friendly or helpful on the surface while secretly pretending kindness with bad intentions.,false friendliness with ulterior motives,a weasel wishing chickens a happy New Year,the boy who cried wolf,kill them with kindness,non-harmful,Slang
1668,train,乐极生悲,极度快乐之后往往可能接着发生悲伤或不幸。,"This meme means that when joy or excitement reaches an extreme, sorrow or misfortune may quickly follow, so happiness can unexpectedly turn into trouble.",too much joy may turn into sorrow,music gives birth to sadness,party pooper,bittersweet happiness,non-harmful,Slang
1669,train,杀鸡焉用牛刀,小事不必动用过大的力量或复杂工具。,"The meme means that a small or simple task should not be handled with excessive force, effort, or overly complex tools when a lighter approach is enough.",use a sledgehammer to crack a nut,kill a chicken with an ox knife,bring a knife to a gunfight,"work smarter, not harder",non-harmful,Slang
1670,train,笑里藏刀,表面温和友善，内心却暗藏恶意或危险。,"It describes someone who appears gentle, friendly, or kind on the surface while secretly hiding a harsh, malicious, or cruel intent underneath.",an iron fist in a velvet glove,a smiling knife,speak softly and carry a big stick,passive-aggressive,non-harmful,Slang
1671,train,捡了芝麻丢了西瓜,为了小利益反而损失更大的利益。,"It describes gaining a small thing while losing something much more valuable, emphasizing the foolish tradeoff of chasing a minor benefit at the cost of a far greater one.","penny wise, pound foolish",pick up sesame seeds and lose a watermelon,rob Peter to pay Paul,lose sight of the forest for the trees,non-harmful,Slang
1672,test,山雨欲来风满楼,大事发生前常有预兆或紧张气氛。,"It means that signs, omens, or a tense atmosphere often appear before a major event happens, suggesting that something significant is about to unfold.",coming events cast their shadows before them,mountain rain is coming and wind fills the tower,every cloud has a silver lining,a storm in a teacup,non-harmful,Quotation
1673,train,天外有天，人外有人,世界上总有更强、更优秀的人。,"It means that no matter how capable or knowledgeable someone may be, there is always someone better or something beyond what they currently know or understand.",there is always a bigger fish,there is a sky beyond the sky and people beyond people,the grass is always greener on the other side,there are plenty more fish in the sea,non-harmful,Slang
1674,train,瓦片也有翻身之时,再普通或低谷的人也会有得意、翻身的时候。,Even someone ordinary or stuck at a low point will eventually get a chance to turn things around and enjoy a moment of success.,every dog has its day,even a roof tile will flip over someday,the squeaky wheel gets the grease,fortune favors the brave,non-harmful,Slang
1675,train,狗在家门前条条都凶悍,人在自己的地盘上往往更有胆量。,"People are often braver on their own ground, acting more confident or aggressive when they are in familiar territory where they feel secure and in control.",every dog is valiant at his own door,dogs guard the doorstep fiercely,a man's home is his castle,barking dogs seldom bite,non-harmful,Slang
1676,train,另有算盘,表面说一套，实际另有私心或目的。,To have a hidden motive or private agenda means someone says one thing outwardly while privately pursuing a different self-interested purpose or plan.,have a hidden agenda,have another abacus,cook the books,count one's chickens before they hatch,non-harmful,Slang
1677,train,雷声大雨点小,声势很大，实际成果很小。,"It describes a situation where there is a lot of hype, noise, or dramatic buildup, but the actual outcome or result turns out to be very small or unimpressive.",all sizzle and no steak,loud thunder but tiny raindrops,"when it rains, it pours",making a mountain out of a molehill,non-harmful,Slang
1678,train,翻篇,把过去的不愉快或问题放下，不再纠结。,"To “move on from something unpleasant” means to let go of past conflicts, mistakes, or unhappy experiences and stop dwelling on them so things can continue without being dragged down by what happened before.",put it behind us,turn the page over,flip the script,sweep it under the rug,non-harmful,Slang
1679,train,快刀斩乱麻,用果断手段迅速解决复杂问题。,"To “solve a complicated problem decisively” means to cut through confusion with firm, swift action, resolving a messy or complex situation without hesitation or prolonged delay.",cut the Gordian knot,cut tangled hemp with a sharp knife,open Pandora's box,cut corners,non-harmful,Slang
1680,train,挣钱糊口,维持生计，让生活继续过下去。,"It means to earn enough money to cover basic living needs and keep life going, focusing on making a modest income sufficient for survival rather than pursuing wealth.",make ends meet,earn money to paste the mouth,make it rain,make a killing,non-harmful,Slang
1681,train,浑水摸鱼,趁混乱局面谋取私利。,"It means taking advantage of confusion for personal gain, using a chaotic or unclear situation as an opportunity to benefit oneself while others are distracted or unable to respond effectively.",fish in troubled waters,catch fish in muddy water,make hay while the sun shines,muddy the waters,non-harmful,Slang
1682,train,临阵磨枪，不快也光,虽然准备得晚，但总比完全不做好。,"It means that even if someone starts preparing or acting at the last moment, making a late effort is still better than doing nothing at all.",better late than never,sharpen the spear before battle,the early bird catches the worm,cram at the last minute,non-harmful,Slang
1683,train,人面兽心,表面像人，内心凶恶阴险。,"It describes someone who appears harmless, civilized, or decent on the outside but is secretly cruel, vicious, and malicious in character.",a wolf in sheep's clothing,a human-faced beast,the Beast from Beauty and the Beast,a two-faced hypocrite,harmful,Slang
1684,train,首当其冲,首先承受攻击、压力或冲击。,"It means to be the first to face and absorb the main force of trouble, pressure, impact, or attack, often bearing the hardest consequences before anyone else.",bear the brunt of something,be the first to meet the charge,take the first hit,take the bull by the horns,non-harmful,Slang
1685,train,像热锅上的蚂蚁,形容焦躁不安、坐立不宁。,"Describes someone who is extremely restless and anxious, unable to stay calm or sit still because they are worried, impatient, or overwhelmed by a stressful situation.",like a cat on a hot tin roof,like ants on a hot pan,like a fish out of water,like a deer in headlights,non-harmful,Slang
1686,train,高处不胜寒,地位越高，越不安稳、越孤独或危险。,"The phrase means that the higher someone's status or position becomes, the more exposed they are to loneliness, instability, insecurity, and danger.",It's lonely and precarious at the top,high places are too cold to endure,with great power comes great responsibility,too big for one's boots,non-harmful,Quotation
1687,train,各扫自家门前雪,各人负责自己的事情，不要依赖别人。,"It means that each person should stand on their own responsibility, taking care of their own duties and problems instead of depending on others to handle them.",take care of your own responsibilities,sweep the snow in front of your own door,"when in Rome, do as the Romans do",every man for himself,non-harmful,Slang
1688,train,敲山震虎,借警告某人来震慑另一个真正目标。,"It refers to warning or punishing one party as a signal, with the real intention of intimidating another target who is expected to understand the threat.",warn one party to intimidate the real target,knock the mountain to scare the tiger,paper tiger,beat around the bush,non-harmful,Slang
1689,test,一是一，二是二,直截了当地说实话，不含糊其辞。,"It means to speak plainly and call things what they are, telling the truth directly without hedging, sugarcoating, or leaving room for vague interpretation.",call a spade a spade,one is one and two is two,two plus two equals four,split hairs,non-harmful,Slang
1690,train,打成肉酱,彻底击败、打垮或摧毁对方。,"It means to defeat or crush someone completely, leaving the opponent utterly overwhelmed, broken, or destroyed with no meaningful ability to fight back.",make mincemeat of someone,beat someone into meat paste,bring home the bacon,beat someone by a narrow margin,non-harmful,Stylistic device
1691,train,满瓶不响，半瓶叮当,越无知的人越爱夸夸其谈。,"It means that people with little knowledge or shallow understanding often talk the most loudly and confidently, while truly capable or well-informed people tend to be quieter.",empty vessels make the most sound,"a full bottle is silent, a half bottle rattles",the squeaky wheel gets the grease,still waters run deep,non-harmful,Slang
1692,train,拉自己的靴子来提升自己,靠自身努力改善处境，不依赖外援。,"It means to improve one’s situation through self-effort, relying on one’s own work, persistence, and resourcefulness rather than expecting outside help or support.",pull yourself up by your own bootstraps,pull your own boots upward,live the American Dream,tighten your belt,non-harmful,Stylistic device
1693,train,往自己脸上贴金,自我吹嘘、夸耀自己的功劳或能力。,"It means to praise oneself loudly by boasting about one’s own achievements, abilities, or contributions, often in a self-important way that makes oneself look more impressive than others may think.",toot your own horn,paste gold on one's own face,save face,put on airs,non-harmful,Slang
1694,train,腹背受敌,处在前后两难、两面受压的困境中。,"It describes being trapped between two dangers or pressures, caught in a difficult position where threats, demands, or problems are pressing in from both sides at once.",beset on both sides,attacked in the belly and back,crossing the Rubicon,under fire,non-harmful,Slang
1695,train,挑灯夜战,熬夜学习、工作或赶任务。,"It means to work or study late into the night, usually staying up after normal hours to finish tasks, prepare for exams, or push through demanding work.",burn the midnight oil,fight at night under a lamp,hold a candlelight vigil,burn the candle at both ends,non-harmful,Slang
1696,train,好了疮疤忘了痛,危险过去后就忘记教训或不再敬畏。,"Once danger has passed, people quickly forget the pain or lesson it taught them and stop treating the risk with the caution or respect it deserves.",the danger past and God forgotten,a healed scar still remembers the pain,out of the frying pan and into the fire,let bygones be bygones,non-harmful,Slang
1697,test,救了落水狗，反被咬一口,帮了坏人或忘恩负义者，反而遭其伤害。,"It means that helping or rescuing an ungrateful or malicious person can backfire, leaving you hurt or betrayed by the very person you tried to save.",save a thief from the gallows and he'll cut your throat,rescue a drowning dog,let sleeping dogs lie,lend someone a helping hand,non-harmful,Slang
1698,test,被敲竹杠,为某物支付极高价格，被迫花大钱。,"It means being forced or pressured into paying an extremely high price for something, often far more than it is reasonably worth.",get price-gouged,be hit with a bamboo pole,be sold a bill of goods,pay an arm and a leg for something,non-harmful,Slang
1699,train,人多嘴杂,参与的人太多，意见太多，反而把事情搞糟。,"It means that when too many people get involved and everyone adds their own opinion, the situation becomes confused and the matter is ruined instead of improved.",too many cooks spoil the broth,"too many people, too many mouths",the squeaky wheel gets the grease,many hands make light work,non-harmful,Slang
1700,train,雨后春笋,事物大量、迅速地出现。,"It describes things emerging quickly and in great quantity, as if many new examples, trends, groups, or products are appearing all at once within a short period of time.",spring up like mushrooms,bamboo shoots after rain,April showers bring May flowers,go viral overnight,non-harmful,Slang
1701,train,不要杀鸡取卵,不要为眼前小利毁掉长期利益来源。,"It means not sacrificing or destroying the source of future benefit for a small immediate gain, especially when short-term profit would ruin long-term value or continued returns.",don't kill the goose that lays the golden eggs,kill the chicken to take its eggs,make hay while the sun shines,don't count your chickens before they hatch,non-harmful,Slang
1702,train,身居高位心事多,地位越高，责任和忧虑越重。,"The phrase means that holding a high-ranking position comes with greater responsibilities, pressure, and worries, so people in power often carry heavier burdens than others.",uneasy lies the head that wears a crown,living high up gives you many things to think about,heavy is the head that wears the helmet,lonely at the top,non-harmful,Slang
1703,train,人笨怪刀钝,自己能力不足，却责怪工具不好。,"“Incompetent people blame their tools” means someone lacks the ability or skill to do a task well but shifts responsibility onto poor equipment, bad tools, or outside conditions instead of admitting their own shortcomings.",a bad workman blames his tools,a dull knife makes a dull person,don't bring a knife to a gunfight,use the right tool for the job,non-harmful,Slang
1704,train,一只烂苹果烂一萝苹果,一个坏人或坏因素会败坏整个群体。,"One bad element can corrupt the whole group, meaning a single harmful person or negative factor may damage the atmosphere, standards, or behavior of an entire community.",one bad apple spoils the whole barrel,one rotten apple in a basket,the nail that sticks out gets hammered down,a fly in the ointment,non-harmful,Slang
1705,train,别为省半便士焦油，损失一只船,不要因小省而造成大损失。,"It warns against trying to save a very small cost in a way that creates the risk of a much larger loss, emphasizing that minor savings are not worth major consequences.",do not spoil the ship for a ha'p'orth of tar,save half a penny of tar,burn the boats,a stitch in time saves nine,non-harmful,Slang
1706,train,求则得之,主动寻找或追求，就可能获得结果。,"Those who seek will find"" means that people who actively search for something or pursue a goal are more likely to obtain the result they want.",seek and you shall find,"if you ask, you get it",manifest it and it will come,strike while the iron is hot,non-harmful,Slang
1707,train,多行不义必自毙,坏人继续作恶，最终会自取灭亡。,The phrase means that evil people who keep doing harmful or unjust things will eventually bring about their own downfall and destroy themselves through their actions.,give a rogue enough rope and he will hang himself,many lines of injustice must kill themselves,Achilles' heel,poetic justice,non-harmful,Slang
1708,train,晒草要趁太阳好,要趁条件有利时及时行动。,"It means to act promptly and seize the chance while conditions are favorable, making use of a good opportunity before the situation changes or the advantage disappears.",make hay while the sun shines,dry the grass while the sun is good,the grass is always greener on the other side,every cloud has a silver lining,non-harmful,Slang
1709,train,胡言乱语,说荒唐话、乱说一通。,"It means to talk nonsense, rambling or saying absurd, incoherent things without making sense or having a reasonable basis.",talk nonsense,speak messy words,talk turkey,beat around the bush,non-harmful,Slang
1710,train,太岁头上动土,招惹强者或在危险人物的地盘上惹事。,"It means recklessly provoking a powerful or dangerous person, especially by causing trouble on their own turf where they hold authority or control.",beard the lion in his den,move earth on Tai Sui's head,awaken the sleeping dragon,throw down the gauntlet,non-harmful,Slang
1711,train,量入为出,根据自己的财力和条件安排支出。,"It means to plan and limit spending based on one’s actual financial resources and circumstances, spending according to one’s means rather than exceeding what one can afford.",live within your means,measure the income before the outgo,keep up with the Joneses,tighten your belt,non-harmful,Slang
1712,train,表面一套，背后一套,表面友好，背后却另有一套，虚伪不真诚。,"It describes acting one way in front of someone and another behind their back, appearing friendly or sincere outwardly while secretly behaving differently in a hypocritical or dishonest way.",two-faced,one set on the surface and one set in the back,smile for the camera,fair-weather friend,non-harmful,Slang
1713,train,说曹操，曹操到,刚提到某人，某人就出现了。,"Used when someone has just been mentioned in conversation and then suddenly appears or arrives, highlighting the coincidence that the person just talked about showed up right away.",speak of the devil,speak of Cao Cao and Cao Cao arrives,"when in Rome, do as the Romans do",talking behind someone's back,non-harmful,Slang
1714,train,狗急跳墙,被逼到绝境的人或动物也会拼命反抗。,It means that even someone weak or normally passive may fight back desperately when pushed into a corner with no other way out.,even a cornered rat will fight,a desperate dog jumps over the wall,every dog has its day,desperate times call for desperate measures,non-harmful,Slang
1715,train,有钱能使鬼推磨,金钱可以驱使人做很多事。,"This saying means that money can make things happen, because financial incentives can persuade or drive people to do many things they might not otherwise do.",money talks,money can make ghosts push a millstone,a penny saved is a penny earned,money doesn’t grow on trees,non-harmful,Slang
1716,train,兴风作浪,制造麻烦、引起风波或造成影响。,"It means deliberately stirring things up, creating trouble, or causing a disturbance that disrupts a situation and draws attention or conflict.",make waves,raise wind and waves,tilting at windmills,a storm in a teacup,non-harmful,Slang
1717,train,一拍即合,两人初次接触就很投缘、合得来。,"It describes two people who, from their first interaction, immediately feel compatible, understand each other easily, and get along well without needing time to warm up.",hit it off,one clap matches at once,love at first sight,break the ice,non-harmful,Slang
1718,train,智者未雨绸缪,聪明人会在危险来临前提前准备。,"It means that wise people anticipate possible danger or difficulty and make preparations in advance, instead of waiting until trouble has already arrived.",wise people prepare for danger before it arrives,wise men sew before the rain,every cloud has a silver lining,better late than never,non-harmful,Slang
1719,test,勤奋是好运的母亲,勤奋努力往往带来好运和机会。,"It means that working hard and staying diligent often creates opportunities and favorable outcomes, so good fortune is seen as something earned through consistent effort rather than pure luck.",diligence is the mother of good luck,a hardworking mother is lucky,fortune favors the bold,practice makes perfect,non-harmful,Slang
1720,train,出头鸟,主动冒头、承担风险或引人注意。,"It refers to someone who stands out, speaks up, or takes the lead in a way that draws attention and exposes themselves to risk.",stick one's neck out,the bird that sticks out its head,a canary in a coal mine,raise one's hand first,non-harmful,Stylistic device
1721,test,一棍子打死,不看个体差异，对一类人或事作笼统否定。,It means making a blanket negative judgment about an entire group or category instead of considering individual differences and judging each case on its own merits.,paint everyone with the same brush,beat everyone to death with one stick,one bad apple spoils the bunch,jump to conclusions,non-harmful,Stylistic device
1722,train,一根蜡烛两头烧,过度劳累，同时消耗两头精力，难以恢复。,"It describes someone overworking and exhausting oneself from both ends, spending energy in multiple directions at once until they become deeply worn out and have little chance to recover.",burn the candle at both ends,burn one candle at two ends,overwork oneself from both sides,burn the midnight oil,non-harmful,Stylistic device
1723,train,小题大做,对小事过度反应，把问题夸大。,"It means overreacting to something minor by treating a small issue as far more serious or important than it really is, often making an unnecessary fuss over it.",make a mountain out of a molehill,turn a small question into a big assignment,tilting at windmills,cry wolf,non-harmful,Slang
1724,train,噩耗使者,带来坏消息、不祥消息的人。,"A ""messenger of bad news"" refers to someone who delivers terrible or ominous news, often making them associated with unwelcome announcements or upsetting information.",bearer of bad news,bad-news ambassador,the Grim Reaper,shoot the messenger,non-harmful,Stylistic device
1725,train,三个女人一台戏,形容人聚在一起容易热闹、议论纷纷。,"It means that when several people gather together, they tend to create lively chatter, gossip, and commotion, making the scene feel noisy and animated.",a lively gossip fest,three women put on one play,three's a crowd,too many cooks spoil the broth,harmful,Slang
1726,train,近朱者赤,与优秀或有智慧的人相处，自己也会受到好的影响。,"This expression means that spending time with virtuous, capable, or wise people can positively influence one’s own character, habits, and outlook, because good company shapes one’s character positively.",he who walks with the wise becomes wise,near red becomes red,a rising tide lifts all boats,birds of a feather flock together,non-harmful,Slang
1727,train,积少成多,小的积累持续增加，最终也会变成可观的数量。,"It means that small gains, savings, or efforts may seem minor at first, but when accumulated steadily over time they can grow into a significant result.",many a little makes a mickle,small and many,"penny wise, pound foolish",a drop in the bucket,non-harmful,Slang
1728,train,自己选的担子不嫌重,自愿承担的责任或困难，自己更容易接受。,A willingly chosen burden feels lighter because responsibilities or hardships accepted by one’s own choice are easier to bear and less likely to feel unfair or overwhelming.,a burden you choose feels lighter,one's own carrying pole is never heavy,"no pain, no gain",a cross to bear,non-harmful,Slang
1729,train,乌鸦落在猪身上，只看到别人黑,只看到别人的缺点，却忽略自己也有同样问题。,"It describes accusing others of faults one also has, focusing on someone else’s flaws while ignoring the fact that you share the same or similar problems yourself.",the pot calling the kettle black,the crow lands on the pig and sees only another’s blackness,the black sheep of the family,nitpicking someone else's flaws,non-harmful,Slang
1730,train,鸡蛋里挑骨头,故意挑剔细枝末节或不存在的问题。,"It describes someone deliberately nitpicking minor details or inventing problems, essentially finding tiny faults where there are none in order to criticize unnecessarily.",nitpick and find fault where none exists,pick bones out of an egg,look for a needle in a haystack,make a mountain out of a molehill,non-harmful,Slang
1731,train,嘴上抹蜜，背地里下刀子,当面奉承讨好，背后却暗中伤害别人。,"It describes someone who flatters and sweet-talks a person face to face while secretly harming, undermining, or betraying them behind their back.",sweet-talk someone to their face while stabbing them in the back,put honey on one's mouth,a wolf in sheep's clothing,butter someone up,non-harmful,Slang
1732,train,徒费口舌,说了也没用，对方不会听或不会改变。,"It means talking in vain with no effect, where explaining or persuading is pointless because the other person will not listen, respond meaningfully, or change their mind.",waste one's breath,pay with one's tongue,preach to the choir,talk through one's hat,non-harmful,Slang
1733,test,谦受益,保持谦逊，才能从建议、批评和经验中受益。,"The phrase means that staying modest allows a person to learn from advice, criticism, and experience, gaining benefit while remaining steady and resilient over time.",humility helps you learn and grow,humility receives benefit,the meek shall inherit the earth,pride goes before a fall,non-harmful,Slang
1734,test,脚踏两只船，必定落水,同时追逐两个目标，结果可能两个都得不到。,"It means that if someone tries to pursue two goals or options at the same time, they may fail to secure either one and end up losing both.",he who runs after two hares will catch neither,step on two boats and fall into the water,kill two birds with one stone,do not put all your eggs in one basket,non-harmful,Slang
1735,train,建空中楼阁,构想不切实际、没有现实基础的计划。,"It describes making unrealistic plans with no real foundation, imagining ambitious ideas or schemes that lack practical support, feasibility, or any solid basis in real-world conditions.",build castles in the air,build towers in the air,build a bridge over troubled water,think outside the box,non-harmful,Stylistic device
1736,train,临阵换将,在关键时刻临时更换负责人或策略。,"It describes changing leadership or plans at a critical moment, often implying a sudden replacement of the person in charge or a shift in strategy when the outcome is already on the line.",change horses in midstream,switch the general on the battlefield,changing of the guard,cross that bridge when you come to it,non-harmful,Slang
1737,train,山穷水尽,走到尽头，办法、资源或希望都快耗尽。,"It describes being at the limit with no options left, where a situation has reached a dead end and one's resources, ideas, or hope are nearly exhausted.",at the end of one's rope,mountains end and waters run dry,to move mountains,between a rock and a hard place,non-harmful,Slang
1738,train,三岁看老,一个人童年时期的性格特征，常能预示成年后的样子。,The phrase means that a person’s personality and character traits in early childhood often reveal or predict what they will be like as an adult.,"as the boy is, so is the man",see old age at three years old,boys will be boys,old habits die hard,non-harmful,Slang
1739,train,一天一个苹果，不求医不问药,每天保持健康习惯，可以减少生病和求医。,"This saying means that maintaining a healthy daily habit, like eating an apple each day, can help keep illness away and reduce the need to seek medical treatment.",an apple a day keeps the doctor away,one apple a day means no doctor or medicine,healthy daily habits prevent illness,good medicine tastes bitter,non-harmful,Slang
1740,train,一报还一报,用同样方式报复或偿还对方的伤害。,"It means repaying wrongdoing with the same kind of wrongdoing, describing a situation where someone retaliates or settles a score by inflicting a similar harm in return.",an eye for an eye,one payback returns one payback,what goes around comes around,turn the other cheek,non-harmful,Slang
1741,train,灌迷魂汤,用好听话、甜言蜜语迷惑或操纵别人。,"It means using sweet talk to manipulate someone, flattering or charming a person with pleasing words so they become confused, persuaded, or easier to control.",sweet-talk someone into doing something,pour bewitching soup into someone,drink the Kool-Aid,pull the wool over someone's eyes,non-harmful,Stylistic device
1742,train,老牛不喝水，不可强按头,可以给别人机会或条件，但不能强迫其接受。,"It means that you may offer someone an opportunity or the right conditions, but you cannot force someone to do what they refuse to do.","you can lead a horse to water, but you can't make it drink","an old ox will not drink, so do not press its head down",don't look a gift horse in the mouth,beat a dead horse,non-harmful,Slang
1743,test,翻旧账,提起过去的错误或恩怨，反复纠缠旧事。,"It means bringing up past mistakes or grievances again, especially by repeatedly revisiting old conflicts or wrongs instead of letting them remain in the past.",dredge up old grievances,flip through old ledgers,open Pandora's box,hold a grudge,non-harmful,Slang
1744,train,钱袋瘪，灾祸多,缺钱时各种困难和麻烦都会加重。,"When someone is short on money, every problem, setback, or bit of bad luck feels harder to bear, so ordinary troubles seem to pile up and become heavier.",a light purse is a heavy curse,a physically flattened purse causes disasters,"no money, no honey",money talks,non-harmful,Slang
1745,train,当耳旁风,听了却不放在心上，完全忽视。,"It means hearing what someone said but treating it as unimportant, ignoring the message, and not taking it seriously or letting it affect one’s thoughts or actions.",go in one ear and out the other,treat it as wind beside the ear,shoot the breeze,miss the point,non-harmful,Stylistic device
1746,train,口蜜腹剑,表面甜言蜜语，内心却想伤害别人。,"It describes someone who speaks sweetly and appears kind on the surface while secretly intending to harm, deceive, or undermine others.",sweet words with malicious intent,honey in the mouth and a sword in the belly,speak softly and carry a big stick,butter someone up,non-harmful,Slang
1747,train,玩弄于股掌之间,完全控制某人，让对方听任摆布。,"It means having total control over someone, manipulating them so completely that they are forced to follow your wishes and can be directed or toyed with at will.",have someone wrapped around your little finger,play with someone in your palm,hold all the cards,boss someone around,non-harmful,Stylistic device
1748,test,一粒耗子屎坏了一锅汤,一个坏因素会破坏整体。,"The phrase means that one bad element, person, or factor can spoil an otherwise good group, situation, or result, ruining the whole thing despite everything else being fine.",one bad apple spoils the barrel,a mouse dropping in a pot of soup,the squeaky wheel gets the grease,a rotten egg,non-harmful,Slang
1749,test,不吃这一套,不会被这种说法、套路或伎俩骗到。,"It means refusing to be fooled by that trick, showing that someone sees through a claim, tactic, or manipulative routine and will not accept or fall for it.",not fall for it,not eat this set,not my cup of tea,take it with a grain of salt,non-harmful,Slang
1750,train,打官腔,用官僚化、套话式表达回避直接回答。,"It means hiding behind bureaucratic wording and formulaic official-sounding phrases to avoid giving a direct, clear answer to the actual question.",speak in bureaucratese to dodge the question,speak in an official tune,read someone their Miranda rights,change the subject,non-harmful,Slang
1751,train,中饱私囊,利用职务或机会非法牟利，把钱装进自己口袋。,"It refers to enriching oneself through dishonest means, especially by abusing a position, responsibility, or opportunity to secretly divert money or benefits into one’s own pocket.",line one's own pockets,fill the middle and private bag,accept a red envelope,make a killing,non-harmful,Slang
1752,train,王婆卖瓜，自卖自夸,自己夸自己的东西好。,"It describes someone praising their own work or product, emphasizing that the compliment comes from the person who made, owns, or benefits from it rather than from an impartial outside observer.",praising one's own wares,Wang Po sells melons and praises her own goods,the pot calling the kettle black,fishing for compliments,non-harmful,Slang
1753,train,抱骑墙态度,保持中立或观望，不明确站队。,"It means staying undecided and waiting to see what happens, keeping a neutral or watchful position instead of clearly choosing a side.",sit on the fence,hold a wall-riding attitude,ride the high horse,sit on one's hands,non-harmful,Slang
1754,train,搬起石头砸自己的脚,本想害人或解决问题，结果反而伤害自己。,"It describes a person whose own action or scheme, often meant to harm someone else or solve a problem, ends up backfiring and hurting themselves instead.",hoist with one's own petard,lift a stone and smash one's own foot,between a rock and a hard place,cut off one's nose to spite one's face,non-harmful,Slang
1755,test,狗是百步王，只在门前狂,人在自己的地盘上才敢逞强，离开熟悉环境就胆怯。,"Someone is brave only on familiar ground, acting tough in their own territory but becoming timid or powerless once they leave the environment where they feel secure.",every dog is a lion at home,a hundred-step dog king at the front door,"when in Rome, do as the Romans do",barking dogs seldom bite,non-harmful,Slang
1756,train,花开有谢,美好的事物终会衰落或消逝。,"This phrase means that even the most beautiful and cherished things will eventually fade, decline, or come to an end, so beauty and happiness should not be expected to last forever.",all beautiful things must come to an end,flowers bloom and give thanks,cherry blossoms bring good luck,beauty is but skin-deep,non-harmful,Slang
1757,train,种瓜得瓜，种豆得豆,付出什么行为，就会得到相应结果。,"It means that whatever actions, effort, or choices someone puts in will lead to corresponding results, so you reap results according to what you sow.",you reap what you sow,"plant melons and harvest melons, plant beans and harvest beans",the apple doesn't fall far from the tree,"you made your bed, now lie in it",non-harmful,Slang
1758,train,滴水不漏,处理得非常周密，没有明显漏洞。,"It means something is handled with such thorough care and precision that there are no obvious flaws, gaps, or weaknesses for anyone to challenge.",watertight,not a single drop leaks,water under the bridge,leave no stone unturned,non-harmful,Slang
1759,train,三分钟热度,开始时热情很高，但很快失去兴趣。,"It describes short-lived enthusiasm that fades quickly, where someone starts a task or interest with strong excitement but soon loses motivation and stops caring or following through.",short-lived enthusiasm,three minutes of heat,beginner's luck,burnout,non-harmful,Slang
1760,train,一不做二不休,既然已经开始，就索性做到底。,"Once something has already been started, the phrase means one may as well commit fully and carry it through to the end instead of stopping halfway.","in for a penny, in for a pound",do one thing and skip the second,"when in Rome, do as the Romans do",do or die,non-harmful,Slang
1761,train,入乡随俗,到某地就按当地习俗和规矩行事。,"It means adapting to local customs in a new place, behaving according to the habits, rules, and social expectations of wherever you are rather than insisting on your own usual ways.","when in Rome, do as the Romans do",enter a village and change its customs,keep up with the Joneses,fit like a glove,non-harmful,Slang
1762,train,欲速则不达,越急于求成，越容易出错失败。,"“Rushing often causes failure or waste” means that being too eager to get quick results can lead to mistakes, setbacks, or inefficiency, ultimately preventing someone from achieving their goal.",haste makes waste,wanting speed means not arriving,strike while the iron is hot,better late than never,non-harmful,Slang
1763,train,蹬鼻子上脸,别人退让一点，就得寸进尺。,"It describes someone taking advantage of another person’s kindness or willingness to give ground, then pushing for more and more instead of showing restraint or gratitude.",give someone an inch and they'll take a mile,step on the nose and climb onto the face,look a gift horse in the mouth,get carried away,non-harmful,Slang
1764,train,囤积居奇,囤积货物、控制供应，以便牟取高利。,"It means hoarding goods or resources to restrict supply and manipulate market conditions, usually so the hoarder can drive up prices and make excessive profits.",corner the market,hoard goods and live on rarity,Black Friday stockpiling,feather one's nest,non-harmful,Slang
1765,train,爱我，就要爱我的狗,真正爱一个人，也应接纳其相关的人或事。,"It means that truly loving someone involves accepting the people, things, habits, or attachments that matter to them, even if they are not what you would have chosen yourself.","love me, love my dog",love me and feed my dog,every dog has its day,take the good with the bad,non-harmful,Slang
1766,train,上了岸，就不祈祷了,危险过去或目的达到后，就忘记曾经依靠的帮助。,"This meme describes someone who stops feeling grateful or stops relying on past support once they are safe or have achieved their goal, forgetting the help they needed when danger or difficulty was still present.","danger past, God forgotten",go ashore and skip the prayer meeting,don't count your chickens before they hatch,"out of sight, out of mind",non-harmful,Slang
1767,train,好人也会生恶相,外表不好看或粗糙，不代表人品差。,"Someone may be better than they look, so an unattractive, rough, or intimidating appearance should not be taken as proof of bad character.",don’t judge someone’s character by their appearance,good people can give birth to evil looks,beauty is in the eye of the beholder,don’t be fooled by a friendly face,non-harmful,Slang
1768,train,钱到袋里留不住,一有钱就花掉，守不住钱。,"It describes someone who is unable to hold on to money once they get it, because they quickly spend whatever cash comes their way instead of saving or keeping it.",money burns a hole in his pocket,money cannot stay in the pocket,a penny saved is a penny earned,pay through the nose,non-harmful,Slang
1769,train,勿班门弄斧,不要在真正的专家面前卖弄本领。,"It means do not show off skill before a true expert, especially by trying to display knowledge or ability in front of someone who is clearly more qualified or experienced.",don't teach your grandmother to suck eggs,do not swing an axe before Lu Ban's door,carry coals to Newcastle,bite off more than you can chew,non-harmful,Slang
1770,train,明枪易躲，暗箭难防,明面上的敌意容易防备，暗中的伤害更难应对。,"This phrase means that known danger is easier to handle than hidden sabotage, because open hostility can be anticipated and guarded against, while covert harm is harder to notice or prevent.",open hostility is easier to guard against than covert sabotage,open spears and hidden arrows,keep your friends close and your enemies closer,better the devil you know than the devil you don't,non-harmful,Slang
1771,train,疏不间亲,关系疏远的人不要试图离间亲近的人。,It means that people with weaker or more distant ties should not try to interfere in or divide close family bonds or other intimate relationships.,outsiders shouldn't drive a wedge between close relations,the distant should not be placed between the close,blood is thicker than water,don't meddle in other people's business,non-harmful,Slang
1772,train,撞大运,碰碰运气，赌一把看结果。,"It means taking a chance to see what happens, trying one’s luck or making a gamble without certainty and waiting to see whether the outcome turns out well.",try one's luck,bump into big luck,hit the jackpot,strike while the iron is hot,non-harmful,Slang
1773,test,一人计短，两人计长,多一个人出主意，能看到更多办法。,"The phrase means that getting a second opinion can reveal more options, because another person may notice solutions or ideas that one person alone would miss.",two heads are better than one,"one person’s plan is short, two people’s plan is long",great minds think alike,too many cooks spoil the broth,non-harmful,Slang
1774,train,晾在那儿,让别人一直等着，不给回应或结果。,"It means keeping someone waiting without an answer, leaving them hanging for a response, decision, or result instead of giving them closure or acknowledging the situation.",leave someone hanging,dry someone over there,stand someone up,leave someone in the dark,non-harmful,Slang
1775,train,一言既出，驷马难追,承诺一旦说出，就应当兑现，不能轻易收回。,"Once a promise has been spoken, it should be kept and fulfilled, because backing out or taking it back casually is seen as breaking one’s word.",a promise made is a promise kept,"once a word is spoken, four horses cannot chase it back",pinky promise,talk is cheap,non-harmful,Slang
1776,train,罪犯最终害了自己,作恶者最终被自己的阴谋或行为反噬。,"The phrase means that a wrongdoer ultimately suffers the consequences of their own schemes or harmful actions, being ruined by the very wrongdoing they carried out.",hoist with his own petard,the criminal ends up physically harming himself,caught red-handed,crime doesn't pay,non-harmful,Slang
1777,train,生邪念者可耻,心怀恶念本身就是可耻的。,"The phrase means that merely harboring wicked intentions or malicious thoughts is itself shameful, even before any harmful action is actually taken.",harboring evil thoughts is shameful,evil thoughts are dirty,the devil made me do it,evil begets evil,non-harmful,Slang
1778,train,牛不饮水，怎能按得牛低头,别人不愿意做的事，不能强迫其接受。,"This saying means you cannot force someone to accept or do something they are unwilling to accept, no matter how much pressure is applied.","you may lead a horse to the water, but you cannot make him drink","if the ox will not drink, how can you press its head down",you cannot force willingness,beat a dead horse,non-harmful,Slang
1779,test,东风吹马耳,别人的话完全不听、不放在心上。,"It describes someone completely ignoring what others say, letting advice, criticism, or warnings pass by without listening, caring, or taking any of it to heart.",in one ear and out the other,the east wind blows past a horse’s ear,look a gift horse in the mouth,pretend to listen,non-harmful,Slang
1780,train,瓦罐终归井上破，只因汲水次数多,危险的事做多了，终有一次会出事。,"The phrase means that repeatedly taking dangerous risks will eventually result in something going wrong, because repeated risk eventually leads to failure no matter how often one succeeds before.",the pitcher goes so often to the well that it is broken at last,the clay pot breaks because the well is too deep,don't count your chickens before they hatch,a burnt child dreads the fire,non-harmful,Slang
1781,train,不做亏心事，不怕鬼叫门,问心无愧的人不怕指责或惊扰。,"A person with a clear conscience has nothing to fear from accusations, disturbances, or intimidation, because inner innocence brings calm, peace, and fearlessness.",a clear conscience fears no accusation,don’t open the door when ghosts come knocking,people in glass houses shouldn’t throw stones,honesty is the best policy,non-harmful,Slang
1782,train,蠢人见异思迁,愚蠢的人容易被新东西吸引，轻易改变主意。,"It describes how foolish people are easily attracted by something new and quickly abandon what they already have or previously chose, changing their minds without steady judgment.",fools are fickle and chase whatever is new,fools move house whenever they see something different,curiosity killed the cat,a rolling stone gathers no moss,harmful,Slang
1783,train,谗言可畏，欲加之罪，何患无辞,想要陷害某人时，总能找出罪名或借口。,"When someone wants to frame or attack another person, they can always invent a charge, excuse, or pretext to make that person seem guilty.",any stick will do to beat a dog with,slander is frightening; why fear having no words,cry wolf,throw someone under the bus,non-harmful,Slang
1784,train,防患于未然,提前预防问题，比事后补救更有效。,"It means that preventing problems early is better than fixing them later, emphasizing that taking precautions before trouble appears is wiser and more effective than trying to repair damage after it has already happened.",an ounce of prevention is worth a pound of cure,fix problems after they happen,don't count your chickens before they hatch,better late than never,non-harmful,Slang
1785,test,明珠弹雀，得不偿失,为小收益付出过高代价，不值得。,"It describes a situation where someone spends too much effort, money, or sacrifice for a minor benefit, so the gain is too small for the cost and the tradeoff is not worthwhile.",the game is not worth the candle,shoot a sparrow with a pearl,pearls before swine,"penny wise, pound foolish",non-harmful,Slang
1786,train,孩子终归是孩子,孩子会做出孩子气的事，这是正常的。,"It means that children naturally tend to act immaturely or do childish things, and such behavior should be seen as normal rather than surprising or overly blameworthy.",kids will be kids,children eventually return to being children,boys will be boys,"like father, like son",non-harmful,Slang
1787,test,匆忙是后悔的姐妹,做事太匆忙，往往会导致事后后悔。,“Rushing is regret’s sister” means that acting too hastily or making decisions without enough thought often creates mistakes or consequences that lead to regret later.,rushing often leads to regret,a hurried sister regrets it,YOLO,haste makes waste,non-harmful,Slang
1788,train,一般见识,降低身份去和别人计较低级争论。,"It means lowering oneself to someone else’s level by engaging in petty arguments, trivial disputes, or small-minded behavior that is not worth taking seriously.",stoop to someone's level,have ordinary knowledge,keep calm and carry on,fight fire with fire,non-harmful,Slang
1789,train,临阵掉链子,在关键时刻发挥失常或失败。,"It describes someone suddenly underperforming, making a mistake, or failing when it matters most, especially after seeming prepared or expected to succeed at a critical moment.",choke when it matters,drop the chain before battle,break a leg,get off on the wrong foot,non-harmful,Slang
1790,train,吃一堑，长一智,受过一次教训后，会对类似事情更加警惕。,"After being hurt once, one becomes wary, learning from the painful experience and becoming more alert or cautious when facing similar situations in the future.",a burnt child dreads the fire,fall into a pit and gain wisdom,"when in Rome, do as the Romans do","no pain, no gain",non-harmful,Slang
1791,test,一朝被蛇咬，十年怕井绳,曾经受惊或受害后，会长期对相似事物恐惧。,"After being frightened or hurt by something once, a person may remain overly cautious for a long time and react fearfully to anything that seems even vaguely similar.","once bitten, twice shy","once bitten by a snake, afraid of well ropes for ten years",cry wolf,better safe than sorry,non-harmful,Slang
1792,test,林中小雏,天真、缺乏经验、容易被人误导的人。,"A naïve and easily misled person is someone innocent or inexperienced who lacks judgment, trusts others too readily, and can be guided into misunderstandings, mistakes, or manipulation.",babe in the woods,a little chick in the woods,Little Red Riding Hood,wet behind the ears,non-harmful,Stylistic device
1793,train,凡事过则必伤,任何事情过度了都会造成伤害。,“Anything taken to an extreme causes harm” means that even good or ordinary things can become damaging when done excessively or pushed beyond a reasonable limit.,too much of anything can be harmful,everything hurts once it goes past,the straw that broke the camel's back,enough is as good as a feast,non-harmful,Slang
1794,train,宫廷里有爱情，茅屋里也有爱情,爱情不只属于富贵人家，贫寒之家也有爱情。,The phrase means that love is not exclusive to wealthy or privileged people; it can exist just as genuinely in poor and humble households as it does among the rich.,love lives in cottages as well as in courts,love in courtrooms and cottages,all is fair in love and war,money can't buy love,non-harmful,Slang
1795,train,树倒猢狲散,依附权势的人会在靠山倒台后迅速离散。,It means that people who depended on a powerful backer quickly scatter and abandon them once that authority collapses or loses influence.,rats desert a sinking ship,monkeys scatter in the trees,"the king is dead, long live the king",jump on the bandwagon,non-harmful,Slang
1796,train,打个盹儿,小睡一会儿，稍作休息。,"It means to take a short nap, briefly dozing off or resting for a little while before returning to what one was doing.",catch forty winks,play a quick nap,pull an all-nighter,hit the sack,non-harmful,Slang
1797,train,磨磨唧唧,说话或做事犹豫拖拉，迟迟不决。,"It describes someone who is being slow, hesitant, and indecisive when speaking or doing things, often dragging matters out because they cannot make a decision promptly.",dilly-dally,grind and mutter,chew the fat,beat around the bush,non-harmful,Slang
1798,train,站得住脚,理由、说法或论点合理，经得起检验。,"It describes a reason, claim, or argument that makes sense and is well supported, so it can withstand scrutiny and still appear reasonable, credible, and logically sound.",hold water,stand firmly on one's feet,break a leg,stand one's ground,non-harmful,Slang
1799,train,赔了夫人又折兵,本想获利，结果反而损失更大。,"It describes a plan meant to gain an advantage that ends up backfiring, leaving the person worse off and suffering even greater losses than before.",go for wool and come back shorn,lose the wife and the troops as well,a Pyrrhic victory,kill the goose that lays the golden eggs,non-harmful,Slang
1800,train,刀子嘴豆腐心,说话尖刻，但内心善良、没有恶意。,"Describes someone who speaks sharply or sounds harsh on the outside, but is kind-hearted, has no real malice, and ultimately means well.",sharp-tongued but soft-hearted,"knife mouth, tofu heart",a wolf in sheep's clothing,all bark and no bite,non-harmful,Slang
1801,train,逍遥法外,做了坏事却没有受到惩罚。,"It describes someone doing something wrong or harmful but avoiding punishment, accountability, or any real consequences for their actions.",go scot-free,wander freely outside the law,plead the Fifth,break the law,non-harmful,Slang
1802,train,恶人也会唱高调,坏人也会利用道德或原则性话语为自己服务。,"Bad people can use noble words for bad purposes, presenting moral principles or lofty rhetoric as a cover to justify selfish, harmful, or dishonest actions.",the devil can cite scripture for his purpose,evil people can also sing high notes,preaching to the choir,a wolf in sheep's clothing,non-harmful,Slang
1803,train,聊胜于无,虽然不好，但总比完全没有强。,"It means something is not ideal or especially good, but it is still better than having nothing at all.",better than nothing,a little chat is better than none,better late than never,make do with what you have,non-harmful,Slang
1804,test,老狐狸不需要教师,老练的人不需要别人教他门道。,"The phrase means that experienced, worldly people already understand the tricks of the trade and do not need others to teach them how things work.",don't teach your grandmother to suck eggs,an old fox needs a schoolteacher,you can't teach an old dog new tricks,preaching to the choir,non-harmful,Slang
1805,train,吃着锅里的，看着碗里的,已经拥有一份好处，还想占另一份好处。,"It describes someone who already has one benefit or option but still wants another, trying to enjoy both options without giving anything up or making a clear choice.",have your cake and eat it too,eat what is in the pot while watching the bowl,keep up with the Joneses,bite off more than you can chew,non-harmful,Slang
1806,train,因噎废食,因为一点问题而放弃整体上有价值的东西。,"It means abandoning something generally valuable or beneficial just because of one small problem, drawback, or unpleasant side effect.",throw away the baby with the bathwater,stop eating after choking once,one bad apple spoils the bunch,make a mountain out of a molehill,non-harmful,Slang
1807,train,无米之炊,在缺少必要资源的艰苦条件下完成工作。,"It describes trying to get a job done without the necessary resources, especially when someone is expected to complete a task under difficult conditions despite lacking the basic materials, tools, or support required.",make bricks without straw,cook a meal without rice,too many cooks spoil the broth,make a meal of it,non-harmful,Slang
1808,test,把话吞回去,收回自己说过的话，承认之前说错了。,"It means to take back what one said, usually by admitting that an earlier statement was wrong, inappropriate, or no longer something the speaker is willing to stand by.",eat one's words,swallow the words back,save face,bite your tongue,non-harmful,Slang
1809,train,老扒手的口袋牢,曾经破坏规则的人，后来反而最懂如何防范违规。,"Former rule-breakers often know best how to enforce rules, because their past experience exploiting loopholes makes them especially aware of how violations happen and how to prevent others from doing the same.",an old poacher makes the best gamekeeper,an old pickpocket has a secure pocket,the fox guarding the henhouse,set a thief to catch a thief,non-harmful,Slang
1810,train,不会撑船怪河弯,自己能力不足，却责怪环境或工具。,"It describes someone who lacks the necessary skill or ability but refuses to admit it, instead blaming the circumstances, tools, or environment for their own poor performance.",a bad workman blames his tools,unable to row because the river is crooked,"when in Rome, do as the Romans do",sour grapes,non-harmful,Slang
1811,train,俭则不匮,节俭不浪费，日后就不容易匮乏。,"Careful saving prevents future shortage"" means that by being frugal and avoiding waste now, one is less likely to run out of needed resources later.","waste not, want not",frugality means no emptiness,tighten your belt,a penny saved is a penny earned,non-harmful,Slang
1812,test,人走茶凉,人离开或失势后，关系和热情迅速冷却。,"It means that once someone leaves, loses influence, or is no longer useful, relationships cool once someone loses presence or power, and former warmth or attention quickly fades.",former warmth fades once you're no longer useful,"when the person leaves, the tea gets cold",spill the tea after someone leaves,absence makes the heart grow fonder,non-harmful,Slang
1813,train,抢戏,表现过于突出，盖过其他人。,It describes someone acting or presenting themselves so prominently that they overshadow everyone else and take attention away from the people or things that were supposed to be in focus.,steal the show,steal the play,break a leg,put on airs,non-harmful,Stylistic device
1814,train,纸包不住火,真相终究无法长期掩盖。,"It means that no matter how hard someone tries to hide or cover up the facts, the truth will inevitably be exposed sooner or later.",truth will out,paper cannot wrap fire,"where there is smoke, there is fire",the cat is out of the bag,non-harmful,Slang
1815,test,朋友老的好，美酒陈的好,老朋友和陈年酒一样珍贵。,"The phrase means that long-standing friendships, like well-aged wine, become more precious over time and are often valued more deeply than newer relationships.",old friends and old wine are best,"friends get old, and wine gets old",in vino veritas,make new friends but keep the old,non-harmful,Slang
1816,train,离经叛道,违背基本的道德、社会规范或公认边界。,"This term describes behavior or ideas that go against accepted moral standards, social rules, or widely recognized boundaries, often implying a deliberate rejection of what society considers proper or legitimate.",beyond the pale,leave the classics and betray the way,cross the Rubicon,think outside the box,non-harmful,Slang
1817,test,三思而后行,做事前要反复思考，谨慎决定。,"It means to think carefully before acting, emphasizing that one should consider a matter repeatedly and make cautious decisions before taking action.",look before you leap,think three thoughts and then walk,"when in Rome, do as the Romans do",strike while the iron is hot,non-harmful,Slang
1818,train,千丈之堤溃于蚁穴,小漏洞若不重视，可能造成大灾祸。,"It means that tiny oversights, if ignored or left unaddressed, can gradually weaken something important and eventually cause a major failure or disaster.",a little leak will sink a great ship,a thousand-foot dike collapses from an ant hole,don't make a mountain out of a molehill,an ounce of prevention is worth a pound of cure,non-harmful,Slang
1819,train,酒好不怕巷子深,真正好的东西自会被人发现，不怕不出名。,"The phrase means that a genuinely good product or worthwhile thing will naturally be discovered and attract attention on its own, even without heavy promotion or obvious visibility.",good wine needs no bush,fine wine is not afraid of a back alley,all that glitters is not gold,word-of-mouth marketing,non-harmful,Slang
1820,test,肉中刺,长期困扰自己的人或事。,"It refers to a person, problem, or situation that continually bothers someone over a long period, remaining an ongoing source of trouble that is hard to ignore or get rid of.",a thorn in one's side,a thorn in the meat,the sword of Damocles,a fly in the ointment,non-harmful,Stylistic device
1821,train,踩到雷区,不小心说错话，冒犯了别人。,"It means accidentally saying something offensive or embarrassing, often by touching on a sensitive topic or making a careless remark that upsets, offends, or embarrasses someone.",put one's foot in one's mouth,step on an actual landmine,open Pandora's box,say the quiet part out loud,non-harmful,Stylistic device
1822,train,金窝，银窝，不如自家的狗窝,再好的地方也不如自己家舒服。,"It means that no matter how nice or luxurious other places may be, one’s own home is still the most comfortable and comforting place, even if it is humble.","be it ever so humble, there is no place like home",a golden kennel is better than a silver nest,the grass is always greener on the other side,make yourself at home,non-harmful,Slang
1823,train,小洞不补，大洞吃苦,小问题不处理，会变成大麻烦。,"The phrase means that ignored small problems can become serious trouble, warning that minor issues should be fixed early before they grow into much larger and harder difficulties.",a stitch in time saves nine,a small hole is always easier to see than a big hole,Rome wasn't built in a day,better late than never,non-harmful,Slang
1824,train,找着词儿了,终于想起该怎么说，能开口表达。,"It means finally finding the words to speak, especially after struggling to remember how to phrase something or hesitating before being able to express oneself.",find the words,look up the word,cat got your tongue,break the silence,non-harmful,Slang
1825,test,饥不择食,处境迫切时，差的东西也会觉得可以接受。,"When someone is desperate or under urgent pressure, desperation makes even poor options acceptable, so they may settle for choices they would normally reject.",beggars can't be choosers,hunger does not choose food,the early bird catches the worm,desperate times call for desperate measures,non-harmful,Slang
1826,train,天下无不散之筵席,再好的相聚也终有分别的时候。,"Even close friends and the happiest shared moments cannot last forever, so every gathering or good time will eventually reach a point where people must part ways.",all good things must come to an end,there is no unscattered banquet under heaven,all good things come to those who wait,parting is such sweet sorrow,non-harmful,Slang
1827,train,吃人家的嘴软，拿人家的手短,接受别人的好处后，容易受制于人或不好拒绝。,"Taking favors from someone makes one feel obliged to them, making it harder to refuse their requests or act independently afterward.",taking someone's favors puts you in their debt,"eating from others softens the mouth, taking from others shortens the hand",beware of Greeks bearing gifts,don't bite the hand that feeds you,non-harmful,Slang
1828,train,小漏不堵也能沉大船,小问题不及时处理，最终可能造成严重后果。,"The phrase means that ignoring minor problems instead of fixing them promptly can allow them to grow over time and eventually cause serious, damaging consequences.",a small leak can sink a great ship,a tiny leak in a big ship,Rome wasn't built in a day,the tip of the iceberg,non-harmful,Slang
1829,train,爱屋及乌,因为喜欢某人，也连带喜欢与其相关的人或物。,"Affection for someone extends to what belongs to them, meaning that when a person likes or loves someone, they also tend to feel positively toward the people, things, or interests connected to that person.","love me, love my dog",love the house and also the crow on it,the apple of my eye,birds of a feather flock together,non-harmful,Slang
1830,test,宝刀不老,虽然年纪大了，但能力、精力或技艺仍然很好。,"It means that despite getting older, someone’s skill, ability, or energy remains strong, showing that age has not dulled their competence or vitality.",there's life in the old dog yet,the treasured sword has not aged,a sword of Damocles,old habits die hard,non-harmful,Slang
1831,test,没有不透风的墙,秘密不可能永远隐藏，总会有人知道。,"The phrase means that secrets do not stay hidden forever, because private information will eventually leak out or become known to others no matter how carefully it is concealed.",no secret stays hidden forever,there is no wall that does not let wind through,what happens in Vegas stays in Vegas,keep it under wraps,non-harmful,Slang
1832,train,少壮不检点，老大生忧患,年轻时行为放纵不谨慎，年老后会承受后果。,"It means that behaving recklessly and without self-restraint when young can create consequences that return later in life, leaving one with regret, hardship, or worries in old age.",youthful recklessness comes back to haunt you in old age,"the young are not inspected, the old grow worried",a stitch in time saves nine,sow your wild oats,non-harmful,Slang
1833,test,口头方便不费力,好话不费什么力气，却能带来积极作用。,"The phrase means that kind words cost little but mean a lot, since saying something encouraging takes almost no effort yet can have a meaningful positive effect on others.",kind words cost little but mean a lot,oral convenience takes no strength,a spoonful of sugar helps the medicine go down,talk is cheap,non-harmful,Slang
1834,train,裹足不前,拖延不前，不愿继续行动。,"It describes someone who is unwilling to proceed, keeps stalling, and delays taking the next step instead of continuing an action or moving forward with a decision.",drag one's feet,bind one's feet and not step forward,lotus feet,beat around the bush,non-harmful,Slang
1835,train,得陇望蜀,得到一点后还想要更多，贪心不足。,"It describes someone who, after receiving or achieving something, is still not satisfied and immediately wants even more, showing an insatiable or greedy desire for further gain.",never satisfied and always wants more after getting something,gain Long and look toward Shu,cross the Rubicon,have your cake and eat it too,non-harmful,Slang
1836,train,旁敲侧击,不直接说明，而是绕着说、间接试探。,"It describes hinting around instead of addressing the issue directly, using indirect remarks or probing comments to test someone’s reaction without openly stating the real point.",beat around the bush,knock from the side and strike from the edge,read the room,get straight to the point,non-harmful,Slang
1837,train,倒霉的人经不起一点风浪,倒霉的人遇到小问题也可能变成大麻烦。,"For an unlucky person, even small trouble becomes a crisis, meaning minor setbacks or ordinary problems can quickly snowball into serious difficulties because misfortune seems to follow them.",an unlucky person can drown in a teacup,an unlucky man cannot bear a little wind and wave,every cloud has a silver lining,a storm in a teacup,non-harmful,Slang
1838,train,花无百日红,美好事物或好时光不会永远持续。,"It means that good times and beauty do not last forever, reminding people that pleasant circumstances, popularity, youth, or success are temporary and will eventually fade.",all good things must come to an end,a flower cannot stay red for exactly one hundred days,every rose has its thorn,beauty is only skin-deep,non-harmful,Slang
1839,train,做贼心虚,做了亏心事的人容易紧张、多疑。,"A guilty person is easily rattled, becoming nervous, suspicious, or overly defensive because they know they have done something wrong and fear being exposed.",a guilty conscience makes people nervous and suspicious,a thief has an empty heart,innocent until proven guilty,fear has big eyes,non-harmful,Slang
1840,train,哪壶不开提哪壶,偏偏提起别人最不愿提的敏感话题。,It means deliberately or tactlessly bringing up the one painful or sensitive thing that someone most wants to avoid talking about.,bring up a sore subject,mention the pot that has not boiled,let sleeping dogs lie,open a can of worms,non-harmful,Slang
1841,train,金窝银窝，不如自己的狗窝,再好的外处也不如自己的家舒服。,"No matter how luxurious or comfortable other places may be, nothing feels as good, familiar, and reassuring as being in one’s own home.","East or west, home is best",a golden nest and a silver nest are not as good as one’s own doghouse,the grass is always greener on the other side,make yourself at home,non-harmful,Slang
1842,train,走下坡路,情况越来越差，逐渐衰败。,"It means that a situation, person, organization, or trend is deteriorating steadily, with conditions getting worse over time and a sense that things are going downhill fast.",go downhill,walk down a slope,fall down the rabbit hole,go off the rails,non-harmful,Stylistic device
1843,train,三个臭皮匠，赛过诸葛亮,多人合力思考，往往胜过一个人单独谋划。,It means that a group of ordinary people pooling their ideas and efforts can often solve problems better than relying on one expert working alone.,many heads are better than one,three stinky cobblers beat Zhuge Liang,Avengers assemble,too many cooks spoil the broth,non-harmful,Slang
1844,train,敢上九天揽月,志向远大，敢于追求极高目标。,"It describes someone who dares to aim extremely high with bold ambition, setting lofty goals and pursuing achievements that seem almost unreachable.",reach for the stars,dare to climb to the ninth heaven and seize the moon,fly me to the moon,bite off more than you can chew,non-harmful,Slang
1845,train,举手之劳,很容易做到的小事。,"It describes something very easy to do, a small task or favor that requires little effort and can be completed without difficulty.",a small favor that takes almost no effort,the labor of raising a hand,a show of hands,lend a hand,non-harmful,Slang
1846,train,背黑锅,替别人承担后果或责任。,It means being unfairly blamed or forced to bear the consequences and responsibility for something caused by someone else.,be made the scapegoat,carry a black pot on one's back,wear the black hat,throw someone under the bus,non-harmful,Stylistic device
1847,train,忍气吞声,忍受屈辱或委屈，不与对方争辩。,"It means swallowing pride and accepting humiliation by quietly enduring insults, unfair treatment, or grievances without arguing back or openly challenging the other person.",endure humiliation without protest,swallow anger and voice,eat humble pie,bite one's tongue,non-harmful,Slang
1848,train,留一手,故意保留一部分能力、信息或手段，以便保持优势。,"It means deliberately holding back some ability, information, resources, or tactics so they can be used later to maintain an advantage or gain leverage when needed.",keep an ace up one's sleeve,leave one hand behind,keep a stiff upper lip,play one's cards right,non-harmful,Slang
1849,train,空头支票,不能兑现的承诺或无效支票。,"It refers to a promise or check that will not be honored, often used to describe empty assurances, unreliable commitments, or claims that sound valuable but cannot actually be fulfilled.",empty promise,empty-head check,blank check,lip service,non-harmful,Stylistic device
1850,test,垮台,形势持续恶化，走向失败或崩溃。,"It means that a situation is steadily getting worse, moving toward failure, collapse, or an outcome where things can no longer be held together.",on the skids,collapse from the stage,exit stage left,fall behind,non-harmful,Slang
1851,train,钱包检查,检查病人是否有能力承担医疗费用。,"It means checking whether someone can afford medical costs, often implying a cold or cynical assessment of a patient’s ability to pay before receiving medical treatment.",wallet biopsy,wallet inspection,financial aid means test,pay through the nose,non-harmful,Stylistic device
1852,train,白日梦,不切实际、难以实现的幻想。,It refers to an unrealistic fantasy or wishful idea that is disconnected from reality and very unlikely to ever happen.,pipe dream,daytime dream,American dream,dream come true,non-harmful,Stylistic device
1853,train,远水解不了近渴,来得太晚的帮助无法解决眼前急需。,"It means that help arriving too late, no matter how useful in theory, cannot solve an urgent problem or satisfy an immediate need when action is required right away.",help that comes too late cannot meet an urgent need,nearby water cannot quench distant thirst,water under the bridge,a drop in the bucket,non-harmful,Slang
1854,train,害群之马,给群体或家庭带来麻烦的坏成员。,"A troublesome person who damages the group by causing problems, bringing trouble, or harming the reputation and well-being of the community, family, team, or organization they belong to.",a black sheep,a horse that harms the herd,a sacred cow,a fly in the ointment,harmful,Slang
1855,train,舔嘴唇,因期待食物或好处而表现出兴奋、贪婪。,"“Licking one’s lips” describes someone looking excited and greedy in anticipation of food, benefits, or an opportunity, as if they can already taste the reward they expect to get.",lick one's chops,lick the mouth,have a sweet tooth,bite off more than one can chew,non-harmful,Stylistic device
1856,test,狗嘴里吐不出象牙来,品行差或粗鄙的人说不出好话。,"The phrase means that nothing good can be expected from a vulgar person, especially because someone with a crude or bad character is unlikely to say anything decent or kind.",what can you expect from a hog but a grunt,a dog’s mouth cannot spit out ivory,pearls before swine,barking dogs seldom bite,harmful,Slang
1857,train,小蚁穴溃大堤,小问题若不处理，可能发展成大灾祸。,"It means that if a small problem is ignored or left unresolved, it can gradually worsen and eventually lead to a serious disaster or major failure.",a little leak will sink a great ship,ants live in tiny holes in the dike,David and Goliath,make a mountain out of a molehill,non-harmful,Slang
1858,train,包子好吃不在摺上,不能只看外表包装，要看实际质量。,"This phrase means that something should be judged by its real quality and substance rather than by its outer appearance, packaging, or decorative presentation.",don't judge a book by its cover,a bun is tasty not because of its folds,you can't have your cake and eat it too,quality over quantity,non-harmful,Slang
1859,train,端起碗吃肉，放下筷子骂娘,享受别人的好处后，反过来抱怨或伤害对方。,"It describes someone who accepts benefits, help, or advantages from another person or group, then turns around to complain about, criticize, or harm the very giver.",bite the hand that feeds you,"pick up the bowl to eat meat, put down chopsticks to curse mother",there is no such thing as a free lunch,look a gift horse in the mouth,harmful,Slang
1860,train,玫瑰花可爱，可惜刺扎手,美好的东西也可能带来伤害或风险。,"The phrase means that even something beautiful or appealing can come with pain, danger, or consequences, so attractive things can still hurt you despite their charm.",beautiful things can still hurt you,roses are red and have thorns,beauty is in the eye of the beholder,"no pain, no gain",non-harmful,Slang
1861,train,好种长好谷，好模出好坯,好的投入或基础会带来好的结果。,"“Good inputs lead to good results” means that strong foundations, careful preparation, or high-quality starting materials are likely to produce successful outcomes.",good inputs lead to good results,"good breeds grow long grain, good models make good embryos","garbage in, garbage out",practice makes perfect,non-harmful,Slang
1862,train,丢卒保车,接受小损失，以避免更大的损失。,It means accepting a minor loss or giving up something less important in order to prevent a much greater loss or protect what matters more.,better lose the saddle than the horse,lose the pawn to save the chariot,throw the baby out with the bathwater,"penny wise, pound foolish",non-harmful,Slang
1863,test,掉链子,在关键时刻失误、失败或发挥失常。,"It refers to someone making a mistake, breaking down, or underperforming exactly when success matters most, meaning they are failing at the critical moment.",choke under pressure,drop the chain,miss the boat,get off on the wrong foot,non-harmful,Slang
1864,train,嘴上没个把门的,说话不加控制，容易脱口而出。,"It describes someone who blurts things out without thinking, speaking with little self-control and often letting words slip out impulsively before considering whether they are appropriate.",speak without a filter,there is no gate on the mouth,talk turkey,spill the beans,non-harmful,Slang
1865,test,要摘玫瑰就不能怕刺,想得到好处，就必须承受相应困难或风险。,"The saying means that worthwhile rewards come with discomfort or risk, so anyone seeking something valuable must be prepared to face the difficulties, costs, or dangers attached to it.",he who would gather roses must not fear thorns,wear gloves when picking roses,stop and smell the roses,look before you leap,non-harmful,Slang
1866,train,栽大跟头,遭遇重大失败或挫折。,"It describes someone suffering a major setback or failure, often after things seemed to be going well, emphasizing that the defeat or mistake is serious enough to cause embarrassment, loss, or a hard lesson.",suffer a major setback,fall into a big somersault,have a bad hair day,drop the ball,non-harmful,Slang
1867,train,一条臭鱼腥一锅汤,一个小缺陷或坏因素破坏整体。,"It means that one small flaw or harmful factor can spoil an otherwise good situation, much like a single bad element ruining the quality or impression of the whole.",one rotten apple spoils the barrel,one smelly fish in a pot of soup,too many cooks spoil the broth,the last straw,non-harmful,Slang
1868,train,老虎也有打盹时,再聪明、再厉害的人也会偶尔犯错。,"Even great people have off moments, meaning that no matter how smart, capable, or powerful someone is, they can still occasionally make mistakes or slip up.",Even Homer nods,even tigers take naps,Achilles' heel,a bad workman blames his tools,non-harmful,Slang
1869,train,刀口上舔蜜,为了微小好处而冒很大风险。,"It describes knowingly putting oneself in serious danger for only a tiny or uncertain benefit, taking a reckless risk where the possible payoff is far too small to justify the harm.",risk a lot for a tiny payoff,lick honey from a knife edge,the forbidden fruit tastes sweetest,skate on thin ice,non-harmful,Stylistic device
1870,train,转弯抹角,说话绕圈子，不直接切入主题。,"It describes someone speaking indirectly instead of getting to the point, circling around the topic with vague or roundabout wording rather than stating their main idea clearly and directly.",beat around the bush,turn corners and smear edges,talk turkey,read between the lines,non-harmful,Slang
1871,test,木已成舟,事情已经定局，无法挽回。,"It means that the decision is made and cannot be reversed, so the situation has already been settled and there is no realistic way to undo or change the outcome.",the die is cast,the wood has become a boat,miss the boat,cross that bridge when we come to it,non-harmful,Slang
1872,train,小巫见大巫,与更厉害的人或事相比显得微不足道。,"It means that someone or something seems insignificant when compared with a much greater, more impressive, or more powerful person or thing.",pales in comparison,a small shaman meets a great shaman,David versus Goliath,a drop in the bucket,non-harmful,Slang
1873,train,光棍不怕抢,一无所有的人不怕威胁或抢夺。,"It means that someone who has nothing to lose cannot easily be threatened, robbed, or intimidated because there is little anyone can take from them.",having nothing to lose,a bachelor is not afraid of robbery,beggars cannot be choosers,desperate times call for desperate measures,non-harmful,Slang
1874,train,靠山,有权势的人作为支持或后盾。,"It means having someone powerful or influential behind you as support, protection, or a fallback, so you can act with more confidence because that person can back you up.",powerful backer,backing mountain,guardian angel,fair-weather friend,non-harmful,Stylistic device
1875,train,一个巴掌拍不响,冲突需要双方参与，单方面难以形成争吵。,"This phrase means that a quarrel cannot happen unless both sides join in, emphasizing that conflict usually requires participation or provocation from more than one person.",it takes two to tango,one palm cannot clap,many hands make light work,the ball is in your court,non-harmful,Slang
1876,test,量布裁衣,根据已有资源和条件来安排计划。,"It means to adjust plans to match available resources, making decisions based on the conditions, limits, and materials already at hand rather than pursuing an unrealistic goal.",cut your coat according to your cloth,cut clothes according to the cloth,"measure twice, cut once",tighten your belt,non-harmful,Slang
1877,train,败家子,家族或群体中带来麻烦、损害名声的人。,"A troublesome member who disgraces the family is someone seen as bringing trouble, shame, or reputational damage to their family or group through their behavior.",black sheep of the family,a son who ruins the family wealth,a bad family member,a bad apple,harmful,Stylistic device
1878,train,去你的,表示赶走、拒绝或让对方别再烦自己。,"It means telling someone to leave you alone, expressing rejection, dismissal, or irritation when you want the other person to stop bothering you and go away.",get lost,go to yours,bless your heart,give me a break,harmful,Slang
1879,train,厨子多了煮坏汤,参与指挥的人太多，事情反而容易搞糟。,"It means that when too many people try to direct or control something, their competing input can make the situation worse instead of helping.",too many cooks spoil the broth,chefs overcook the soup,many hands make light work,too many voices in the room,non-harmful,Slang
1880,test,西西弗斯式的工作,永无止境、反复徒劳、没有实际回报的工作。,"It describes endless, repetitive work that feels futile because it never truly finishes and brings no meaningful result, reward, or real payoff.",a Sisyphean task,a stone-moving job,a Herculean task,a tedious chore,non-harmful,Quotation
1881,train,针尖对麦芒,双方激烈对抗，互不相让。,"It describes two sides locked in a heated confrontation, clashing fiercely and refusing to back down or yield any ground to each other.",be at each other's throats,needle point against wheat awn,David versus Goliath,see eye to eye,non-harmful,Slang
1882,test,猫也有权见国王,普通人也有权面对或质询权威。,"“Even a cat may look at a king” means that ordinary people have the right to face authority, question powerful figures, or stand before those in higher positions without being dismissed.",even a cat may look at a king,a cat is allowed into the palace,the emperor has no clothes,every underdog gets a turn,non-harmful,Slang
1883,train,屋漏又逢连夜雨,已经倒霉时又遇到更多麻烦。,"It describes a situation where someone is already unlucky or in trouble, and then even more problems pile up all at once, making everything feel worse at the same time.","when it rains, it pours",the roof leaks and meets overnight rain,save it for a rainy day,a run of bad luck,non-harmful,Slang
1884,test,狗血淋头,被人狠狠责骂、训斥。,"The phrase describes someone being harshly and intensely scolded, criticized, or reprimanded, often in a way that feels overwhelming, humiliating, or verbally relentless.",get chewed out,dog blood poured over one's head,be in the doghouse,get a slap on the wrist,non-harmful,Slang
1885,train,无风不起浪,有传闻往往是因为背后有某种原因。,"The phrase means that rumors usually start from something, suggesting that gossip or speculation often appears because there is some underlying cause, hint, or real situation behind it.","where there is smoke, there is fire","no wind, no waves",a storm in a teacup,rumor has it,non-harmful,Slang
1886,train,马屁精,为讨好上级或有权势者而奉承的人。,"A sycophantic person who flatters bosses, superiors, or other powerful people in order to win favor, gain advantages, or advance their own position.",brown-noser,horse-fart expert,court jester,fair-weather friend,harmful,Stylistic device
1887,test,九牛一毛,与整体相比数量极小，几乎可以忽略。,"It means a negligible amount compared with the whole, describing something so tiny in proportion to the larger total that it is almost insignificant or barely worth counting.",a drop in the bucket,one hair from nine cows,the tip of the iceberg,small potatoes,non-harmful,Slang
1888,train,水能载舟，也能覆舟,有用的力量若失控，也可能造成灾害。,"The phrase means that useful forces can become destructive if uncontrolled, warning that something beneficial or powerful can cause harm or disaster when it is not properly managed.","fire and water are good servants, but bad masters",water can carry a boat,absolute power corrupts absolutely,too much of a good thing,non-harmful,Slang
1889,train,打擦边球,利用边界或漏洞冒险行事，接近违规。,"Taking a risky borderline move means deliberately operating near the edge of rules or norms, exploiting gray areas or loopholes while trying to avoid clearly crossing into violation.",exploit the gray area,hit an edge ball,move the goalposts,skate on thin ice,non-harmful,Stylistic device
1890,train,向风车冲刺,与虚构或误判的敌人作无意义斗争。,"It means taking on a misguided and pointless crusade, fighting against imagined or misjudged enemies in a way that wastes effort and achieves nothing meaningful.",tilt at windmills,charge toward windmills,cross the Rubicon,fight fire with fire,non-harmful,Quotation
1891,train,大海捞针,在巨大范围中寻找极难找到的东西。,"It means looking for something almost impossible to find, especially when the search area is so vast and the target so hard to spot that success feels extremely unlikely.",look for a needle in a haystack,fish a needle out of the sea,find a four-leaf clover,a drop in the bucket,non-harmful,Slang
1892,train,口袋烧成洞,一有钱就想花，钱留不住。,"It describes someone who cannot hold onto money, feeling compelled to spend it immediately whenever they receive any, as if cash disappears from their pocket the moment it arrives.",burn a hole in one's pocket,a pocket burned into a hole,money grows on trees,live paycheck to paycheck,non-harmful,Stylistic device
1893,test,平静的海洋练不出熟练的水手,没有困难磨炼，就难以真正成长。,"This saying means that real skill and maturity are developed through hardship, because competence comes from facing difficulties rather than growing only in easy, comfortable conditions.",a smooth sea never made a skillful mariner,calm seas make every sailor an expert,still waters run deep,practice makes perfect,non-harmful,Slang
1894,train,人怕出名猪怕壮,名声太盛或太显眼，容易招来麻烦。,"It means that becoming too famous, visible, or prominent can draw unwanted attention, pressure, criticism, or trouble, so standing out often comes with risks.",a tall tree catches much wind,people fear fame and pigs fear fatness,all publicity is good publicity,fame is fleeting,non-harmful,Slang
1895,train,老不死的,对老人带有轻蔑意味的称呼，指老顽固或老累赘。,"A contemptuous term for an old-fashioned elderly person, used to insult someone elderly as stubborn, outdated, burdensome, or unwanted rather than simply describing their age.",old coot,old one who will not die,silver fox,old hand,harmful,Slang
1896,test,网漏吞舟,法律或制度漏洞太大，足以让人轻易钻空子。,"It describes a law or system with such huge loopholes that people can easily exploit them, evade restrictions, or take advantage of the rules without much difficulty.",drive a coach-and-four through an Act of Parliament,a leaking net swallows a boat,red tape everywhere,slip through the cracks,non-harmful,Slang
1897,test,磨破嘴皮子,反复解释、劝说到口干舌燥。,"It means explaining or persuading someone over and over until you are exhausted, but still having little or no effect on their thinking or behavior.",talk until you're blue in the face,wear out the skin of your mouth,preach to the choir,talk someone's ear off,non-harmful,Stylistic device
1898,train,一针见血,准确说中问题核心。,"It describes a statement or observation that captures the core point exactly, identifying the real issue with precision instead of circling around less important details.",hit the nail on the head,one needle sees blood,spill the tea,split hairs,non-harmful,Slang
1899,train,一条活狗胜过一头死狮,活着比空有尊严或名声但已经死亡更有价值。,"It means that staying alive and enduring is more valuable than having honor, reputation, or pride after death; survival matters more than status or pride.",a living dog is better than a dead lion,a live dog fights a dead lion,death before dishonor,let sleeping dogs lie,non-harmful,Slang
1900,train,菩萨嘴，蛇蝎心,表面慈悲善良，内心却狠毒阴险。,"It describes someone who speaks with apparent kindness and compassion, but whose gentle words conceal cruel motives, malice, or a willingness to harm others.",kind words hiding a venomous heart,"Bodhisattva mouth, snake-scorpion heart",pearls before swine,sugarcoating the truth,harmful,Slang
1901,train,才出虎穴，又入狼窝,刚摆脱一个困境，又进入更糟的处境。,"It describes escaping one difficult situation only to fall straight into an even worse one, where things get worse instead of better despite seeming to have just found a way out.","out of the frying pan, into the fire",the tiger's den and the wolf's lair,cry wolf,between a rock and a hard place,non-harmful,Slang
1902,train,摆谱,装腔作势，自以为重要。,"It describes someone acting overly important and superior, putting on airs as if they are more significant, powerful, or impressive than they really are.",put on airs,set out a musical score,keep up with the Joneses,toot one's own horn,harmful,Slang
1903,train,笨手无良器,自己能力不足，却怪工具或环境不好。,"It describes someone who lacks the skill to do something well but shifts the blame onto bad tools, poor conditions, or an unfavorable environment instead of recognizing their own shortcomings.",a bad workman blames his tools,clumsy hands lack good gear,all gear and no idea,wrong tool for the job,non-harmful,Slang
1904,train,群众的眼睛是雪亮的,公众往往能判断事情真相。,"This phrase means that ordinary people are usually perceptive enough to see through confusion, rumors, or deception and judge what is really happening.",the public can see through the deception,the people’s eyes are bright as snow,Big Brother is watching,many hands make light work,non-harmful,Slang
1905,train,捋虎须,鲁莽挑衅远比自己强大的人。,"It means recklessly provoking someone powerful, especially by foolishly challenging or antagonizing a person or force far stronger than oneself.",beard the lion,stroke the tiger's whiskers,tilt at windmills,play with fire,non-harmful,Stylistic device
1906,test,上当是师父,受骗或跌倒后能增长见识。,"The phrase means that being deceived or tricked can become a hard lesson, helping someone gain experience, grow wiser, and avoid making the same mistake again.",learn the hard way,being cheated is a teacher,"when in Rome, do as the Romans do","once bitten, twice shy",non-harmful,Slang
1907,train,送秋波,向某人投去调情、暧昧的眼神。,"It means giving someone flirtatious looks, often by casting suggestive or affectionate glances to signal romantic interest, attraction, or playful ambiguity.",give someone flirtatious glances,send autumn waves,give someone the cold shoulder,wink at someone,non-harmful,Stylistic device
1908,test,一山不容二虎,两个强势人物难以共处或共同掌权。,"It means that two strong leaders cannot share the same domain, because dominant or powerful figures usually clash when they try to coexist, cooperate, or hold authority in the same space.",two dominant leaders cannot share power,a mountain with two tigers,the lion's share,too many cooks spoil the broth,non-harmful,Slang
1909,train,死猪不怕开水烫,已经一无所有或处于低谷的人，不再害怕进一步打击。,"It describes someone who has already lost everything or hit rock bottom, so they no longer fear additional setbacks, punishment, or further decline because they feel there is nothing left to lose.",nothing left to lose,a dead pig is not afraid of boiling water,"when the going gets tough, the tough get going","nothing ventured, nothing gained",non-harmful,Slang
1910,train,律师难唱独角戏,说话前要谨慎思考，因为言语可能带来严重后果。,"It means you should think carefully before speaking, because careless words can lead to serious consequences that may be difficult to handle afterward.",think before you speak,a lawyer cannot perform a one-man show,better call Saul,speak of the devil,non-harmful,Slang
1911,train,合抱之树，生于毫末,伟大的成就往往从微小开端发展而来。,"It means that big achievements start from small beginnings, emphasizing that great results often grow gradually from tiny first steps or seemingly insignificant origins.",great oaks from little acorns grow,a tree that fills both arms is born from a hair tip,mighty oaks are often struck by lightning,Rome was not built in a day,non-harmful,Slang
1912,train,船主的繁荣掌握在风的手里,成功受制于外部力量，自己难以完全掌控。,"It means that a person’s success or prosperity ultimately depends on external forces and changing circumstances beyond their own control, no matter how much effort or planning they put in.",at the mercy of forces beyond one's control,the ship owner’s prosperity is in the wind’s hand,a rising tide lifts all boats,fortune favors the bold,non-harmful,Slang
1913,test,瓦罐不离井口破,反复冒同样的风险，迟早会出事。,"Repeatedly exposing yourself to the same danger or risky situation will eventually catch up with you and lead to trouble, even if nothing goes wrong at first.",the old pitcher went to the well once too often,the clay jar breaks at the well mouth,curiosity killed the cat,a burnt child dreads the fire,non-harmful,Slang
1914,test,不善写字嫌笔秃,自己能力不足，却怪工具或条件不好。,"It describes people who lack the necessary skill or ability but blame their tools, conditions, or circumstances instead of recognizing their own shortcomings.",a bad workman blames his tools,poor writing blames the bald brush,the pen is mightier than the sword,use the right tool for the job,non-harmful,Slang
1915,train,拿刀子戳人还怪人疼,伤害别人后，又进一步羞辱或责怪对方。,"It describes hurting someone and then blaming, mocking, or shaming them for being hurt, thereby making an already painful or unfair situation even worse.","hurt someone, then blame them for being hurt",stab someone with a knife,sticks and stones may break my bones,playing the victim,non-harmful,Slang
1916,train,使毛发倒竖,因愤怒、受惊或戒备而突然激动起来。,"It describes someone suddenly becoming angry, startled, or tense, as if immediately bristling in reaction to fear, irritation, or a sense of danger.",bristle up,make someone's hair stand upright,go Super Saiyan,fly off the handle,non-harmful,Stylistic device
1917,test,烧伤过的孩子怕火,曾经受过伤害的人，在类似情境中会更加谨慎。,"Once hurt, people become more cautious, especially when facing situations that resemble the painful experience that harmed them before.",a burnt child dreads the fire,a child burned the firewood,curiosity killed the cat,better safe than sorry,non-harmful,Slang
1918,train,走露了风声,原本保密的事情已经泄露出去。,"It means that information that was supposed to remain confidential has leaked out, so a secret has become known to others.",the cat is out of the bag,the sound of wind has leaked out,gone with the wind,keep it under wraps,non-harmful,Stylistic device
1919,train,猫儿不在耗子闹,没有管束者在场时，人们就容易放纵胡闹。,"People tend to misbehave, act recklessly, or cause trouble when no authority figure is present to supervise or restrain them.","when the cat's away, the mice will play",the cat is away and the mouse squeaks,"while the boss is away, the team works harder",let sleeping dogs lie,non-harmful,Slang
1920,train,硬骨头,难以处理、难以解决的问题或人。,"It refers to a difficult problem or person that is hard to deal with and resists simple, quick, or straightforward solutions.",a tough nut to crack,a hard bone,a sacred cow,a pain in the neck,non-harmful,Stylistic device
1921,train,东方不亮西方亮,一条路不通，还会有别的机会。,"It means that when one path or plan fails, another opportunity may still appear elsewhere, so a setback does not mean all possibilities are gone.","when one door shuts, another opens","if the east is not bright, the west is bright",the grass is always greener on the other side,look on the bright side,non-harmful,Slang
1922,train,四月阵雨带来五月花,短期困难可能带来长期好结果。,"Short-term setbacks can bring long-term benefits, meaning temporary difficulties or unpleasant experiences may eventually lead to positive outcomes, growth, or better opportunities over time.",April showers bring May flowers,April rain cancels May flowers,make hay while the sun shines,this too shall pass,non-harmful,Slang
1923,train,嘴上抹蜜,说话甜，但带有讨好或不真诚的意味。,"It describes speaking in an overly sweet or flattering way, often with an insincere tone, to please someone or win their favor in order to get what one wants.",butter someone up,smear honey on one's mouth,sugarcoat the truth,sweeten the pot,non-harmful,Stylistic device
1924,train,说脱落了,不小心把秘密或真相说了出来。,"It refers to accidentally blurting out the truth or revealing a secret unintentionally, often because someone speaks too quickly or carelessly before realizing what they have exposed.",spill the beans,the words fell off,drop the mic,speak out of turn,non-harmful,Slang
1925,train,五十步笑百步,自己也有同样问题，却批评别人。,"It describes criticizing or mocking someone else for a fault or mistake while having the same kind of problem oneself, making the criticism hypocritical.",the pot calls the kettle black,fifty steps laugh at a hundred steps,calling a spade a spade,practice what you preach,non-harmful,Slang
1926,train,偷鸡不成蚀把米,本想占便宜，结果反而遭受更大损失。,"It describes trying to gain an unfair advantage or profit through overreaching, but failing and ending up suffering a greater loss instead.",try to gain an unfair advantage and end up suffering a bigger loss,try to steal a chicken and end up losing a handful of rice,"penny wise, pound foolish",bit off more than you can chew,non-harmful,Slang
1927,test,混水好摸鱼,局势混乱时，更容易趁机谋取私利。,"It means taking advantage of chaos for personal gain, especially when a confusing or unstable situation makes it easier to act selfishly without being noticed.",fish in troubled waters,muddy water is good for catching fish,every cloud has a silver lining,muddy the waters,non-harmful,Slang
1928,train,山中无老虎，猴子称大王,强者不在时，较弱者也能占据主导。,It means that a weaker person can take charge or dominate a situation when stronger rivals or more capable competitors are absent.,weaker players dominate when stronger rivals are absent,no tigers in the mountains,the early bird catches the worm,every dog has his day,non-harmful,Slang
1929,test,天知地知，你知我知,这件事只限你我知道，必须保密。,"It means keeping something strictly between us, with the understanding that only the two people involved know about it and that it must remain completely confidential.",keep this strictly between us,"heaven knows, earth knows, you know, I know",the walls have ears,button your lip,non-harmful,Slang
1930,train,哑巴吃黄连,有苦说不出，只能默默忍受。,"It describes a situation of suffering in silence without being able to explain, where someone has grievances or pain but cannot voice them and must quietly endure.",suffer in silence,a mute eats bitter herbs,when life gives you lemons,eat humble pie,non-harmful,Slang
1931,test,莫惜指失掌,不要为了节省小成本而造成巨大损失。,It means not trying to save a tiny cost or small effort when doing so could lead to a much bigger loss or serious damage overall.,"penny wise, pound foolish",lose a finger to save the palm,don't throw good money after bad,cut your losses,non-harmful,Slang
1932,train,要黄,事情要失败、落空，最终不会发生。,"It means that something is likely to fail, fall through, or come to nothing, so it is not going to happen after all.",fall through,turn yellow,yellow journalism,hit a snag,non-harmful,Slang
1933,train,盲人国里，独眼称王,在整体水平较弱的环境中，普通人也可能显得突出。,"It means that a mediocre person can appear superior or impressive when surrounded by people who are even less capable, because the overall standard of the group is weak.","in the land of the blind, the one-eyed man is king",a one-eyed king in a blind country,the emperor's new clothes,standing out from the crowd,non-harmful,Slang
1934,train,叶公好龙,口头上喜欢，真正面对时却退缩。,"It describes someone who claims to be enthusiastic about something in theory, but when faced with the real thing, backs away or reveals they were never truly committed.",claim to love something but avoid the real thing,Lord Ye loves dragons,chasing the dragon,fair-weather fan,non-harmful,Slang
1935,train,狡兔有三窟,聪明人会准备多个退路或备选方案。,"A clever person keeps multiple backup plans, meaning someone prudent prepares several fallback options or escape routes so they are not trapped if one path fails.",it is a poor mouse that has only one hole,a crafty rabbit has three burrows,the early bird catches the worm,keep something up one's sleeve,non-harmful,Slang
1936,test,先学爬而后学走,先掌握基础，再做更难的事情。,"It means you should master the basics first before attempting harder tasks, building skills step by step instead of rushing into something more advanced too early.",don't run before you can walk,learn to climb before learning to walk,Rome wasn't built in a day,slow and steady wins the race,non-harmful,Slang
1937,train,你个logo,谐音梗，用于嘲讽某人胆小、懦弱、很 low。,"This pun is used to mock someone as cowardly or pathetic, implying that they are timid, spineless, or embarrassingly low in character or behavior.",what a wimp,you logo,OK boomer,low-key,harmful,Homophonic pun
1938,train,牛马三件套,房贷、车贷和下一代，形容普通人沉重的生活经济压力。,"“The three burdens of working-class life” refers to the heavy financial pressures ordinary people face from a mortgage, a car loan, and the cost of raising the next generation.","mortgage, car loan, and raising a child",horse-cow three-piece set,a white picket fence lifestyle,the rat race,non-harmful,Stylistic device
1939,train,你胸太小不要说话,ACG 圈吐槽语，表面调侃贫乳，实际讽刺对方没资格发言。,"This ACG meme phrase mockingly tells someone to be quiet by joking about a small chest, but its real meaning is dismissing someone as unqualified to speak.","no boobs, no opinion",your chest is too small,OK boomer,flat is justice,harmful,Experience
1940,train,欧派,日语“おっぱい”的音译，指胸部，常见于 ACG 圈。,"“Opai” is Japanese-derived slang used especially in ACG fandom to refer to breasts, often appearing in anime, manga, and gaming discussions with a playful or fan-service-related tone.",oppai,European faction,breast-related ACG slang,waifu body talk,non-harmful,Homophonic pun
1941,train,只要可爱就算是男孩子也没关系,只要足够可爱，性别就变得不重要。,"It means that if someone is cute enough, gender matters less, so attractiveness or charm can make their gender feel unimportant in how people react to them.","if it’s cute, gender doesn’t matter","as long as it is cute, boys do not matter",love is love,trap card activated,non-harmful,Experience
1942,test,下个ID见,调侃账号可能被封禁，期待对方换新号再出现。,"A joking remark implying that someone’s current account may be banned soon, but they are expected to reappear under a new account or username afterward.",see you on your next alt,see you at the next ID,see you after your account gets banned,see you on the other side,non-harmful,Experience
1943,train,皮这一下很开心,调皮捣蛋后自得其乐。,"It means playfully messing around or causing a little harmless trouble, then feeling pleased and amused by one's own mischievous behavior.",playfully messing around for laughs,happy to peel this once,boys will be boys,"just kidding, bro",non-harmful,Slang
1944,test,人体描边大师,调侃射击游戏玩家枪法差，子弹完美避开目标。,"A humorous label for someone with terrible aim in shooting games, joking that their shots trace the outline of an opponent while somehow missing the target completely.",stormtrooper aim,human silhouette artist,360 no-scope,spray and pray,non-harmful,Stylistic device
1945,train,秦王步法,游戏中贴着掩体反复走位以躲避攻击。,"“Qin Wang footwork” refers to juking around cover to dodge attacks in a game, repeatedly moving close to obstacles or terrain so opponents have trouble landing hits.",pillar dancing,King Qin footwork,Qin dynasty war dance,run in circles,non-harmful,Quotation
1946,train,抢人头,游戏中抢先拿到最后一击，夺取击杀奖励。,"“Taking the final hit that someone else set up” means swooping in during a game to land the last blow on an enemy another player mostly defeated, thereby claiming the kill reward or credit.",kill steal,steal a head,headhunting,last-hit farming,non-harmful,Experience
1947,train,玄学,游戏中用非官方、迷信式方法影响随机结果。,"A superstition around RNG or drops, referring to players using unofficial or ritual-like methods in games to supposedly influence random outcomes such as loot drops, pulls, or other chance-based results.",RNG superstition,metaphysics,Mercury retrograde,lucky charm,non-harmful,Experience
1948,train,弹幕,视频上滚动出现的实时评论，形成群体观看体验。,"Scrolling real-time comments over a video are viewer messages that move across the screen during playback, creating a shared watching experience where reactions, jokes, and commentary appear alongside the content as it is being viewed.",danmaku comments,bullet barrage,director's commentary,livestream chat,non-harmful,Stylistic device
1949,train,天下漫友是一家,原指 ACG 爱好者团结，后常用于讽刺圈内争端。,"It is an ironic claim that all anime fans are one family, often used to mock the ideal of fan unity when anime or ACG communities are actually arguing or divided.",weebs are one big happy family,all comic friends under heaven are one family,anime fans should be united,fandom unity,non-harmful,Quotation
1950,train,少女卷轴,指被大量美化 MOD 改造后的《上古卷轴》游戏。,"It refers to a heavily modded version of The Elder Scrolls in which visual enhancement mods make the game, especially its female characters, look much more beautified and stylized.",beautified modded Elder Scrolls,girl scrolls,kawaii Dark Souls,waifu modpack,non-harmful,Experience
1951,train,老头滚动条,对《上古卷轴》系列的戏称。,"Old Man Scrollbar"" is a joke nickname for The Elder Scrolls series, playing on a humorous literal-sounding reinterpretation of its Chinese title rather than referring to an actual old man or scrollbar.",joke nickname for The Elder Scrolls,elderly man's scroll bar,Skyrim grandma meme,generic fantasy RPG nickname,non-harmful,Quotation
1952,train,萌翻,表示非常可爱，或可爱到让人被打动。,"It describes someone or something as extremely cute or overwhelmingly adorable, to the point that their charm feels instantly heart-melting and emotionally disarming.",cuteness overload,cute flipped over,fan service,heart eyes,non-harmful,Stylistic device
1953,train,小天使,爱称，指可爱、善良、纯真的人物。,"It is an affectionate term for a sweet, pure, lovable person, often used to describe someone seen as cute, kind-hearted, innocent, and emotionally comforting.",cinnamon roll,tiny celestial being,guardian angel,good Samaritan,non-harmful,Stylistic device
1954,train,小姐姐,网络中亲切称呼温柔漂亮的年轻女性。,"“Xiaojiejie” is a friendly online term used to affectionately refer to a gentle, pretty young woman, often with a warm or admiring tone.",sweet pretty young woman,little older sister,girl next door,anime girl,non-harmful,Quotation
1955,train,蛐蛐,小声在背后议论别人，通常带八卦或负面意味。,"It refers to quietly gossiping about someone behind their back, often with a nosy, critical, or negative tone rather than speaking openly to the person involved.",talk behind someone’s back,cricket chirping,hear crickets,spill the tea,non-harmful,Homophonic pun
1956,train,感人,反讽某事表现很差、很弱、很烂，让人无语。,"It is used sarcastically to describe something as painfully bad, weak, or disappointing, implying that its poor performance leaves people speechless rather than genuinely moved.",painfully bad,touching,a tearjerker,cringe,non-harmful,Stylistic device
1957,train,中毒,对魔性音视频或内容上瘾，反复观看停不下来。,"It means becoming addicted to viral or catchy content, especially a strangely compelling video, song, or post that someone keeps watching or replaying because they cannot stop.",hooked on viral content,poisoned,drinking the Kool-Aid,earworm,non-harmful,Stylistic device
1958,train,发糖,形容情侣角色之间出现甜蜜互动、秀恩爱剧情。,"It refers to sweet romantic moments between a shipped couple, especially scenes where two characters share affectionate interactions, flirtation, or relationship-coded behavior that fans enjoy as evidence of their chemistry.",ship fuel,hand out candy,sweet sixteen,canon confirmation,non-harmful,Stylistic device
1959,test,有生之年,长时间等待后终于看到作品更新、完结或实现。,"It means finally seeing something happen after a long wait, especially when an update, ending, release, or long-promised event arrives after people had waited so long they almost stopped expecting it.",I lived to see it,during the years one is alive,bucket list moment,better late than never,non-harmful,Experience
1960,train,打码,对图像或视频敏感区域进行模糊、马赛克处理。,"It means censoring or blurring part of an image or video, typically by applying mosaic, pixelation, or blur to sensitive areas so the original visual details cannot be clearly seen.",censor or pixelate the sensitive area,add code,tag it as NSFW,encode the image,non-harmful,Abbreviation
1961,train,下限,指道德、节操或行为的最低底线，常用于贬义。,"It refers to a new moral or behavioral low, used negatively to describe someone’s actions, standards, or sense of decency falling beneath the minimum baseline people would normally expect.",a new low,lower numerical limit,limbo dance low,crossing the line,non-harmful,Experience
1962,train,先秦淑女步,形容女性优雅、平稳、几乎无上下波动的走路方式。,"It describes a smooth and elegant gliding walk, especially by women, where the steps look graceful, steady, and almost free of any visible up-and-down movement.",smooth graceful gliding walk,pre-Qin lady steps,Victorian promenade,catwalk,non-harmful,Quotation
1963,train,人生赢家,事业、爱情、人生等方面都令人羡慕的成功者。,"A “winner in life” describes someone who appears enviably successful across major areas of life, especially career, relationships, and personal happiness.",winning at life,winner of life,the American dream,high achiever,non-harmful,Quotation
1964,train,大雾,表示前一句是故意曲解、玩笑或“大误/大污”式吐槽。,"Used after a statement to signal that it was a joke, deliberate misreading, or intentionally misleading twist rather than something meant to be taken seriously.","just kidding, I was deliberately misreading it",heavy fog,plot twist,no cap,non-harmful,Stylistic device
1965,train,正宫,ACGN 中男主角的主要情感对象或核心女主。,"The term refers to the main canon love interest in an ACGN story, typically the central heroine or primary romantic partner intended to be paired with the male protagonist.",main canon love interest,main palace,queen consort,best girl,non-harmful,Stylistic device
1966,train,现象级,作品突破小圈层，引起广泛社会关注。,"It describes a work that breaks out beyond its original niche audience and becomes a broad cultural hit, attracting widespread public attention and discussion across society.",cultural phenomenon,phenomenon-level,cult classic,viral moment,non-harmful,Quotation
1967,train,黑科技,看起来强大、神秘、超出常规理解的技术或产品。,"It refers to seemingly magical or advanced technology or products that appear powerful, mysterious, and beyond ordinary understanding, often suggesting capabilities that feel futuristic or difficult to explain.",seemingly magical advanced tech,black technology,dark web tech,tech hype,non-harmful,Quotation
1968,train,倒贴,女方主动追求男方，甚至用财物补贴对方。,"It means actively pursuing someone romantically while also offering support, attention, or even material help, often implying that one person is putting in extra effort to win the other’s affection.",a woman pursues a man and supports him financially,paste upside down,go Dutch on dates,throw herself at him,harmful,Slang
1969,train,歹竹出好笋,出身或父母普通甚至糟糕，却出现优秀子女。,"It describes a capable, admirable child or descendant who emerges despite coming from unimpressive, disadvantaged, or flawed parents or family background, meaning good offspring from poor or flawed stock.",good offspring from flawed parents,bad bamboo sprouts,a chip off the old block,a diamond in the rough,non-harmful,Slang
1970,test,女A男O,女性强势、男性柔弱或依赖的恋爱关系动态。,"A relationship dynamic where the woman takes a more dominant, assertive role while the male partner is portrayed as softer, gentler, more dependent, or emotionally yielding.","alpha woman, omega man","female A, male O",alpha male and tradwife,girlboss energy,non-harmful,Quotation
1971,test,吓尿了,夸张表示被吓到、恶心到或强烈震惊。,"It means being so extremely scared or shocked by something that the reaction is exaggerated as losing control, often used humorously for fear, disgust, or intense surprise.",scared shitless,frightened urine,jump scare challenge,creeped out,non-harmful,Stylistic device
1972,test,233,网络用语，表示大笑，也可带嘲讽意味。,"This term is used online to represent laughter, often like “LOL,” and can also carry a teasing or sarcastic tone when someone is laughing at a situation or mocking another person.",lol,two-three-three,404 not found,smh,non-harmful,Quotation
1973,train,打脸,自信判断被现实反向证明，令人尴尬。,"It describes the embarrassing moment when someone makes a confident claim or judgment, only for reality to prove it wrong and expose their mistake.",that aged like milk,slap someone in the face,lose face,facepalm,non-harmful,Stylistic device
1974,train,虐狗,情侣秀恩爱让单身者感到被刺激或自嘲。,"Couple PDA making singles feel attacked"" describes couples openly showing affection in a way that makes single people feel teased, excluded, or jokingly victimized by the display.",couple PDA making singles feel attacked,dog abuse,puppy love,third-wheeling,non-harmful,Stylistic device
1975,train,带节奏,故意煽动舆论、引导跟风或挑起争端。,"It means deliberately stirring up public opinion or conflict online by pushing a narrative, encouraging others to follow along, or provoking arguments within a discussion.",push a narrative to stir up conflict,lead the rhythm,start a stadium wave,set the tone,non-harmful,Stylistic device
1976,train,钓鱼,发布诱导性内容，引人上钩、争论或围观。,"Posting bait to provoke reactions online means sharing deliberately provocative or leading content to lure people into arguing, responding emotionally, or gathering to watch the resulting online drama.",posting bait to provoke reactions online,fishing,catfishing,clickbait,non-harmful,Stylistic device
1977,train,作死,不顾风险做危险或惹祸的事。,"It means doing reckless things that invite trouble, especially by ignoring obvious risks or provoking consequences through dangerous, foolish, or needlessly troublesome behavior.",asking for trouble,make death,playing chicken,YOLO,non-harmful,Experience
1978,train,耐撕,源自 nice 音译，表示“不错、很棒”，也带“撕”的双关趣味。,"It means something is “nice” or impressive, using a playful Chinese transliteration of the English word “nice” that also carries a punning hint of “tearing” for humorous effect.",nice,tear-resistant,Nice Guy syndrome,rip someone apart,non-harmful,Quotation
1979,train,潜力股,现在不一定出色，但未来很有发展前途的人或事物。,It describes someone or something that may not stand out right now but is seen as having strong future potential and likely to become much more successful or valuable over time.,a promising prospect,potential stock,blue-chip stock,sleeper hit,non-harmful,Stylistic device
1980,train,神曲,作曲优秀、传播广、影响大的音乐作品。,"A “god-tier song” is a widely loved and highly impressive piece of music, admired for its strong composition, broad popularity, and notable cultural impact.",iconic hit song,divine song,gospel hymn,earworm,non-harmful,Experience
1981,test,你是猴子请来的救兵吗,调侃对方搞笑、不靠谱或像来捣乱的帮手。,"It jokingly teases someone as a ridiculous, unreliable helper whose attempts to assist seem more like causing trouble than actually solving the problem.",are you here to help or to make things worse,are you reinforcements sent by the monkey,stop monkeying around,class clown,non-harmful,Quotation
1982,train,挖掘机技术哪家强,严肃话题后突然转折，用广告式口号制造幽默。,"It refers to an abrupt meme punchline that derails the topic, suddenly shifting from a serious discussion into a slogan-like advertising catchphrase for humorous contrast.",a sudden ad-slogan punchline,which excavator school is the strongest,Where's the beef?,changing the subject,non-harmful,Quotation
1983,train,雨露均沾,平等照顾各方，不偏袒某一方；也常带调侃意味。,"It means giving everyone equal attention or favor, treating all sides fairly without showing favoritism, often with a joking tone about spreading care, praise, benefits, or affection evenly among multiple people or groups.",spread the love evenly,rain and dew for all,equal opportunity employer,spread yourself thin,non-harmful,Experience
1984,train,剁手,自嘲控制不住购物欲，尤其是网购时疯狂买买买。,"It humorously describes compulsive online shopping, especially when someone cannot resist buying things online and jokingly blames themselves for repeatedly giving in to shopping urges.",compulsive online shopping,chop off my hands,Black Friday doorbuster,retail therapy,non-harmful,Stylistic device
1985,train,你值得拥有,鼓励或推荐某人应获得某物或体验。,"It is used to encourage or recommend that someone should have or experience something worthwhile, meaning they genuinely deserve something good and should feel entitled to enjoy it.",because you're worth it,you deserve to own it,you should have this good thing,treat yourself,non-harmful,Quotation
1986,train,让子弹飞一会儿,暂时不要下结论，先观察事情发展。,It means to avoid jumping to conclusions and wait and see how things develop before deciding what is really happening or how to respond.,wait and see how it plays out,let the bullet fly for a while,bite the bullet,jump the gun,non-harmful,Quotation
1987,train,又到了交配的季节,用自然纪录片式台词调侃恋爱、暧昧或春心萌动。,"This phrase jokingly frames romance, flirting, or romantic excitement as if a nature documentary narrator were announcing that the season for courtship and mating has arrived.",the mating season is upon us,the season for crossbreeding is here again,Groundhog Day is here again,cuffing season,non-harmful,Quotation
1988,train,装作四处看风景,装傻、回避话题或假装没听见。,"It means pretending not to notice something, acting unaware, or dodging the topic by behaving as if you are casually looking around instead of responding directly.",play dumb and dodge the topic,pretend to look at the scenery everywhere,touch grass,look over there,non-harmful,Quotation
1989,train,正义也许会迟到但绝不会缺席,相信正义最终会实现，即使来得很晚。,"It expresses the belief that justice will arrive eventually, even if delayed, emphasizing faith that wrongs will ultimately be corrected no matter how long the process takes.",justice delayed is not justice denied,justice is always punctual,with liberty and justice for all,the wheels of justice grind slowly,non-harmful,Experience
1990,test,只要推力大板砖也能飞上天,足够强的动力可以弥补设计或性能缺陷。,"It means that with enough power or force, even something badly designed or inefficient can still work, emphasizing that raw power can compensate for poor design.","with enough power, even bad design can work",a brick literally flying through the sky,throwing a brick to attract jade,overengineering the solution,non-harmful,Quotation
1991,train,经拿滚,回击水帖刷经验的人，意为“经验拿好赶紧滚”。,"A dismissive reply to someone posting low-effort content just to gain forum experience points, meaning they should take their XP reward and leave immediately.",take your XP and get out,take the experience and roll away,stop posting meaningless content for points,take my upvote and leave,harmful,Abbreviation
1992,train,人艰不拆,人生已经很艰难，不要再揭穿难堪真相。,"It means that life is already hard enough, so one should avoid exposing painful or embarrassing truths that would make someone feel even worse.",life is hard enough; don't expose the painful truth,"life is hard, do not dismantle it",don't air your dirty laundry,read the room,non-harmful,Abbreviation
1993,train,做人要厚道,劝人要善良、留余地、不要太过分。,"It means that people should be kind and decent to others, acting with generosity, restraint, and a sense of fairness instead of being harsh, excessive, or needlessly unforgiving.",be a decent human being,be a thick person,good fences make good neighbors,don't be a pushover,non-harmful,Quotation
1994,test,我想做个好人,表达悔改、想变好，也可用于自嘲。,"It expresses a desire to repent, improve oneself, or turn over a new leaf, often used sincerely but also self-deprecatingly when someone jokes about wanting to be a better person.",turn over a new leaf,I want to do a good person,May the Force be with me,I can fix him,non-harmful,Quotation
1995,train,你好骚啊,调侃某人行为大胆、出格、令人意外。,"A teasing remark directed at someone whose behavior is surprisingly bold, outrageous, or over-the-top, often implying playful shock rather than serious criticism.",you're so extra,you are so coquettish,How you doin'?,that's sus,harmful,Quotation
1996,train,棺材板压不住了,某事荒谬到让死去的人都“气活了”。,"Used when something is so absurd, offensive, or outrageous that even a dead person would be furious enough to rise from the grave in protest.",he would be rolling in his grave,the coffin plank is too weak,graveyard shift,dead inside,non-harmful,Stylistic device
1997,train,我和我的小伙伴们都惊呆了,表达极度震惊、难以置信。,"It means being extremely shocked and speechless, often used when someone encounters something so surprising or unbelievable that they and everyone around them are left stunned.",we were all completely stunned,my little buddies and I turned silly,"Houston, we have a problem",that's awkward,non-harmful,Quotation
1998,train,我的内心几乎是崩溃的,表达受到打击后的崩溃、无奈和震惊。,"It describes someone feeling mentally overwhelmed or near breakdown after being hit by bad news, pressure, or an unexpected setback, often mixing shock, helplessness, and emotional collapse.",I'm on the verge of a mental breakdown,my inner heart almost collapsed,this is fine,I can't even,non-harmful,Quotation
1999,train,然而早就看穿了一切,表示早已看透真相，不再惊讶。,"It means having seen through everything all along, recognizing the truth from the beginning and therefore no longer feeling surprised by what others are only just discovering.",I saw through it all along,"however, I looked through everything long ago",red pill moment,called it,non-harmful,Quotation
2000,train,求心理阴影面积,用幽默方式表达受到打击后的心理创伤程度。,"A humorous way to describe or exaggerate how emotionally damaged, shocked, or hurt someone feels after an upsetting, embarrassing, or discouraging experience.",emotional damage,calculate the area of psychological shadow,a shadow hanging over me,having a mental breakdown,non-harmful,Stylistic device
2001,train,喜提,高兴或讽刺地表示得到某物、遭遇某事。,"Used sincerely or sarcastically, it jokingly says that someone has just obtained something, often framing a new possession, outcome, or even an unwanted experience as if it were a cheerful acquisition.",achievement unlocked,happily pick up,just got something,flexing,non-harmful,Experience
2002,train,也是蛮拼的,表示非常努力，有时带讽刺意味。,"It describes someone as having tried extremely hard or gone to great lengths, often with admiration but sometimes used sarcastically to suggest the effort was excessive, awkward, or not entirely worthwhile.",they really went all out,also quite fighting hard,pull yourself up by your bootstraps,"no pain, no gain",non-harmful,Quotation
2003,train,品如的衣服,调侃言行、穿着过于奔放、张扬或“骚气”。,"Used to jokingly tease someone whose behavior, outfit, or overall style seems overly flashy, attention-seeking, bold, or suggestive in a deliberately exaggerated way.",looking extra flashy and suggestive,Pinru's clothes,dressed like a soap-opera character,that's sus,non-harmful,Quotation
2004,train,硬核,形容事物厉害、刚猛、酷炫或难度很高。,"This term describes something as intense, cool, tough, or highly difficult, often emphasizing that it feels powerful, uncompromising, impressive, or challenging in a striking way.",hardcore,hard core,hardcore punk,try-hard,non-harmful,Experience
2005,train,我信你个鬼哦你个糟老头子坏得很,表达不相信对方，调侃其在糊弄或骗人。,"It means bluntly refusing to believe someone’s nonsense, often in a joking or teasing way, because they seem to be fooling, tricking, or talking rubbish.","yeah, right","I believe your ghost, you bad old man",OK boomer,nice try,non-harmful,Quotation
2006,train,你是魔鬼吗,调侃对方行为离谱、狠毒、搞笑或出人意料。,"It jokingly calls someone evil or outrageous when their behavior seems absurdly harsh, unexpectedly funny, over-the-top, or so surprising that it feels playfully “devilish.”",you absolute monster,are you a demon,go touch grass,that's cursed,non-harmful,Quotation
2007,train,一个能打的都没有,嘲讽场上没有真正有能力或出色的人。,"It mockingly means that no one present has enough real skill, strength, or ability to be a serious competitor or worthy opponent.",no worthy opponents,not a single one can hit,bring a knife to a gunfight,skill issue,non-harmful,Quotation
2008,train,不抛弃不放弃,鼓励在困难中坚持到底，不放弃任何人或希望。,"It means refusing to abandon anyone or give up hope, encouraging people to persist through hardship and stand by others until the end.",leave no one behind and never give up,"no throwing away, no giving up",all for one and one for all,hang in there,non-harmful,Quotation
2009,train,元芳你怎么看,用于转移话题、互动或玩梗式征求看法。,"It is a meme-like way of asking someone for their take, often used playfully to invite an opinion, shift the topic, or create a joking moment of interaction.",What's your take?,"Yuanfang, how do you see it","Elementary, my dear Watson",asking for a friend,non-harmful,Quotation
2010,train,信息量很大,表示某句话或场景包含大量隐含信息，值得脑补。,"The phrase means that a statement or scene seems packed with implied details, suggesting there is a lot of hidden meaning to unpack and inviting people to read between the lines.",there’s a lot to unpack here,the information volume is huge,too much information,big brain moment,non-harmful,Experience
2011,test,乙女游戏,面向女性玩家、以男性角色和恋爱体验为卖点的游戏。,"A romance game targeted mainly at female players, typically centered on interacting with attractive male characters and experiencing story-driven romantic relationships as the core appeal.",otome game,maiden game,boys' love game,dating sim,non-harmful,Experience
2012,test,社会摇,网络流行的重复摆动身体的舞蹈形式。,"A viral dance with repetitive body shaking, often associated with internet videos where people rhythmically sway, bounce, or shake their bodies in a simple, exaggerated, and easily imitated style.",viral body-shaking dance,society shake,line dancing,shuffle dance,non-harmful,Experience
2013,train,质疑伍佰理解伍佰成为一千,从调侃歌手不唱，到理解并经历类似粉丝大合唱场面的梗。,"It means progressing from questioning or mocking someone’s behavior to finally understanding their situation through experience, and eventually becoming the same kind of person yourself.","I judged him, then I got it, then I became him","question Wu Bai, understand Wu Bai, become one thousand",went from mocking it to fully understanding it,character development,non-harmful,Experience
2014,train,亚洲蹲,亚洲人常见的深蹲姿势，双脚完全着地。,"The term refers to the deep squat often associated with Asian posture habits, where a person squats low with both feet flat on the ground, seen as a familiar resting or everyday posture.",Asian squat,Asian crouch,Slav squat,wall sit,non-harmful,Experience
2015,train,腰斩,作品或计划中途被迫停播、缩减或提前结束。,"It describes a series, creative work, or planned project being forced to stop, shrink, or end ahead of schedule, effectively being cut short prematurely before its intended completion.",was cut short,cut at the waist,jumped the shark,put on hiatus,non-harmful,Stylistic device
2016,train,泡面番,单集很短、差不多泡面时间就能看完的动画。,"It refers to very short anime episodes lasting only a few minutes, roughly the time it takes to prepare instant noodles, making them quick and easy to watch in one sitting.",short-form anime,instant noodle anime,Saturday morning cartoon,binge-watch anime,non-harmful,Stylistic device
2017,train,我想静静,表达想冷静一下，也可借“静静”作为人名玩梗。,"It means someone is frustrated or overwhelmed and wants a quiet moment to calm down, often phrased as if they simply want to be alone with “Jingjing” as a playful name-based joke.",I need a minute,I want Jingjing,Keep calm and carry on,I'm rage-quitting,non-harmful,Experience
2018,train,我好菜啊,自嘲自己能力弱、水平差，也可用于调侃。,"It is a self-deprecating way to admit that one is bad at something, lacks skill, or performed poorly, often said jokingly after making mistakes or failing at a task.",I'm trash at this,I am so vegetable,I'm a couch potato,That was a rookie mistake,non-harmful,Slang
2019,test,我今天吃药的时候看到一个新闻,用“吃药”埋伏笔，测试对方是否关心自己。,"This phrase means burying the real concern inside a casual statement, casually mentioning something like taking medicine to see whether the other person notices, asks about it, and shows genuine concern.",mentioning medicine as bait to see if they care,I saw news while taking medicine today,burying the lede,clickbait,non-harmful,Experience
2020,test,我给你一次重新组织语言的机会,对对方说法不满，半开玩笑地要求其重新表述。,"This phrase is a half-joking way to show dissatisfaction with what someone just said, giving them a chance to rephrase after saying something wrong or inappropriate.",I'll give you a chance to rephrase that,I give you one chance to reorganize language,say that again more carefully,watch your mouth,non-harmful,Experience
2021,train,请允许我做一个悲伤的表情,表面表示同情，实际带嬉笑、嘲讽或自黑意味。,"It means offering exaggerated or performative sympathy while clearly trying not to laugh, often with a teasing, mocking, or self-deprecating tone rather than genuine sadness.",mock sympathy,let me put on a sad face,pour one out,sad reacts only,non-harmful,Experience
2022,train,怎么办我也很绝望啊,面对无能为力的情况时表达无奈、绝望和自嘲。,"“I am helpless and desperate too” is used to express resignation, despair, and self-mocking frustration when facing a situation where nothing can really be done.",What can I do? I feel helpless and desperate too.,"how should I do, I am very hopeless too","Houston, we have a problem",I can’t even,non-harmful,Experience
2023,train,这tm是人干的事吗,对荒谬、过分或不可接受的事情表示强烈吐槽。,"Used to strongly vent disbelief or outrage at something absurd, excessive, or unacceptable, as if asking how any reasonable person could possibly do such a thing.",what kind of monster does this,is this something a human does,this is completely unacceptable,are you kidding me,non-harmful,Experience
2024,train,人与人之间最基本的信任在哪里,对缺乏信任或被欺骗的情况表示无奈和调侃。,"A joking complaint about broken trust, used to express helplessness or mock frustration when someone feels trust is missing, has been violated, or they have been tricked.",where’s the trust,where do people keep their basic trust,trust fall,I have trust issues,non-harmful,Quotation
2025,train,你妈喊你回家吃饭,用来打断或调侃某人正在做的无意义、荒谬行为。,"It jokingly tells someone to stop messing around with something pointless or absurd and go home, as if their mother is calling them back for dinner.",your mom called; dinner's ready,your mom cooked dinner at home,pics or it didn't happen,touch grass,non-harmful,Quotation
2026,train,你们城里人真会玩,对复杂、新奇或难以理解的行为表示惊讶和吐槽。,"It is a teasing remark aimed at people doing something weird, overly elaborate, novel, or hard to understand, expressing amused surprise and mild mockery at behavior that feels unnecessarily complicated or strange.",you city folks sure are wild,you city people really know how to play,that is too strange for me to understand,first-world problems,non-harmful,Experience
2027,train,你行你上啊,用“你厉害你来做”反驳批评者。,"Used to push back against criticism by saying that if someone believes they can do better, they should step up and do it themselves instead of just judging from the sidelines.","if you're so good, do it yourself","if you can, go up there",haters gonna hate,everyone's a critic,non-harmful,Experience
2028,train,你知道的太多了,调侃某人知道太多内幕或秘密，可能“危险”。,"Used jokingly to suggest that someone has learned too many secrets, inside details, or sensitive information, playfully implying that knowing so much could put them in trouble.",you know too much,you know many things,loose lips sink ships,spoiler alert,non-harmful,Experience
2029,train,是一种什么样的体验,用知乎式提问格式征集某种经历的感受。,"It is a Zhihu-style question format used to ask people what it feels like to experience a particular situation, event, identity, or condition.",what’s it like to,what kind of experience is it,Quora Digest,AMA,non-harmful,Quotation
2030,train,这不科学,表示某事违背常识、令人难以置信。,"This phrase is used to say that something makes no sense, defies logic, or feels so unbelievable that it seems to go against common sense.",that makes no sense,this is not scientific,"science, bitch",I can't even,non-harmful,Quotation
2031,train,在xx的边缘试探,形容在危险、违规或后果不佳的边界上反复挑衅。,"“Testing the boundary of trouble or danger” describes repeatedly pushing close to a risky, forbidden, or problematic line, provoking consequences while not yet fully crossing into obvious trouble.",testing the limits,testing at the edge of XX,walking on eggshells,testing the waters,non-harmful,Quotation
2032,train,这是一道送分题,形容问题非常简单，答案显而易见。,"This phrase refers to an extremely easy question where the answer is obvious, as if it were practically giving points away to anyone who sees it.",a softball question,a score-giving question,a participation trophy,a trick question,non-harmful,Quotation
2033,train,有钱就是任性,调侃有钱人做事随心所欲、不受限制。,"This phrase jokingly suggests that rich people can do whatever they want, acting freely and impulsively because their money lets them ignore normal limits or consequences.",money lets you do whatever you want,having money means being willful,rich people problems,money talks,non-harmful,Experience
2034,test,你制杖吗不我贩剑,谐音骂人梗，源自“你智障吗？不，我犯贱”。,"A pun-based self-mocking insult that twists a hostile question about being stupid into a deliberately absurd reply, implying the speaker is not merely foolish but knowingly acting in a ridiculous or self-degrading way.","are you dumb? no, I’m just asking for it","do you make staffs? no, I sell swords","are you stupid? no, I am being cheap",weaponized stupidity,harmful,Homophonic pun
2035,train,你们感受一下,邀请别人感受、评价某个观点、图片或场景。,"Used to invite others to take in a viewpoint, image, scene, or situation for themselves and judge or react to it based on their own impression.",take a look and judge for yourselves,you all feel it a bit,pics or it didn't happen,vibe check,non-harmful,Experience
2036,train,有件事说出来你可能不信,引出荒诞、离谱或难以置信的事情。,"This phrase is used to preface a story, claim, or situation that sounds so unbelievable, absurd, or outrageous that the listener may doubt it even though it is being presented as true.",you're not gonna believe this,I have an object you might not believe in,pics or it didn't happen,long story short,non-harmful,Experience
2037,test,一脸懵逼,面对震惊或难以理解的事情时一脸茫然。,"It describes someone looking completely confused and stunned when faced with something shocking, unexpected, or too hard to understand, with a blank expression that shows they have no idea what is happening.",look completely baffled and stunned,a whole face of numbness,resting bitch face,brain freeze,non-harmful,Slang
2038,train,虐妻一时爽追妻火葬场,男主先伤害女主，后来后悔并艰难挽回。,"A romance trope where the male lead mistreats or hurts the heroine at first, then deeply regrets it and suffers through a difficult, often humiliating pursuit to win her back.",grovel arc,"abusing wife feels good for a while, chasing wife is a crematorium",regret after hurting the romantic partner,enemies to lovers,non-harmful,Experience
2039,train,种田文,通过经营、建设、积累资源逐渐发展的小说类型。,"A genre of slow-building fiction centered on gradual development through management, construction, and resource accumulation, where progress comes from steady growth rather than sudden dramatic breakthroughs.",resource-management progression fiction,farming novel,frontier homesteading Western,cozy fantasy,non-harmful,Experience
2040,train,你在大声什么啦,调侃明明心虚却还用大声掩饰。,"This phrase teases someone who raises their voice to cover up feeling guilty or insecure, implying that their loudness is an obvious attempt to hide a lack of confidence.",getting loud to cover your guilt,what are you shouting about,all bark and no bite,calm down,non-harmful,Quotation
2041,test,你咋不上天呢,嘲讽某人过分、夸张、不切实际或太离谱。,"It is used to mock someone for being absurdly over the top, implying that their behavior, demands, or claims are so exaggerated and unrealistic that they are almost ridiculous.",why not ask for the moon while you’re at it?,why don’t you fly up to the sky,"Houston, we have a problem",shoot for the stars,non-harmful,Slang
2042,train,你心里没点b数吗,吐槽对方没有自知之明，明知却装糊涂。,"Used to call someone out for lacking self-awareness, especially when they should clearly understand their own flaws, limits, or situation but act ignorant or pretend not to know.",do you have zero self-awareness,don’t you have a number B in your heart,you should know better than that,read the room,harmful,Slang
2043,test,韦一敏,因断句、标点或文字误解造成的搞笑误会。,"A joke caused by ambiguous punctuation or wording, where unclear sentence breaks, marks, or phrasing lead someone to misread the text and create an unintentionally funny misunderstanding.",punctuation-induced misreading,Wei Yimin,Oxford comma debate,lost in translation,non-harmful,Quotation
2044,train,报复社会,故意发布恶搞、重口味或深夜美食内容来“伤害”别人。,"It means deliberately posting annoying, gross, prankish, or late-night food content to bother, disgust, or tempt other people for fun, as a way of playfully “getting back” at everyone online.",posting to make everyone suffer for fun,take revenge on society,cancel culture,rage bait,non-harmful,Stylistic device
2045,train,彪悍的人生不需要解释,用于调侃特别另类、自信或难以理解的行为。,"A bold and outrageous life needs no explanation, used jokingly to describe behavior that is extremely unconventional, overconfident, or hard for others to understand but carried out with unapologetic confidence.","bold, outrageous behavior needs no explanation",a burly life needs no footnotes,pics or it didn't happen,main character energy,non-harmful,Quotation
2046,train,朋友圈友谊,只存在于社交平台互动中的浅层关系。,"A friendship that exists mostly through social media likes and comments, describing a shallow connection maintained through online interactions rather than deeper real-life closeness or meaningful personal support.",social-media-only friendship,friend-circle friendship,LinkedIn networking,parasocial relationship,non-harmful,Experience
2047,train,乌鸦坐飞机,调侃某种夸张姿势、骚操作或搞笑动作。,"It refers to a funny or exaggerated pose/action meme, used to jokingly describe an over-the-top stance, awkward move, or absurdly flashy action that looks intentionally dramatic or comical.",a funny over-the-top pose or action,a crow sitting on an airplane,the crane kick,a parkour stunt,non-harmful,Quotation
2048,train,内容引起舒适,表示对内容非常满意、看着很舒服。,"The phrase describes content that feels satisfying to watch or read, especially because it is pleasing, well-matched to expectations, or gives the viewer or reader a comfortable sense of enjoyment.",this content is very satisfying to watch or read,content causes comfort,Netflix and chill,comfort food,non-harmful,Experience
2049,test,你摊上事了,表示对方惹上麻烦了。,It is used to tell someone that they have gotten themselves into trouble and now have to face the consequences of what they did.,you’re in trouble now,you have spread a thing on yourself,caught red-handed,plot twist,non-harmful,Quotation
2050,train,你说气人不,用夸张语气表达不满、炫耀或调侃。,"Used in an exaggerated, teasing tone to jokingly ask whether a situation is irritating or unfair, often while complaining, showing off, or playfully provoking others.",Tell me that isn't infuriating,you say angry or not,sour grapes,you mad bro?,non-harmful,Quotation
2051,train,秋名山车神,指车技高超的人，也可指网络“老司机”。,"A person described this way is seen as someone with legendary driving or racing skill, often implying exceptional control, speed, confidence, and a reputation for outperforming others behind the wheel.",legendary street racer,Mount Akina car god,Tokyo Drift fanboy,speed demon,non-harmful,Quotation
2052,train,法院见,表示某事太好笑，要夸张地“追责”。,"Used jokingly to say that something was so funny it caused an exaggerated “harm,” as if the speaker might take the person responsible to court for making them laugh too hard.",I’m suing for emotional damages,see you at court,this made me laugh too much,I’m dead,non-harmful,Experience
2053,test,要恰饭的嘛,为了生计而不得不做某事的自嘲说法。,"It is a self-deprecating way to say someone is doing something because they need to earn money and make a living, even if the action is awkward, compromising, or not entirely voluntary.",gotta pay the bills,need to eat rice,bread and circuses,hustle culture,non-harmful,Quotation
2054,train,愚蠢的欧多多,用日语空耳调侃“愚蠢的弟弟”。,"A playful mock-Japanese phrase used to tease someone by calling them a foolish little brother, often in a joking or exaggeratedly dramatic tone.",foolish otouto,foolish Ododo,silly senpai,baka,harmful,Homophonic pun
2055,train,我是自愿上班的,反讽自己被迫上班、心不甘情不愿。,"It sarcastically claims that one is totally willing to work, while actually expressing reluctance, resignation, or the feeling of being forced to go to work despite not wanting to.","Sure, I’m totally working by choice",I voluntarily go to work,Thank God it’s Friday,work-life balance,non-harmful,Experience
2056,train,你别是个傻子吧,表面疑问，实际吐槽对方很傻或言行幼稚。,"It is a sarcastic rhetorical jab used to call someone stupid or childish, implying that their words or behavior are so foolish that the speaker is mockingly questioning their intelligence.",are you stupid or something,you'd better not be a fool,OK boomer,skill issue,harmful,Experience
2057,test,你算哪块小饼干,“你算什么东西”的可爱、玩笑化表达。,"A cute, playful way to say “who do you think you are,” softening a dismissive challenge into a teasing or joking remark rather than a harsh insult.",who do you think you are,which little cookie are you,who are you to say that,main character energy,non-harmful,Quotation
2058,train,你若安好便是晴天,表达只要对方安好，自己就感到幸福或安心。,"It means that as long as the other person is safe and doing well, the speaker feels happy, at peace, and as if everything in life has become brighter.","as long as you're safe and well, I'm at peace","if you are fine, it is sunny",every cloud has a silver lining,good vibes only,non-harmful,Quotation
2059,test,一家人最重要的是整整齐齐,讽刺一家人一起遭遇相同坏结果或共同翻车。,"It jokingly means that everyone in the family ends up sharing the same fate, usually used sarcastically when they all suffer the same bad outcome or fail together.",the whole family went down together,the most important thing for a family is being neat and complete,ohana means family,family goals,non-harmful,Quotation
2060,train,人类的本质是鸽子,调侃人们总是爽约、放鸽子。,"This meme jokingly means that people are naturally prone to canceling plans, breaking promises, or failing to show up, so humans are basically unreliable flakes.",humans are flakes,the essence of humans is pigeons,birds of a feather flock together,people are bad at making plans,non-harmful,Experience
2061,train,这世界车水马龙,含蓄表达喜欢或爱慕，类似“今晚月色真美”。,"This phrase functions as a subtle romantic confession, indirectly expressing affection or admiration through poetic imagery instead of openly saying “I like you” or “I love you.”","the moon is beautiful, isn’t it",this world is bustling with traffic,stop and smell the roses,I have a crush on you,non-harmful,Stylistic device
2062,test,小猪佩奇社会人,用小猪佩奇和“社会人”的反差制造幽默。,"Peppa Pig is humorously treated as a “gangsta” or tough social symbol, with the joke coming from the contrast between a cute children’s cartoon character and an exaggerated streetwise image.",Peppa Pig gangsta,Peppa Pig social person,Hello Kitty biker rebel,wannabe tough guy,non-harmful,Experience
2063,train,软饭硬吃,理直气壮地接受伴侣或配偶的经济支持。,"It means confidently and unapologetically living off a partner’s financial support, treating that dependence as justified rather than embarrassing or shameful.",unapologetically living off a partner,eat soft rice the hard way,pull yourself up by your bootstraps,gold digger,harmful,Experience
2064,train,你在微博买房了吗,调侃某人频繁出现在某个平台，像在那里定居。,"It jokingly asks whether someone has “bought a house” on a platform, teasing them for always being there as if they had settled in permanently.",do you live on Weibo,did you purchase an apartment through Weibo,are you the mayor of Foursquare,terminally online,non-harmful,Stylistic device
2065,train,人设崩塌,长期营造的公众形象被现实反差摧毁。,"It describes a situation where someone’s carefully built public persona falls apart after their real behavior, flaws, or contradictions sharply conflict with the image they had long maintained.",one's public persona falls apart,character setting collapsed,losing face,getting canceled,non-harmful,Experience
2066,train,全裸待机,迫不及待地等待某事发生，表示极大期待。,"It means waiting with extreme anticipation for something to happen, conveying an eager, almost impatient readiness as if one is fully prepared and can hardly stand the delay.",waiting with bated breath,waiting completely naked,in your birthday suit,shut up and take my money,non-harmful,Stylistic device
2067,train,我们白着呢,强调自己或他人皮肤白皙，常带傲娇或夸赞意味。,"It is a proud or playfully admiring way to say that oneself or someone else has very fair, pale skin, often with a slightly smug or affectionate tone.",fair-skinned and proud,we are white indeed,white privilege,glowing skin,non-harmful,Quotation
2068,train,人生的走马灯,极端体验下仿佛人生快速闪过眼前。,"It describes the sensation, usually during an extreme or frightening experience, of feeling as if one’s life flashes before one’s eyes in a rapid sequence of memories.",my life flashed before my eyes,the revolving lantern of life,an intense near-death-like feeling,core memory unlocked,non-harmful,Experience
2069,train,社会的毒打,被现实教训，认清社会残酷。,"It means receiving a harsh lesson from reality, where someone is forced by difficult experiences to recognize how unforgiving, competitive, or cruel society can be.",a harsh lesson from the real world,society’s poisonous beating,drinking the Kool-Aid,tough love,non-harmful,Experience
2070,test,且行且珍惜,一边前进，一边珍惜当下和已有关系。,It means to keep moving forward in life while appreciating the present moment and valuing the relationships and things one already has.,keep moving forward while cherishing what you have,walk and cherish as you go,the journey is the destination,count your blessings,non-harmful,Quotation
2071,train,富贵色,显眼、富丽、像会员特权一样的大红大紫大绿。,"It refers to flashy privileged-looking colors, especially loud reds, purples, and greens that look ornate, conspicuous, and like they belong to some premium membership or VIP-only treatment.",flashy VIP-looking colors,rich-and-noble color,royal blue palette,neon aesthetic,non-harmful,Experience
2072,train,走花路,表示祝福前程美好、走向成功。,"It is used to wish someone a bright and successful future, expressing the hope that their path ahead will be smooth, promising, and filled with good opportunities.",may you have a bright and successful future,walk on a flower road,stop and smell the roses,good vibes only,non-harmful,Quotation
2073,test,全靠同行衬托,本身不算出色，但因同行更差而显得优秀。,"It means someone or something appears impressive not because they are truly outstanding, but because the surrounding competitors or peers are noticeably worse by comparison.",looks good only because the competition is worse,all by peer endorsement,a rising tide lifts all boats,damning with faint praise,non-harmful,Quotation
2074,train,一刀建林流泪,形容切糕等东西贵到离谱，一刀下去富豪也心疼。,"Used to describe something, often a food sold by the slice, being so outrageously expensive that even a billionaire would feel the pain and cry after one cut or purchase.",so expensive even a billionaire would cry after one slice,one cut makes Jianlin cry,the avocado toast tax,you get what you pay for,non-harmful,Experience
2075,train,一开始我是拒绝的,最初不同意或不情愿，后来态度发生变化。,"It means being reluctant or unwilling at first, but later changing one’s attitude and eventually accepting or going along with the situation.","I was reluctant at first, but came around",I refused at the beginning,just say no,hard pass,non-harmful,Quotation
2076,test,小老弟,对年轻、弱小或经验不足者的调侃称呼。,"It teasingly refers to someone as a younger, weaker, or less experienced guy, often with a slightly patronizing or joking tone toward their ability, status, or maturity.",little bro,little old brother,old sport,rookie mistake,non-harmful,Slang
2077,train,难顶,表示情况很难承受、很难熬。,"It describes a situation, feeling, or pressure that is too hard to handle or endure, often implying that someone is struggling to bear it or get through it.",too much to handle,hard to top,first-world problems,hard mode,non-harmful,Slang
2078,train,地铁老头看手机,表达看到离谱内容时的困惑、反感或无语。,"It describes the confused, disgusted, and speechless reaction someone has when seeing bizarre, absurd, or unpleasant content online, as if staring at a phone in disbelief.",WTF did I just read?,an old man looking at his phone on the subway,OK boomer,confused Pikachu face,non-harmful,Quotation
2079,train,阿瓦达砍大瓜,对“阿瓦达索命”的空耳恶搞。,"This meme is a playful phonetic spoof of “Avada Kedavra,” treating the Harry Potter killing curse as a silly misheard phrase for humorous effect.",butchered Avada Kedavra,Avada cuts a big melon,Expelliarmus fan chant,Harry Potter spell check,non-harmful,Homophonic pun
2080,train,play的一环,某个计划、游戏或任务中的一个环节或配合角色。,"It refers to one part or role within a broader plan, game, task, or coordinated play, emphasizing that the action or person functions as a single link in a larger strategy.",one part of the overall play,one loop of play,the whole nine yards,a side quest,non-harmful,Experience
2081,train,嘴上都是主义心里全是生意,表面讲主义和正义，内心只关心利益。,"It describes someone who publicly preaches ideals, justice, or noble principles, while privately caring mainly about business interests, personal gain, or profit.",preaching ideals while chasing profit,"talking business with your mouth, believing ideology in your heart",champagne socialism,performative activism,non-harmful,Quotation
2082,train,道友请留步,试图挽留并忽悠别人加入某计划或组织。,"It means suspiciously stopping someone who is about to leave and trying to persuade or trick them into joining a plan, group, or scheme.",a shady attempt to stop and recruit someone,"fellow Daoist, please stay",May the Force be with you,don't leave yet,non-harmful,Quotation
2083,train,新手村,游戏中新玩家开始学习和熟悉规则的区域。,"The beginner area where new players start, used to describe the initial, low-pressure place or stage where someone learns the basic rules before moving on to harder challenges.",starter zone,freshman village,boot camp,tutorial hell,non-harmful,Experience
2084,test,恰烂钱,为了利益赚取不道德或有损良心的钱。,"It refers to making unethical money for profit, especially by doing something morally questionable, exploitative, or conscience-damaging simply because it brings financial benefit.",selling out for dirty money,eat rotten money,money laundering,cash grab,non-harmful,Experience
2085,test,羞耻play,通过制造羞耻感来进行心理惩罚、调侃或控制。,"This refers to using embarrassment deliberately as part of teasing, psychological punishment, or control, making someone feel awkward or ashamed for playful, mocking, or manipulative effect.",humiliation play,shame play,walk of shame,cringe comedy,non-harmful,Experience
2086,train,子弹滞销,调侃某人因敏感言论或行为可能遭到惩罚。,Used jokingly to suggest that someone may get punished for making a risky or politically sensitive remark or doing something that could attract official trouble.,that could get you in trouble,bullets are not selling well,cancel culture is coming for you,shots fired,non-harmful,Stylistic device
2087,train,众筹出书,赞美某人发言精彩，调侃可以整理成书。,"It is a playful way to praise someone’s remarks as book-worthy, suggesting their comments are so sharp, funny, or insightful that people could crowdfund publishing them as a book.",this belongs in a book,crowdfund a book,publish or perish,shut up and take my money,non-harmful,Stylistic device
2088,train,何方道友在此渡劫,看到打雷场景时，用仙侠“渡劫”设定来调侃。,"Used when seeing thunder or lightning, this meme jokingly frames the scene as if some cultivator nearby is undergoing a heavenly tribulation.",which cultivator is undergoing heavenly tribulation here,which Daoist friend is ferrying a disaster here,Zeus must be throwing lightning bolts,Thor is angry,non-harmful,Stylistic device
2089,train,群众里有坏人,调侃犯错后把责任推给他人或环境。,"This meme jokingly describes someone who, after making a mistake, shifts the blame onto other people or the surrounding situation instead of admitting their own fault.",pass the buck,there are bad people among the masses,a few bad apples,own up to your mistake,non-harmful,Quotation
2090,train,神经病啊我不要面子啊,遇到丢脸或离谱情况时的无奈吐槽。,"A joking complaint used when facing an absurd or embarrassing situation, expressing helpless annoyance as if saying the situation is making them lose face.",have some respect for my dignity,"are you crazy, do I not need face",this is embarrassing for me,I can’t even,non-harmful,Quotation
2091,test,游泳健身了解一下,委婉调侃某人该运动或减肥。,"A teasing, indirect way to suggest that someone could use some exercise or weight loss, phrased like a casual sales pitch for swimming or gym membership.",Can I interest you in a gym membership?,"swimming and fitness, learn about it",do you even lift?,touch grass,non-harmful,Quotation
2092,train,我秦始皇打钱,讽刺假冒名人、编造离奇故事骗钱的网络骗局。,It mocks an obviously fake money scam where someone pretends to be a famous or extraordinary figure and invents an absurd story to trick people into sending money.,Nigerian prince scam,I am Qin Shi Huang paying money,Ponzi scheme,catfishing for romance,non-harmful,Experience
2093,train,秋水誓,调侃式发誓手势，被当作“真爱标准”。,"A meme oath gesture for joking sincerity, used playfully to swear something is true or heartfelt and often treated online as a humorous standard for proving “true love.”",a joking meme oath gesture to prove true love,autumn-water oath,pinky promise,a dramatic romantic vow,non-harmful,Quotation
2094,train,敲黑板划重点,提醒接下来的内容很重要，需要注意。,"Used to call attention to what follows, as if highlighting a key point in class, meaning that the next information is important and should be noticed carefully.","Heads up, this is important",knock on the blackboard and underline the key points,write it on the chalkboard,FYI,non-harmful,Experience
2095,train,细软跑,发表敏感言论后，调侃赶紧收拾贵重物品跑路。,"A joking phrase used after someone makes a politically or socially risky comment, implying they should quickly pack their valuables and run away before facing possible consequences.",pack your valuables and run,fine-soft run,pull a Snowden,delete your post quickly,non-harmful,Abbreviation
2096,test,请允悲,假装同情，实际带调侃或忍笑意味。,"It expresses mock sympathy while trying not to laugh, often pretending to console someone while actually teasing them or finding their misfortune funny.",mock sympathy while trying not to laugh,please allow me to be sad,sending sincere condolences,sad reacts only,non-harmful,Abbreviation
2097,test,整容般演技,演技好到改变观众对演员外貌或角色的看法。,"Acting so good it transforms the actor’s appeal, making viewers see the performer’s looks, charm, or role in a completely different and often much more attractive light.",acting so good it changes how viewers see the actor,acting like plastic surgery,Hollywood makeover montage,glow-up,non-harmful,Stylistic device
2098,train,劈个叉都是爱你的形状,调侃无论做什么都能被解释成“爱你的形状”。,"It jokingly means that even a random action, such as doing a split, can be exaggerated or interpreted as “the shape of loving you,” turning anything into a playful sign of affection.",anything can be spun as a sign of loving you,the split is a heart shape,heart hands,everything reminds me of you,non-harmful,Experience
2099,train,九头蛇万岁,九头蛇组织口号，用于识别成员或玩梗式效忠。,"“Long live Hydra” is the iconic Hydra loyalty slogan, used to signal allegiance to the organization or jokingly role-play as a loyal member in meme contexts.",Hail Hydra,long live the nine-headed snake,a slogan of secret allegiance,secret society vibes,non-harmful,Quotation
2100,train,删了让我说,表示自己的想法被别人抢先说了。,"Used when joking that someone stole your comment idea by saying exactly what you were about to say first, leaving you with nothing original to add.",you beat me to it,delete it and let me say it,"first come, first served",I have nothing to add,non-harmful,Experience
2101,train,文化祭,日式校园文化节，常见于 ACG 校园情节。,"A Japanese-style school cultural festival, often seen in anime, comics, and games as a campus event where students run performances, food stalls, exhibits, or class activities.",Japanese school festival,culture sacrifice ritual,Renaissance fair,prom night,non-harmful,Experience
2102,train,OOC,同人或改编中角色行为偏离原作设定。,"“OOC” means acting out of character, usually when a character in fan works or adaptations behaves in ways that conflict with their established personality, motivations, or canon portrayal.",out of character (OOC),out of context,Mary Sue,canon divergence,non-harmful,Abbreviation
2103,train,亲儿子,ACG/游戏中被作者或官方明显偏爱的角色。,"A character favored by the creator or developers is one who receives obvious preferential treatment in a work, game, or franchise, often getting stronger abilities, better story focus, or more support than other characters.",creator’s pet,biological son,nepo baby,plot armor,non-harmful,Stylistic device
2104,train,绅士,特指表面谈吐体面、举止克制，私下热衷于擦边、猎奇、色向内容，带有隐秘特殊癖好的爱好者,"An ironic ACG fandom term for someone who appears refined and restrained in public but privately enjoys suggestive, fetishistic, bizarre, or erotic content, essentially a “cultured pervert.”",cultured pervert,gentleman,white knight,horny on main,non-harmful,Quotation
2105,train,你为什么不问问神奇海螺呢,调侃对方不愿自己找答案，表示不想回答。,"This phrase jokingly tells someone to consult a magical source instead, teasing them for asking others a question they could have looked up or figured out themselves.",why don’t you ask the Magic Conch,why don’t you ask the magic sea snail,go find the answer yourself,Google it,non-harmful,Quotation
2106,train,求你做个人,吐槽或规劝对方不要太恶意、太离谱。,"It means begging someone to act like a decent person, usually as a complaint or warning when their behavior feels too malicious, outrageous, unreasonable, or lacking basic consideration.",please be a decent human being,I beg you to become a person,who hurt you?,calm down,non-harmful,Experience
2107,train,你大爷永远是你大爷,表示对方实力、地位不可动摇，仍然很强。,"It is used to praise someone as still powerful and untouchable, emphasizing that their strength, status, or authority remains unshaken no matter how much time passes or others try to challenge them.",the boss is still the boss,your uncle will always be your uncle,the old master is still strong,OK boomer,non-harmful,Quotation
2108,train,我不尴尬尴尬的就是别人,只要自己不觉得尴尬，尴尬的就是别人。,"It means refusing to feel embarrassed yourself, acting as if nothing is awkward, and thereby making the discomfort fall on other people instead.","I’m not embarrassed, you’re embarrassed",awkwardness belongs to other people,fake it till you make it,secondhand embarrassment,non-harmful,Experience
2109,train,算了不骂人,自我安慰，不和让人生气的人或事计较。,"It means calming oneself down instead of insulting someone, choosing to let go of anger and not argue with or dwell on an irritating person or situation.",I’ll let it go instead of insulting them,"calculate it, don’t curse",bless your heart,I need to vent,non-harmful,Experience
2110,train,秀住了,夸赞某人操作、表现很精彩，也可反讽。,"It is used to praise someone for an impressive, skillful, or unexpectedly brilliant performance, often suggesting that their move or display was so good it left others amazed.",you popped off,got shown and frozen,break a leg,stop showing off,non-harmful,Experience
2111,train,人血馒头,讽刺利用他人悲剧、不幸来牟利或博关注。,"It refers to cynically exploiting another person’s tragedy or misfortune for personal gain, attention, traffic, or profit, especially by turning someone else’s suffering into a tool for benefit.",exploiting someone else's tragedy for clout or profit,human-blood steamed bun,blood libel,clout chasing,non-harmful,Stylistic device
2112,train,停靠在八楼的二路汽车,刀郎歌词梗，指乌鲁木齐“八楼”站相关文化记忆。,"A lyric-based cultural reference to Urumqi’s Balou bus stop, evoking shared memories tied to Dao Lang’s song and the local image of a Route 2 bus stopping at Balou.",the No. 2 bus stopping at Balou,the No. 2 bus stopping on the eighth floor,a song lyric place reference,bus stop nostalgia,non-harmful,Quotation
2113,train,和善的眼神,反讽看起来阴森、威胁或充满敌意的眼神。,"It refers to an ironically “kind” but actually threatening look, used sarcastically to describe eyes or a stare that seem sinister, hostile, or intimidating rather than genuinely friendly.",death glare,a kind gaze,smiling eyes,side-eye,non-harmful,Quotation
2114,test,笑容逐渐缺德,幸灾乐祸、恶作剧得逞或笑得很坏。,"It describes a smile that gradually shifts from ordinary amusement into a mischievous, wicked, or gloating expression, often when someone enjoys another person’s misfortune or a prank has succeeded.",evil grin intensifies,the smile gradually loses virtue,a mischievous smile appears,evil laugh,non-harmful,Experience
2115,train,猥琐发育别浪,劝人低调积累实力，不要冒进或炫耀。,"It advises someone to play safe, build strength quietly over time, and don’t get reckless by rushing ahead, showing off, or taking unnecessary risks before they are ready.",play safe and scale,develop sneakily and don’t wave,stay low and avoid risky moves,don’t feed,non-harmful,Experience
2116,test,你膨胀了,调侃对方因一点成绩而自大。,"This phrase is used to tease someone for getting cocky after a small success, implying they have become overly self-important or inflated with pride.",you’re getting cocky,you have expanded,you drank the Kool-Aid,you got lucky once,non-harmful,Stylistic device
2117,train,膨胀,得意、自满，也可自嘲。,"It means getting cocky or full of oneself, often because things are going well, and can also be used jokingly to mock one’s own overconfidence or inflated sense of importance.",getting a big head,expansion,drinking the Kool-Aid,humblebragging,non-harmful,Stylistic device
2118,train,清华北大选一个,夸张称赞某人很有才华，前途很好。,It jokingly praises someone as so talented and promising that they could casually choose between the most prestigious universities.,"Harvard or MIT, take your pick",choose Tsinghua or Peking University,an Ivy League dropout,big brain moment,non-harmful,Stylistic device
2119,test,我怀疑你在偷窥我的生活,对方描述过于准确，像是在窥视自己的生活。,This phrase expresses feeling personally exposed when someone’s description is so accurate and relatable that it seems as if they have been secretly watching your own life.,I feel seen,I suspect you are peeping at my life,you described my life too accurately,called out,non-harmful,Experience
2120,train,你是不是在我家装了监控,对方说中自己现状，像装了监控一样。,It is a joking way to say that someone has described your current situation so accurately that it feels as if they secretly know everything about your life.,How did you know exactly what I'm going through,Did you install a home security system at my place,Big Brother is watching you,Are you stalking me,non-harmful,Experience
2121,train,钱不钱的无所谓,表面说不在乎钱，实际很在意钱。,"It describes someone claiming that money is not important or that they do not care about it, while in reality being very concerned with money and strongly motivated by financial gain.","It’s not about the money—yeah, right","money or no money, it does not matter",show me the money,money can’t buy happiness,non-harmful,Experience
2122,test,寿命论,不同寿命角色之间的悲伤情节设定。,"A tragic romance or bond between characters with different lifespans, emphasizing the sadness and inevitability of separation when one character will age, die, or disappear much sooner than the other.",tragic different-lifespan romance,lifespan theory,May-December romance,doomed romance,non-harmful,Experience
2123,train,Aji人,沉迷氪金抽卡、投入大量时间金钱却常无收获的玩家。,"An Aji person is a gacha-addicted player who keeps spending money and pulling for rewards, often investing huge amounts of time and cash while getting little or nothing worthwhile in return.",gacha addict,Aji person,anime fanboy,completionist,non-harmful,Homophonic pun
2124,test,卧槽无情,表达惊讶、愤怒、疑惑或调侃“太狠了”。,"Used to react when something feels unexpectedly harsh, shocking, or savage, often expressing surprise, anger, confusion, or teasing admiration at how ruthless or intense it seems.","damn, that’s savage","holy crap, no feelings",that’s cold tea,bruh moment,non-harmful,Quotation
2125,train,强行水逆,把不顺强行归咎于水逆，用来自我安慰或找借口。,"It means forcibly blaming every setback or unlucky situation on Mercury retrograde, using it as a convenient excuse or a form of self-comfort when things go wrong.",blame it on Mercury retrograde,forcibly Mercury retrograde,blame misfortune on astrology,bad vibes,non-harmful,Experience
2126,train,互联网不是法外之地,网络空间也必须遵守法律法规，不能随意发布违法或不当内容。,"The phrase means that the internet is not beyond the law: online spaces are still subject to legal rules, and people cannot freely post illegal, harmful, or improper content without consequences.",the internet is not above the law,the internet is not a courtroom,what happens in Vegas stays in Vegas,free speech absolutism,non-harmful,Quotation
2127,train,奈何本人没文化,面对震撼或美好的事物时，自嘲词穷，只能简单感叹。,"Used self-deprecatingly when someone is so impressed by something beautiful or amazing that they feel too speechless or uncultured to praise it properly, and can only offer a simple exclamation.",I'm too uncultured to say anything but wow,"alas, I have no culture",chef's kiss,"no thoughts, head empty",non-harmful,Experience
2128,test,你是闰土我是猹,表达甘愿追随、喜欢对方，甚至愿意被对方伤害或支配。,"It means affectionately and willingly placing yourself in a vulnerable position toward someone you like, even accepting being targeted, hurt, controlled, or treated as their prey.",I’m your willing prey,You are Runtu and I am the badger,You are Romeo and I am Juliet,I can fix him,non-harmful,Stylistic device
2129,train,你这是在玩火,指对方正在挑衅、冒险或接近危险边缘。,"It means warning someone that they are taking a dangerous risk, usually because their provocative or reckless behavior is pushing close to serious trouble or crossing a dangerous line.",you’re playing with fire,you are doing a fire trick,crossing the Rubicon,testing the waters,non-harmful,Quotation
2130,train,你品你细品,提醒别人仔细品味其中的深层含义或暗示。,"It is used to ask someone to think carefully and savor the details, especially to notice a hidden meaning, implication, or subtle message beneath what was said.",read between the lines,"taste it, taste it carefully",spill the tea,let that sink in,non-harmful,Quotation
2131,train,我缺这点流量吗,吐槽视频在关键处截断，表示自己想看完整内容。,"Used to complain when a video cuts off at the key moment, implying the viewer wants the complete clip shown instead of being denied the full content.",just show the full clip,am I short of this little bit of traffic,release the director's cut,clickbait cliffhanger,non-harmful,Experience
2132,train,抢七,比赛打平后进入最终决胜局。,"It refers to a decisive final tiebreaking round played after a match or series is tied, where the competitors enter one last round or game to determine the winner.",deciding Game 7,fight for seven,seventh-inning stretch,sudden death,non-harmful,Quotation
2133,train,自信点去掉可能,表示结果非常确定，不要再说“可能”。,"It means the outcome is certain and there is no need to hedge with “maybe” or “possibly,” emphasizing that something should be stated confidently as a definite fact rather than a mere possibility.",drop the maybe,physically delete the word maybe,pics or it didn't happen,say it with confidence,non-harmful,Experience
2134,train,全网无前任有也不承认,调侃感情上“无牵无挂”，即使有前任也不承认。,"It jokingly means presenting oneself online as having no romantic baggage or ex-partners, and even if past relationships existed, refusing to admit them publicly.","no exes, and if there were, I’d deny them",no predecessors anywhere on the internet,what happens in Vegas stays in Vegas,single and ready to mingle,non-harmful,Experience
2135,train,只有0次和无数次,某些行为一旦开始就会不断重复，难以停止。,"It means that certain actions are either never tried at all, or once started, become endlessly repeated and difficult to stop.","once you start, you can’t stop",zero times or countless counts,crossing the Rubicon,one more won’t hurt,non-harmful,Experience
2136,train,我方水晶,指需要保护、守护的重要对象或自己人。,"It refers to a person, ally, or important thing on one’s own side that is especially valuable and must be carefully protected or guarded.",our critical asset to protect at all costs,our side’s crystal,our sacred cow,the MVP,non-harmful,Stylistic device
2137,train,求翻牌,希望博主或喜欢的人回复自己的评论。,"This phrase means asking or hoping that a creator, blogger, or admired person will notice one’s comment and respond, usually as a playful request for attention or acknowledgment.",please notice and reply to my comment,beg for card flipping,draw my card,like and subscribe,non-harmful,Stylistic device
2138,train,扑克脸,面无表情、情绪不外露的冷淡表情。,"A blank and unreadable facial expression describes someone showing no visible emotion, keeping their face cold, still, or expressionless so others cannot easily tell what they are thinking or feeling.",poker face,playing-card face,deadpan delivery,resting face,non-harmful,Stylistic device
2139,train,未知全貌不予置评,因不了解完整事实，所以不轻易发表评价。,"It means refusing to make a judgment or comment because the full facts are not yet known, emphasizing caution and fairness before forming an opinion about a situation.",not enough context to judge,"unknown full picture, no appraisal",innocent until proven guilty,I plead the fifth,non-harmful,Quotation
2140,train,全家祭天法力无边,讽刺作弊或开挂者像用巨大代价换来超强能力。,"A mocking phrase suggesting someone gained unfair or overwhelming power, such as through cheating or hacks, as if they had traded a terrible family tragedy for that ability.",a family-sacrifice cheat buff,a heavenly ritual for boundless magic,made a deal with the devil,pay to win,harmful,Experience
2141,train,我有一个大胆的想法,引出冒险、离谱、无耻或不合常理的想法。,"This phrase is used to preface and draw attention to a risky or outrageous idea, often one that sounds absurd, shameless, unconventional, or likely to provoke a strong reaction.",hear me out,I have a brave notion,hold my beer,just saying,non-harmful,Experience
2142,train,整段垮掉,某段内容、表演或氛围突然变得尴尬无效。,"The whole bit or scene falls apart when a section of content, performance, or atmosphere suddenly becomes awkward, ineffective, or unable to keep working as intended.",the bit fell flat,the whole paragraph collapsed,break a leg,cringe compilation,non-harmful,Quotation
2143,train,古墓派公知,讽刺观念陈旧、盲目吹捧他国并贬低本土的人。,"An outdated public-intellectual type blindly praising foreign things, used sarcastically for people with stale views who idealize other countries while reflexively belittling their own society.",outdated foreign-worshipping public intellectual,tomb-school public intellectual,Tomb Raider pundit,boomer take,harmful,Stylistic device
2144,train,核能打火机,吐槽游戏里打火机燃料无限、设定不科学。,"A joke about a lighter in a game that appears to have unlimited fuel, as if it were powered forever, used to mock an unrealistic or scientifically absurd game setting.",infinite-fuel lighter,nuclear bomb lighter,lightsaber,bottomless ammo,non-harmful,Stylistic device
2145,train,咕杀,女骑士败北后说“杀了我吧”的 ACG 梗，表示宁死不屈。,"It refers to the ACG trope where a defeated female knight defiantly says “just kill me,” expressing proud refusal to surrender or submit even after losing.",ku-korose / just kill me,"coo, kill",knight in shining armor,never back down,non-harmful,Abbreviation
2146,train,哈士奇大眼睛,因愤怒、震惊等睁大眼睛，像哈士奇表情。,"A wide-eyed angry or shocked expression like a husky, used to describe someone staring with exaggeratedly opened eyes because they are furious, startled, or stunned.",wide-eyed husky stare,husky big eyes,surprised Pikachu face,death glare,non-harmful,Stylistic device
2147,test,坏起来了,对“好起来了”的反向玩梗，用于调侃局势变坏或反向嘲讽优势局。,"“Things are ironically going bad” is used to jokingly flip optimistic phrasing, mocking a situation that is deteriorating or sarcastically commenting that an apparent advantage is turning into a problem.","things are going south, ironically",bad is getting up,we're so back,this aged like milk,non-harmful,Experience
2148,train,好起来了,表示局势改善、取得优势，也可反向调侃劣势局。,"“Things are finally improving” is used when a situation starts getting better or someone gains an advantage, often sincerely but also sarcastically to mock a still-bad or losing position.",we’re so back,good has risen up,make it great again,it’s joever,non-harmful,Experience
2149,train,彳亍口巴,“行吧”的拆字表达，表示无奈妥协。,"This meme expresses reluctant acceptance or compromise, used when someone feels resigned, has little choice, and agrees with a situation or suggestion despite not being fully willing or satisfied.","okay, fine, I guess",step-left step-right mouth-bar,hakuna matata,"whatever, I don't care",non-harmful,Stylistic device
2150,train,我想把这玩意儿染成绿的,想靠染绿变酷吸引异性，但带“绿帽”文化反讽。,"It jokes about dyeing something green to seem cooler and more attractive, while ironically invoking the cultural association of green with being cuckolded or wearing a “green hat.”","dye it green for rizz, with green-hat cuckold irony",I want to dye this thing green,paint it green for St. Patrick's Day,green with envy,non-harmful,Quotation
2151,test,床前明月光,原为诗句，网络中可指清纯难忘的爱人或暗号。,"This phrase is used online as a poetic, subtle romantic reference, suggesting a pure and unforgettable love or serving as a quiet coded signal between people.","the moon is beautiful, isn’t it",moonlight before my bed,a rose by any other name,"good night, moon",non-harmful,Quotation
2152,train,这届网友不好带啊,调侃网友评论犀利、不按套路出牌。,"This phrase jokingly means that today’s netizens are too sharp and unpredictable, often responding with witty, cutting, or unexpected comments that make them hard to guide or fool.",you can't fool the internet,this batch of netizens is hard to lead,OK boomer,touch grass,non-harmful,Experience
2153,train,这背太适合拔火罐,夸张调侃某人的背部好看或吸引人。,"It jokingly praises someone’s back as especially good-looking or attractive, using an exaggerated image to express playful admiration for how appealing their back looks.",that back is so good-looking it’s made for cupping,this back is ideal for medical fire cupping,watch your back,nice shoulders,non-harmful,Experience
2154,train,我真的一滴都没有了,表示金钱、情绪、精力等已经完全耗尽。,"This meme means being completely drained of money, emotion, energy, or other resources, to the point of having absolutely nothing left to give.",I’ve got nothing left in the tank,I literally have no drops of liquid left,Spill the tea,I can’t even,non-harmful,Experience
2155,test,忍一时卵巢囊肿退一步乳腺增生,调侃女性不要长期压抑情绪，应适当表达不满。,"A joking warning that women should not keep suppressing frustration or anger, because bottling up emotions is humorously framed as harming their health, so they should express dissatisfaction when needed.",don’t bottle it up,"endure once and get an ovarian cyst, step back and get breast hyperplasia",keep a stiff upper lip,stay positive,non-harmful,Experience
2156,train,无痛当妈,不经历生育和抚养，却对偶像或角色产生母性保护欲。,"Feeling motherly affection and protectiveness toward an idol or fictional character while enjoying the emotional role of being a “mom” without experiencing childbirth, caregiving, or real parenting responsibilities.",parasocial fan-mom mode,painless motherhood,godmother vibes,baby fever,non-harmful,Stylistic device
2157,train,我起了一枪秒了有什么好说的,游戏中被一枪秒杀后无奈自嘲，无话可说。,"It expresses resigned self-mockery after being instantly killed by a single shot in a game, meaning there is nothing left to explain or argue about.","Got one-tapped, what can I say?","I fired one shot, what is there to say",Press F to pay respects,skill issue,non-harmful,Quotation
2158,test,融梗,将其他作品的情节、设定或亮点拼接进自己的作品。,"It refers to blending borrowed tropes or plot elements from other works into one’s own creation, often by stitching together recognizable plots, settings, character dynamics, or standout ideas from existing media.",stitching borrowed tropes into one’s own work,melt memes together,crossover fan fiction,loosely inspired by,non-harmful,Experience
2159,test,气冷抖,模仿过度愤怒发言，用于讽刺夸张反应。,"This meme imitates an overly furious reaction to mock people who respond with exaggerated outrage, treating their anger as performative, melodramatic, or far beyond what the situation deserves.",literally shaking rn,"angry, cold, and trembling",the ice bucket challenge,rage quit,non-harmful,Abbreviation
2160,train,诡异的光,用来调侃语文阅读、文字赏析的强行拔高、过度脑补,"Used to mock forced literary analysis or exaggerated interpretation, where someone reads profound symbolism into ordinary wording or details that were never meant to be that deep.",the curtains were just blue,strange light,gaslighting,close reading,non-harmful,Quotation
2161,train,站票去新疆,调侃乱说话的人应接受夸张惩罚或苦差事。,It jokingly means that someone who made a foolish or inappropriate comment should be sent away to endure an exaggerated punishment or unpleasant hardship as playful social teasing.,straight to the gulag,standing-room ticket to Xinjiang,off to the principal's office,go touch grass,non-harmful,Stylistic device
2162,train,千里送人头礼轻情意重,调侃主动送上门被对方轻松击败。,"It jokingly describes someone going out of their way to approach an opponent, only to be defeated effortlessly and effectively hand them a free kill.",gift-wrapped free kill,send a human head a thousand miles as a heartfelt gift,bring coals to Newcastle,overextend in a fight,non-harmful,Experience
2163,train,皮划艇,指上班或表演时严重偷懒、划水。,"This meme describes someone slacking off badly at work or during a performance, doing the bare minimum, avoiding real effort, and clearly failing to contribute as expected.",phoning it in,kayak,jump the shark,go with the flow,non-harmful,Stylistic device
2164,train,稳住我们能赢,稳定军心、鼓励坚持，但常被当作不可靠 flag。,"“Hold steady, we can still win” is used to encourage people to stay calm and keep pushing through, though it is often treated jokingly as an unreliable optimistic claim that may jinx the outcome.","Hold steady, we can still win",stabilize us and we can win,keep calm and carry on,famous last words,non-harmful,Quotation
2165,test,真是嗨到不行,表达极度兴奋、激动或得意忘形。,"It describes someone being extremely hyped or excited, so energized by joy, thrill, or pride that they seem carried away and unable to contain their enthusiasm.",hyped as hell,so high it can't go on,living the high life,feeling smug,non-harmful,Quotation
2166,train,血是绿色的,调侃视频审核中把血液改成绿色等颜色。,It mockingly refers to video censorship practices that recolor blood into green or other unnatural colors to make violent scenes appear less graphic or pass content review.,blood recolored green for censorship,blood is green,blue blood,sanitized on-screen violence,non-harmful,Experience
2167,train,人间水蜜桃,形容外貌甜美、皮肤白皙泛粉、少女感强的人。,"It describes someone with a sweet, peach-like beauty, usually marked by a soft youthful look, fair skin with a rosy glow, and an overall gentle, fresh, and charming appearance.","a sweet, peachy-looking beauty",a human honey peach,Georgia peach,cute as a button,non-harmful,Stylistic device
2168,train,汝听人言否,表示“你听听，这是人说的话吗”，用于震惊或吐槽。,It is used to express shock or mockery by asking whether what someone just said can even be considered reasonable human speech.,do you even hear yourself,have you heard human words,speak of the devil,watch your language,non-harmful,Abbreviation
2169,train,太阳能维修月亮可更换,俏皮温柔的无厘头表达，传达浪漫与生活趣味。,"A whimsical bit of nonsense used as cute romantic language, playfully suggesting impossible everyday services to create a gentle, affectionate mood and a sense of charming absurdity.",whimsical romantic nonsense,"solar repair, moon replacement",the moon is made of cheese,"live, laugh, love",non-harmful,Quotation
2170,train,柠檬树上柠檬果柠檬树下你和我,表达因羡慕嫉妒而酸溜溜的心理。,"This phrase jokingly describes people feeling jealous and “sour” when seeing something they envy, turning that bitter, envious reaction into a playful shared meme.",green with envy,"lemons on the lemon tree, you and me under it",when life gives you lemons,keeping up with the Joneses,non-harmful,Quotation
2171,test,人间精品,形容人或物非常优秀、罕见、出色。,"It describes a person or thing as exceptionally good, rare, and outstanding, suggesting they are of unusually high quality and stand out from ordinary examples.",an absolute gem,a premium human-world product,a Renaissance man,a perfectionist,non-harmful,Quotation
2172,train,麒麟臂,指强壮手臂或因刺激产生的冲动，带网络调侃意味。,"A joking term for a powerful or uncontrollable arm, used online to tease someone’s strong arm or a sudden impulsive urge as if their arm has taken on exaggerated force.",a jokingly overpowered or uncontrollable arm,qilin arm,unicorn arm,flexing hard,non-harmful,Quotation
2173,test,团战可以输提莫必须死,游戏中表达对提莫的强烈怨念，宁可输团也要杀提莫。,"This phrase expresses intense in-game resentment toward Teemo, meaning players are willing to lose a team fight as long as Teemo is killed.","Lose the team fight if you must, but Teemo must die",Teemo can lose the team fight,Leeroy Jenkins,focus the carry,non-harmful,Experience
2174,train,为什么不ban加里奥,对比赛 BP 策略失误的质疑。,"This meme is used to question a team’s draft strategy, specifically asking why they failed to ban a key champion that posed an obvious threat in the match.",why didn’t they ban Galio,why not ban Galileo,why didn’t they ban Pikachu,their draft was risky,non-harmful,Experience
2175,test,以前我没得选,调侃过去无可奈何，现在想改变或重新选择。,"Used jokingly to say that in the past I had no real choice and could only accept things, but now I want to change direction and choose a different path.","I had no choice back then, but now I want to choose differently","Back then, I had no selection button",May the Force be with me,"new year, new me",non-harmful,Quotation
2176,train,跪着用电脑,对作品或操作表示极高敬佩，夸张到“跪着看”。,"It means showing extreme respect or admiration for someone’s work, skill, or operation, exaggerating that the viewer is so impressed they would use the computer while kneeling.",I'm kneeling in awe at this,a kneeling computer setup,shut up and take my money,mind blown,non-harmful,Experience
2177,test,正常能量释放,用“正常现象”式说法讽刺异常事件频发。,"This meme sarcastically describes frequent abnormal or troubling events as if they were merely normal occurrences, mocking attempts to downplay obvious problems by framing them as routine or expected.",sarcastically calling repeated abnormalities normal,normal energy release,good vibes only,nothing to see here,non-harmful,Quotation
2178,train,穿山甲说什么,用于制造未完待续的悬念或无法得知答案的谜团。,"It refers to an unresolved mystery that leaves people curious, often used to create suspense, imply an unfinished story, or suggest that the answer is hidden and may never be revealed.",the world may never know,what did the pangolin say,no one knows the answer,cliffhanger,non-harmful,Quotation
2179,train,左右横跳,来回跳动的魔性搞笑动作，也可形容反复摇摆。,"It describes funny side-to-side hopping in a silly, catchy way, and can also mean switching back and forth repeatedly between positions, choices, or opinions.",side-to-side hopping or flip-flopping,left-right horizontal jump,the Hokey Pokey,dodge roll,non-harmful,Quotation
2180,train,人形挂件,因喜欢某人而总依偎在对方身边，像挂件一样。,"A clingy person who sticks close to someone, constantly staying by their side out of affection or attachment, almost like a small accessory hanging from them.",clingy koala,human-shaped keychain,emotional support animal,third wheel,non-harmful,Stylistic device
2181,train,洗剪吹,调侃造型夸张、杀马特式的另类风格。,"It humorously refers to a flashy and over-the-top hairstyle or fashion style, often mocking exaggerated, unconventional, or tacky looks associated with attention-seeking subculture aesthetics.","flashy, tacky scene-kid look","wash, cut, and blow-dry",punk rock mohawk,barbershop makeover,non-harmful,Abbreviation
2182,train,狗听完死了,形容压力、烦恼或负面信息太大，连狗听了都受不了。,"It describes stress, worries, or negative information so intense and unbearable that even a dog hearing it would feel overwhelmed or unable to cope.",so awful even the dog would be traumatized,the dog died after hearing it,let sleeping dogs lie,dog tired,non-harmful,Experience
2183,train,欢迎回家,调侃游戏失败后回到起点。,"It jokingly welcomes a player “back home” when they fail in a game and are sent back to the starting point, teasing the setback as if returning to where they belong.",welcome back to spawn,welcome home,you are back at the starting point,respawned,non-harmful,Experience
2184,train,你还说你不会武功,调侃某人明明很厉害却装作不会。,"Used jokingly to call out someone who claims to be unskilled or harmless while clearly showing impressive hidden ability, as if they were pretending not to know martial arts.",So much for 'I don't know kung fu',You don't know kung fu,May the Force be with you,humblebrag,non-harmful,Quotation
2185,train,常威打来福,表示只看到事件表面，不知道背后原因。,"It means judging only from what is seen on the surface, forming an opinion based on the visible scene while missing the hidden context, causes, or background behind what actually happened.",judging from a clip without the full context,Chang Wei is beating Laifu,"Et tu, Brute?",jumping on the bandwagon,non-harmful,Quotation
2186,train,兵长一米六,调侃利威尔兵长身高与强大战斗力形成反差萌。,"Used to tease a character who is notably short yet extraordinarily strong, highlighting the amusing contrast between their small stature and overwhelming combat ability.",tiny but mighty,Captain is 1.6 meters tall,Napoleon complex,short king,non-harmful,Experience
2187,train,rua死你,亲密地表示想揉、捏、rua 对方，并非真正伤害。,"It means cutely wanting to squeeze or pet someone affectionately, expressing playful closeness through imagined rubbing, squishing, or cuddling rather than any real intent to hurt them.",I’m gonna squish you affectionately,rua you to death,kill you with kindness,I’m going to crush you,non-harmful,Experience
2188,train,还能再战xx年,表示某作品或事物仍有持久生命力，远未过时。,"It means that a work, product, or phenomenon is still having long-lasting vitality and value, remaining far from outdated and expected to stay relevant for many more years.",still has years left in the tank,can still fight for XX years,the last dance,making a comeback,non-harmful,Quotation
2189,train,花蟹,无故妨碍他人、损人不利己、不懂团队合作的人。,"A “flower crab” refers to someone who pointlessly obstructs or undermines others, causing harm without gaining anything themselves and showing little sense of teamwork or cooperation.",griefer,flower crab,Crab Rave,AFK teammate,harmful,Quotation
2190,train,好奇心害死猫,告诫人不要过度好奇，以免惹麻烦。,"This meme warns that excessive curiosity can bring trouble, reminding people not to pry too much or pursue things needlessly when doing so may lead to unwanted problems.",curiosity killed the cat,a strange heart killed the cat,the early bird catches the worm,look before you leap,non-harmful,Slang
2191,test,原地结婚,希望一对 CP 或情侣立刻在一起。,"It expresses intensely shipping two people, usually a couple or fictional pairing, to the point of wanting them to get together immediately and marry right now.",just get together and get married already,get married without moving,shotgun wedding,I ship them,non-harmful,Experience
2192,train,练功发自真心,表示发自内心地努力、投入或执着。,"It describes doing something with intense sincerity and effort, showing genuine inner commitment, focused dedication, and a heartfelt willingness to keep working hard at it.",putting my heart and soul into it,practicing martial arts from the heart,may the Force be with my training,training arc,non-harmful,Homophonic pun
2193,train,BE和HE,描述作品结局类型：悲剧结局和幸福结局。,"“BE and HE” refer to two common types of story endings in fiction or media: a bad ending, usually tragic or unhappy, and a happy ending, where things conclude positively.",bad ending / happy ending,be and he,Romeo-and-Juliet ending,alternate ending,non-harmful,Abbreviation
2194,test,钓鱼穷三年玩鸟毁一生,告诫人不要沉迷消遣而荒废人生。,"A warning that costly hobbies can ruin one’s life by consuming too much time, money, and attention, leaving someone distracted from responsibilities and long-term goals.",costly hobbies can become a life-consuming rabbit hole,fishing for three years and playing with birds forever,a bird in the hand is worth two in the bush,touch grass,non-harmful,Slang
2195,test,萧亚轩的快乐,指频繁交往年轻帅气男友的令人羡慕生活。,"It refers to the enviable joy of dating young handsome men, especially the imagined lifestyle of repeatedly having attractive younger boyfriends and enjoying the attention, romance, and freedom associated with it.",cougar goals: dating hot younger men,Elva Hsiao’s happiness,Leonardo DiCaprio’s dating rule,relationship goals,non-harmful,Experience
2196,train,芋泥啵啵奶茶,撒娇式表达想要亲亲，“不要芋泥不要奶茶，只要啵啵”。,"This phrase is a playful, cutesy way to act affectionate and ask for kisses, implying that the speaker does not really want milk tea or toppings, only “kiss-kiss.”","just the kisses, please",taro boba milk tea,spill the tea,boba date,non-harmful,Experience
2197,train,阿姨压一压,对歌曲吟唱部分的空耳梗，用于调侃相关旋律。,"A misheard lyric meme for a catchy chant, used to jokingly refer to or tease a song’s memorable vocal refrain because its sounds are humorously interpreted as a different phrase.",misheard chorus meme,"auntie, press it down",misheard song lyric,earworm,non-harmful,Homophonic pun
2198,train,正道的光,可用于正能量表达,"This phrase refers to content that presents itself as uplifting, righteous, or full of “positive energy,” often in a performative, exaggerated, or ironic way rather than as sincere moral encouragement.",performative positive energy,the light of the righteous path,may the Force be with you,sincere feel-good encouragement,non-harmful,Quotation
2199,train,奇怪的知识增加了,表示获得了一些无关紧要但很奇怪的知识。,"It means learning some useless but oddly specific knowledge, usually the kind of strange, trivial fact that is unnecessary in daily life but still unexpectedly sticks in your mind.",weird knowledge unlocked,the knowledge got strange,forbidden knowledge,mind blown,non-harmful,Quotation
2200,train,窃格瓦拉,调侃不愿打工、执迷非法手段维生的人。,"A meme mocking someone who refuses honest work, especially a person who rejects regular employment and clings to illegal or shady ways of making a living.",someone who refuses honest work and lives by theft,Theft Guevara,a Che Guevara-style revolutionary,antiwork slacker,harmful,Homophonic pun
2201,train,王牌飞行员申请出战,展示酷炫转变或高光时刻时的出场宣言。,"Used as a dramatic catchphrase to announce that someone is making a cool entrance, showing off a striking transformation, or stepping into a highlight moment with confidence and flair.","ace pilot, requesting permission to engage",ace pilot applies to fight,I am ready for the cool moment,main character energy,non-harmful,Quotation
2202,test,让本不富裕的家庭雪上加霜,自嘲原本就困难，又遭遇小倒霉事。,"A self-deprecating phrase used when a small unlucky setback piles onto existing difficulties, making an already bad situation even worse.",as if things weren’t bad enough,add snow to a not-rich family,Winter is coming,first-world problems,non-harmful,Quotation
2203,train,多人运动,对多人参与活动的隐晦调侃，带暧昧或避讳意味。,"A euphemistic joke about a group activity, often used with a suggestive or deliberately vague tone to imply something involving multiple people without saying it directly.",a suggestive euphemism for a group activity,multi-person sport,team-building exercise,group hangout,non-harmful,Quotation
2204,train,封面选的好绅士少不了,封面诱导性强，吸引“绅士”点击。,It refers to choosing a suggestive or provocative cover image so effectively that it draws in horny viewers who click mainly because the cover looks sexually tempting.,suggestive thumbnail clickbait for horny viewers,"if the cover is chosen well, gentlemen will not be few",don't judge a book by its cover,thirst trap selfie,non-harmful,Experience
2205,test,玛卡巴卡,指抖音上流行的可爱舞蹈或魔性 BGM。,"This term refers to a cute viral dance or catchy meme tune popular on short-video platforms, often used to describe playful, repetitive music or dance clips that become widely imitated online.",Makka Pakka dance meme,Makka Pakka,Harlem Shake,Baby Shark dance,non-harmful,Quotation
2206,train,韩信带净化,对“还是那句话”的谐音恶搞。,A misheard catchphrase meme that humorously turns a familiar “as I always say” style phrase into a game-like image of the character Han Xin using a cleanse ability.,a homophonic mishearing of “as I always say”,Han Xin equips Cleanse,press F to pay respects,wrong subtitles,non-harmful,Homophonic pun
2207,train,小鸟伏特加,博主自制饮料梗，模仿俄罗斯喝酒风格。,"A homemade drink meme styled like vodka, referring to bloggers making their own beverage while imitating a stereotypical Russian drinking style.",homemade vodka-style drink meme,tiny bird liquor,White Russian cocktail,mystery homemade drink,non-harmful,Quotation
2208,train,奶瓶给你打掉,回怼对方幼稚、奶声奶气、不成熟。,"It is a teasing comeback used to mock someone for sounding childish, immature, or babyish, implying they are speaking in a whiny, infantile way rather than acting grown-up.",stop acting like a baby,knock your baby bottle away,OK boomer,crybaby,harmful,Stylistic device
2209,train,电车难题,关于牺牲少数以拯救多数的伦理思想实验。,"An ethical dilemma about choosing whom to save, where someone must decide whether sacrificing a smaller number of people is justified to protect a larger number.",trolley problem,tram problem,Kobayashi Maru,catch-22,non-harmful,Quotation
2210,train,人间德芙,夸赞视频剪辑或内容丝滑流畅。,"This phrase praises a video edit, transition, performance, or piece of content as exceptionally smooth, seamless, and satisfying to watch, as if everything flows effortlessly without any rough or awkward moments.",silky-smooth editing and transitions,Dove chocolate in the human world,as iconic as a Hollywood blockbuster,nice-looking visuals,non-harmful,Stylistic device
2211,train,希望人没事,表面祝福，实际常带反讽和阴阳怪气。,"This phrase sarcastically says “hope they’re okay,” often sounding like a surface-level blessing while actually implying mockery, passive-aggressive concern, or schadenfreude toward someone caught in an awkward or unfortunate situation.",sarcastic “hope they’re okay”,hope the person is fine,may the Force be with them,thoughts and prayers,non-harmful,Experience
2212,train,新手还在老手已经,对比新手还停留在起点，老手早已进入下一步。,It contrasts beginners who are still stuck at the starting point with experts who have already moved far ahead into the next stage.,beginners are still learning; pros are already done,"beginners are still there, veterans already have",veterans move ahead faster than beginners,git gud,non-harmful,Experience
2213,train,玩游戏一定要笑,反讽游戏受挫时还要保持乐观微笑。,"It sarcastically means staying cheerful and smiling through frustration or failure in a game, as if forced optimism is required even when the gaming experience is going badly.",smile through the gaming pain,you must physically smile when playing games,keep calm and carry on,gamer rage,non-harmful,Quotation
2214,train,打在公屏上,鼓励观众在直播公屏发弹幕回应。,"It means asking viewers to type a specific response or phrase in the public chat, especially during a livestream, so the audience can visibly react together.",type it in the chat,type it on the public screen,write it on the bulletin board,spam the chat,non-harmful,Experience
2215,train,I potato you,表示介于喜欢和爱之间的好感。,"I potato you"" means liking someone with feelings stronger than a simple crush or casual attraction, but not yet as deep or serious as being in love.",I potato you,I give you a potato,I lava you,I have a crush on you,non-harmful,Slang
2216,train,青春疼痛文学,夸张描写青春痛苦、失恋和矫情情绪的文学风格。,"Melodramatic youth angst writing refers to an exaggerated literary style centered on youthful suffering, heartbreak, and self-consciously emotional moods, often making adolescence feel intensely painful and theatrical.",melodramatic youth angst writing,youth pain literature,dark academia,edgy teen angst,non-harmful,Experience
2217,train,各位爸爸们,有求于人时故意放低姿态、讨好对方。,"A jokingly self-deprecating way to address others when asking for a favor, deliberately lowering one's status and flattering them to beg for help.","help me, kings","dear dads, everyone",OK boomer,pretty please,non-harmful,Quotation
2218,test,直呼内行,表面夸专业，实际常讽刺看似专业但很离谱。,"It is used to sarcastically call something “expert-level,” often pretending to praise someone’s skill or professionalism while actually mocking how absurd, misguided, or ridiculously overconfident it is.",experts would be impressed—sarcastically,directly call someone an expert,hold my beer,big brain move,non-harmful,Experience
2219,train,请问哪里能买到您的著作,赞美某人评论精彩，调侃值得出书。,"This phrase jokingly praises someone’s comment as exceptionally insightful or entertaining, implying it is so well written that it deserves to be collected, published, and sold as a book.",This comment deserves to be published,Which bookstore sells your books?,Thanks for coming to my TED Talk,Take my money,non-harmful,Stylistic device
2220,train,平地摔,在没有障碍的平地上摔倒，常用于形容可爱、冒失或天然呆。,"It describes someone tripping or falling on flat ground for no obvious reason, usually framed as endearingly clumsy, innocent, or cute rather than seriously careless.",trip over air,flatland tumble,slip on a banana peel,faceplant,non-harmful,Quotation
2221,train,猴子不能出痛苦面具,形容一些不合逻辑、无意义或不合情理的事情。,"It describes something so illogical, meaningless, or unreasonable that it makes no sense at all, often used to react to a situation that feels absurd or impossible to understand.",that makes zero sense,the monkey cannot make a pain mask,"monkey see, monkey do",skill issue,non-harmful,Quotation
2222,train,企鹅肉,形容双方沟通不在一个频道上，一方认真另一方乱回。,"It describes a conversation where two people are completely not on the same wavelength, with one person responding seriously while the other replies randomly or misses the point entirely.",talking past each other,penguin meat,the elephant in the room,lost in translation,non-harmful,Quotation
2223,train,你是来拉屎的吧,调侃或讽刺某人的行为、目的很离谱。,"Used jokingly or sarcastically to mock someone whose arrival or actions seem absurd, pointless, or suspicious, implying they showed up for no sensible reason.",what are you even here for,did you come here just to use the toilet,"sir, this is a Wendy's",touch grass,harmful,Quotation
2224,train,已经问过了烤串是好吃的,调侃对某人真正需求的忽视或故意回避。,"It means missing the real point of what someone wants, often by answering a superficial or irrelevant part of the request while ignoring or deliberately avoiding the person’s actual need.",you’re missing what I actually asked for,"already asked, the kebab is tasty","sir, this is a Wendy's",read the room,non-harmful,Quotation
2225,test,你可能小赚但我永远不亏,在不利局面中强行解释自己不亏，自我安慰。,"It describes someone in a disadvantageous or losing situation who insists on reframing a loss as somehow not a loss, often as a way to comfort themselves or save face.",copium,"you may profit a little, but I never lose",I took an arrow to the knee,looking on the bright side,non-harmful,Quotation
2226,train,我tm问你了吗,对未经请求的插话、建议或回答表示不满。,"It is a rude comeback used to snap at someone for giving an unwanted answer, comment, or suggestion when they were not asked to speak.",Did I fucking ask you?,I fucking asked you,bless your heart,mind your own business,harmful,Experience
2227,test,一天最多三句话,戏谑式表达生气、闹别扭或半开玩笑绝交。,"It jokingly means that after feeling upset, annoyed, or playfully offended, someone claims they will only allow very limited communication, as if temporarily sulking or pretending to cut ties.",You only get three sentences from me today,"three words a day, max",I'm putting you in the friend zone,I'm giving you the silent treatment,non-harmful,Quotation
2228,train,这是加分项,对某事表示肯定或安慰，说它能增加好感。,"This phrase is used to affirm or comfort someone by saying that a particular quality, action, or detail counts as a bonus point that increases approval or makes a better impression.",that’s a plus,this is an extra-credit item,this makes it better,brownie points,non-harmful,Quotation
2229,train,尬到我脚趾抓地,形容极度尴尬、羞耻到脚趾都蜷缩。,"It means feeling extreme secondhand embarrassment, as if a painfully awkward or shameful moment is so cringe-inducing that your whole body tenses up.",toe-curlingly embarrassing,my toes are gripping the floor,butterflies in my stomach,awkward silence,non-harmful,Stylistic device
2230,train,一起爬山吗,表面邀约爬山，实际暗含危险、威胁或背叛意味。,"It refers to a seemingly harmless invitation with threatening undertones, where a casual proposal to go hiking is understood as hinting at danger, betrayal, or an implied threat rather than a friendly activity.",this sounds like a dangerous invitation,want to climb a mountain together,wanna go hiking,red flag,harmful,Quotation
2231,train,企业级理解,一本正经但明显错误、离谱的理解。,"A confidently wrong interpretation delivered with a serious, professional-sounding tone, where someone acts certain and analytical while their understanding is clearly mistaken, absurd, or far removed from the actual meaning.",confidently wrong interpretation,enterprise-level understanding,Fortune 500 mindset,overthinking it,non-harmful,Quotation
2232,test,在一声声靓仔中迷失了自我,因不断被叫“靓仔”而误以为自己真很帅。,"It means getting carried away by repeated compliments, especially when being called handsome so often that someone starts believing the praise too much and loses perspective.",let the “handsome guy” compliments go to his head,got literally lost after someone shouted “handsome guy”,catcalled on the street,main character energy,non-harmful,Experience
2233,train,小白船,因《隐秘的角落》而带有阴森、不祥意味的童谣梗。,"It refers to a children’s song that, because of its association with a suspense drama, has become a creepy omen suggesting something eerie, ominous, or dangerous is about to happen.",a creepy children's song that signals danger,little white boat,the Jaws theme,creepy lullaby,non-harmful,Quotation
2234,test,我还有机会吗,调侃某事希望渺茫或几乎没机会。,"“Am I still in with a chance?” is used to ask whether there is still any hope, usually ironically, when the speaker knows the situation looks hopeless or the chance of success is extremely slim.",Do I still have a shot?,I still have a chance,May the odds be ever in your favor,This is your last chance,non-harmful,Quotation
2235,train,提桶进厂,工人频繁换厂打工的调侃说法。,"It jokingly describes a worker frequently changing factory jobs, imagined as carrying a bucket from one workplace to the next while moving on to another factory.",factory-hopping,carry a bucket into the factory,climb the corporate ladder,blue-collar grind,non-harmful,Experience
2236,train,罗玉龙,对罗永浩的调侃性绰号，暗示吹牛、炒作等相似特征。,"“Luo Yulong” is a mocking nickname for Luo Yonghao, used to suggest a persona associated with exaggeration, hype, and self-promotion.",mocking nickname for Luo Yonghao as a hype-prone self-promoter,Luo Jade Dragon,a Chinese-style nickname for Elon Musk fans,hype man,harmful,Experience
2237,train,滑铲杀虎,讽刺极其夸张、不切实际的战斗或操作。,"It describes an absurdly impossible heroic move, mocking wildly exaggerated claims of combat skill or action that are so unrealistic they sound like fantasy rather than something anyone could actually do.",an absurdly impossible combat move,a legal slide tackle in soccer,David versus Goliath,movie stunt bravado,non-harmful,Quotation
2238,train,人性的扭曲还是道德的沦丧,夸张质问某事荒谬或离谱，用于搞笑和讽刺。,"A melodramatic rhetorical question used to mock something absurd or outrageous, jokingly asking whether it reflects a distortion of human nature or a collapse of morality.",what has humanity come to?,twisted humanity and fallen morals,the end is nigh,society is doomed,non-harmful,Quotation
2239,train,朱晶晶踩你的小白鞋,形容最后的嚣张挑衅，提醒别太得意忘形。,"It describes a last, petty act of arrogance or provocation by someone who is still acting smug, even though consequences are about to catch up with them.",don’t push your luck,Zhu Jingjing steps on your white sneakers,a white-shoe firm,poke the bear,non-harmful,Quotation
2240,train,fbi open the door,警告或调侃内容不当、涉黄或过界，像被 FBI 发现。,"A joking warning used when someone posts inappropriate, sexual, or over-the-line content, implying that the authorities have noticed and are about to intervene.","FBI, open up",FBI open the door,you are being caught for inappropriate content,"bonk, go to horny jail",non-harmful,Quotation
2241,train,正版打野,原指正式打野选手，后带有反讽和自嘲意味。,"An ironic or self-deprecating label for the “official” jungler, often used to mock someone who is supposedly the proper jungle player but may perform poorly or be treated jokingly as legitimate.","the official jungler, ironically",licensed jungler,the chosen jungler,jungle diff,non-harmful,Experience
2242,train,陈养鱼许放炮梁海王,对《三十而已》中三位男性角色的讽刺性昵称总结。,"This phrase is a sarcastic set of nicknames summarizing three problematic male characters in the drama Nothing but Thirty, mocking their flaws and relationship behavior.","Chen the fish-obsessed husband, Xu the fireworks cheater, Liang the serial player","Chen raises fish, Xu fires cannons, Liang is Sea King",the three sworn brothers from Water Margin,three cheating husbands,non-harmful,Experience
2243,test,懂的都懂,暗示信息不便明说，懂的人自然懂。,The phrase implies that certain information is deliberately left unstated because people familiar with the context or inside knowledge will understand the intended meaning without further explanation.,"if you know, you know",those who understand all understand,insiders know what this means,you had to be there,non-harmful,Experience
2244,train,横扫鸡饿,对“横扫饥饿”的谐音恶搞，用于搞笑场景。,"A Snickers slogan pun turned into a chicken joke, used in funny contexts by swapping the original hunger-related phrase with a similar-sounding wording that makes it absurdly about chickens.",a chicken pun on 'sweep away hunger',sweep away chicken hunger,Got milk?,Hungry? grab a Snickers,non-harmful,Homophonic pun
2245,train,希望你不要不识抬举,请求帮助时带玩笑威胁，表示“别不识好歹”。,"It is a jokingly threatening way to tell someone to accept the request, implying that refusing would be ungrateful, unreasonable, or failing to appreciate the “favor” being offered.",I hope you know what’s good for you,hope you do not fail to appreciate promotion,please do not reject my request,pretty please,non-harmful,Quotation
2246,train,妈妈的好大儿,亲昵称赞某人或宠物可爱、乖巧、令人宠溺。,"An affectionate phrase meaning “mommy’s good boy,” used to fondly praise a person or pet as cute, well-behaved, lovable, and worthy of doting attention.",mommy’s good boy,mom’s good big son,cute affectionate praise,good boy energy,non-harmful,Quotation
2247,train,歪嘴战神,爽文男主反转前露出的邪魅歪嘴笑。,"A smirking overpowered male lead before a power reveal, typically marked by a crooked, smug grin just before he reverses the situation and shows his hidden strength in a wish-fulfillment story.",smirking overpowered male lead before a power reveal,crooked-mouth war god,Chad face,main character energy,non-harmful,Experience
2248,train,住在山里真不错,表达对生活环境满意的搞笑短语。,"This phrase jokingly says that living in the mountains is nice, expressing playful satisfaction with one’s living environment or a humorous sense of contentment about a quiet, remote lifestyle.",mountain life hits different,living inside a mountain cave is acceptable,concrete jungle vibes,cabin fever,non-harmful,Quotation
2249,train,孩子死了来奶了,事情已无法挽回时才迟迟补救。,"It means help or a remedy arrives only after the situation is already beyond saving, making the belated action useless despite coming in response to the problem.","too little, too late",the child died and the milk came,crying over spilled milk,better late than never,non-harmful,Quotation
2250,train,眨眼补帧,游戏或视频卡顿时，调侃靠眨眼“补帧”。,"This meme jokingly describes “fixing” laggy gameplay or choppy video by blinking, as if closing and opening your eyes could mentally fill in the missing frames.",blink to fill in the missing frames,blink-and-frame repair,soap opera effect,just upgrade your GPU,non-harmful,Experience
2251,train,变身盖亚,情绪崩溃或愤怒时发出像奥特曼变身般的吼声。,It describes someone exploding with rage or emotional breakdown and letting out a dramatic scream like the transformation shout of an Ultraman-style hero.,doing an Ultraman-style transformation scream in rage,transform into Gaia,going Super Saiyan,letting out a frustration scream,non-harmful,Experience
2252,train,现已加入肯德基豪华午餐,万能搞笑回复，尤其用于食物相关场景。,"An absurd food-related meme reply used as a versatile joke response, especially in discussions about meals, snacks, or anything that can be humorously framed as part of an over-the-top fast-food lunch.",now added to the KFC deluxe lunch,KFC deluxe lunch menu,put it in a Happy Meal,that's a value meal,non-harmful,Quotation
2253,train,脑补型恋爱,一方过度幻想、理想化对方的自我感动式恋爱。,"An imagined romance based on one-sided fantasy, where someone idealizes another person, invents emotional intimacy in their own mind, and feels moved by a relationship that largely exists only in their imagination.",one-sided fantasy romance,brain-filled romance,Romeo-and-Juliet romance,unrequited love,non-harmful,Experience
2254,train,战歌起,热血 BGM 开始，暗示战斗或高潮即将到来。,"“Hype battle music starts playing” means an intense, energizing soundtrack seems to kick in, signaling that a fight, dramatic confrontation, or climactic moment is about to begin.",the battle theme kicks in,war song rises,the national anthem starts playing,victory music starts playing,non-harmful,Experience
2255,train,你懂个泡泡茶壶,“你懂个jb”的委婉谐音，表示对方不懂。,"A euphemistic insult meaning “you know nothing,” used to dismiss someone’s opinion by implying they are clueless while softening a cruder original phrase through playful sound substitution.",you don’t know jack,"what do you know, bubble teapot",you do not understand this at all,skill issue,non-harmful,Quotation
2256,test,摆烂,放弃努力，任由事情变坏。,"It means giving up and letting things fall apart, often by stopping any effort to improve a bad situation and simply allowing the outcome to worsen.",let it rot,set it rotten,YOLO,quiet quitting,non-harmful,Experience
2257,train,社恐牛逼症,平时社恐，但特定需求下突然社交能力爆发。,"It describes someone who is usually socially anxious, but when a specific goal or need depends on interaction, their anxiety suddenly disappears and they become surprisingly confident and capable in social situations.",goal-driven situational extrovert,social anxiety badass syndrome,Clark Kent turns into Superman,introvert pretending to be outgoing,non-harmful,Experience
2258,train,new一个对象,程序员式调侃，希望像写代码一样创建对象/对象。,"A programmer-style joke that treats getting a romantic partner like instantiating an object in code, wishing one could simply use `new` to create a boyfriend or girlfriend.",instantiate a romantic partner,new an object,summon a soulmate with a magic spell,compile a girlfriend,non-harmful,Stylistic device
2259,test,演的吧,质疑短视频内容是摆拍，不是真实发生。,"Used to question whether a short video is staged rather than real, implying that the scene was acted out or faked for attention instead of happening naturally.","This is staged, right?",is it performed,reality TV drama,fake news,non-harmful,Experience
2260,train,为什么不ban猛犸,泛指明知道某个隐患、对手杀手锏、关键风险点，却刻意不做防范，最后栽在同一个问题上，用来质问决策者疏漏、托大、忽视明显漏洞。,"It means questioning why a decisive hero was not banned, criticizing decision-makers for ignoring an obvious threat or key risk and then losing because of the very problem they failed to prevent.",why didn’t they ban Magnus,why not ban the mammoth,why didn’t they nerf the boss,bad draft,non-harmful,Quotation
2261,test,抢五杀,队友抢走最后一击，导致玩家没拿到五杀。,"It refers to a teammate stealing the final kill that would complete a pentakill, preventing the player from getting credit for all five kills in a single streak.",stole my pentakill,steal five kills,stole my chicken dinner,kill secure,non-harmful,Experience
2262,test,完结撒花,作品完结时用于庆祝、纪念或调侃。,"“Throwing flowers at the finale” is used to celebrate, commemorate, or playfully joke about the end of a work such as a series, story, show, or project.",that’s a wrap,ending with flowers scattered,the work has finally ended,roll credits,non-harmful,Experience
2263,train,牛顿气活了,场景太离谱，仿佛违背物理规律。,"It describes something so absurd it seems to violate physics, as if the situation is outrageously unrealistic enough to offend the basic laws of motion and reality themselves.",so physics-defying it would make Newton rise from his grave,Newton got angry back to life,Murphy's Law strikes again,that escalated quickly,non-harmful,Stylistic device
2264,train,你喜欢银杏吗,借“银杏”谐音暗戳戳表白，银为有你，三生有杏，我喜欢银杏，也喜欢你。。,"This phrase is a coded romantic confession that uses a pun on liking ginkgo to indirectly say “I like you,” making the declaration feel playful, subtle, and less openly embarrassing.",a punny coded way to say “I like you”,Do you like ginkgo?,a four-leaf clover for good luck,asking someone out on a date,non-harmful,Quotation
2265,train,我听见雨滴落在青青草地,隐晦指代被戴绿帽。,"This phrase is used as an indirect, joking way to hint that someone has been cheated on, especially by alluding to the idea of being made a cuckold without saying it directly.",you got cucked,I heard raindrops falling on green grass,wearing green for St. Patrick's Day,green with envy,non-harmful,Quotation
2266,train,你惨了你坠入爱河了,调侃某人已经陷入恋爱。,"A playful way to tease someone who has clearly fallen in love, suggesting they are now hopelessly caught up in romantic feelings and can no longer act unaffected.",you’re doomed—you’ve caught feelings,you fell into the river of love,you drank a love potion,love is in the air,non-harmful,Quotation
2267,train,网络街溜子,在各类网络平台之间无目的闲逛的人。,"A person who drifts aimlessly across different websites, apps, or social platforms, browsing here and there without any clear goal, task, or reason for being online.",internet drifter,internet street loafer,aimlessly browsing online,terminally online,non-harmful,Experience
2268,train,我将以高达形态出击,中二式宣言，表示以强大形态出场或行动。,"It means dramatically announcing that you are entering the scene or taking action in an over-the-top heroic mecha style, as if launching in a powerful giant robot form.",Launching in Gundam mode!,I will attack the Gundam,"Avengers, assemble!",main character energy,non-harmful,Quotation
2269,test,什么封把您吹来了,调侃对方是被封面吸引进来的。,"It jokingly teases someone for being drawn in by the cover image or thumbnail, implying they clicked mainly because the cover caught their attention.","came for the thumbnail, huh",what seal blew you here,don't judge a book by its cover,fell for clickbait,non-harmful,Homophonic pun
2270,train,嗨害嗨,魔性打招呼或引起注意的口头梗。,"A catchy meme greeting used in a playful, attention-grabbing way, often repeated for its silly rhythm and infectious sound rather than for any deeper meaning.",a catchy playful meme greeting,hi harm hi,aloha vibes,hey besties,non-harmful,Quotation
2271,train,国宴,形容游戏操作极烂，像顶级“下饭菜”。,"It describes top-tier terrible gameplay that is fun to watch, where someone’s awful moves are so entertainingly bad that viewers enjoy the failure like a premium feast of amusing mistakes.",a feast of throws,state banquet,extremely bad gameplay,skill issue,non-harmful,Stylistic device
2272,train,大冤种,自嘲或调侃倒霉、吃亏、很傻的人。,"A poor unlucky sucker is someone jokingly or self-deprecatingly described as foolish, unfortunate, or taken advantage of, often because they ended up suffering a loss or bad luck in a situation.",poor unlucky sucker,big wronged seed,Karen,clown moment,non-harmful,Slang
2273,train,95加满,调侃油价高、加满油很奢侈。,"It jokingly refers to the strain of high gasoline prices, treating the act of filling up a tank with premium fuel as an expensive luxury and a sign of financial pressure.",filling up with premium is a luxury,fill up to 95 percent,five-dollar gas station coffee,rich people problems,non-harmful,Experience
2274,train,世界上有五种辣,土味情话谐音，用“我想你辣”表达想念。,"A cheesy pun-based line that plays on the sound of “spicy” to express “I miss you,” usually used as a playful or corny romantic message.","I miss you, spicy pun intended",there are five kinds of spicy,I miss you through a pun,cheesy pickup line,non-harmful,Homophonic pun
2275,train,网易云八级,调侃网易云音乐重度用户、有故事、很 emo。,"A certified sad music listener refers to someone jokingly seen as a heavy NetEase Cloud Music user, full of emotional stories and prone to an overly melancholic, emo mood.",certified NetEase Cloud sad-music addict,NetEase Cloud Level 8,Spotify Wrapped overachiever,emo kid,non-harmful,Experience
2276,train,痛失韩国市场,调侃因某手势或表达在韩国引发争议而被抵制。,"Used jokingly to say that someone has “lost the Korean market” after a gesture, phrase, or expression sparks controversy in South Korea and supposedly leads to backlash or boycotts there.",lost the Korean market,painfully missing Korea,K-pop boycott,got canceled online,non-harmful,Experience
2277,train,没说就是零卡,调侃未标明热量就当作零卡。,"It jokes about pretending that any food without a clearly labeled calorie count must have zero calories, usually as a playful excuse to enjoy it guilt-free.","if the calories aren’t listed, they don’t count","if nobody says it, it has zero cards",free refills have no calories,diet starts tomorrow,non-harmful,Quotation
2278,train,比比安慕希,对《Beep Beep I’m a Sheep》的中文空耳。,"This phrase is a Chinese phonetic mishearing of the English lyric “Beep Beep I’m a Sheep,” used humorously because the borrowed sounds resemble an unrelated Chinese-sounding expression.",Beep Beep I’m a Sheep,compare Anmuxi,misheard catchy lyric,earworm,non-harmful,Homophonic pun
2279,train,我奶奶会后空翻,用无厘头理由邀请别人来家里。,"It means using an absurd or random pretext, like claiming a grandmother can do a backflip, as a silly excuse to invite someone over.",a silly excuse to invite someone over,grandma's backflip routine,pics or it didn't happen,Netflix and chill,non-harmful,Experience
2280,train,万物皆可钝角,用“钝角”指代无法解释但可玩梗的困惑事物。,"It means using “obtuse angle” as a deliberately nonsensical meme answer for confusing or unexplainable things, turning bafflement itself into a joke rather than offering a real explanation.",anything can be an obtuse angle,all things are blunt corners,42 is the answer to everything,"no thoughts, head empty",non-harmful,Quotation
2281,train,emoha,emo 与 haha 结合，形容悲伤和开心来回切换。,"“Emoha” describes a mood that rapidly flips back and forth between feeling sad or emotionally down and laughing or acting cheerful, capturing the mixed state of switching between sadness and laughter.",mood whiplash between sadness and laughter,emo plus ha-ha,crying in the club,laughing through the pain,non-harmful,Abbreviation
2282,train,我的哑巴新娘,形容外貌美丽但一开口反差很大。,"It describes someone who looks beautiful and appealing at first, but creates a jarring contrast once they start talking, making people feel they were more attractive when silent.",perfect until they speak,my mute bride,Beauty and the Beast,butterface,harmful,Stylistic device
2283,test,声微饭否,“大声点！没吃饭吗？”的文言式缩写。,"A mock-classical shorthand for “speak louder, didn’t you eat?”, used to tease someone for speaking too quietly or sounding too weak to be heard clearly.","speak up, did you not eat","is your voice weak, have you eaten",speak louder,use your indoor voice,non-harmful,Abbreviation
2284,test,德华,假期里帮亲戚照顾孩子的大学生。,"A college student stuck babysitting relatives’ kids during a holiday, often implying they were drafted into unpaid childcare for family instead of enjoying their own break.",college student roped into family holiday babysitting,Dehua,holiday elf,camp counselor,non-harmful,Quotation
2285,test,钵钵鸡,因魔性叫卖声走红的四川小吃梗。,"It refers to a catchy street-food chant meme that became popular online because of a hypnotic vendor-style call advertising a Sichuan snack, often repeated or remixed for its addictive rhythm.",Boboji street-food chant meme,bowl-bowl chicken,ice cream truck jingle,jingle stuck in my head,non-harmful,Quotation
2286,train,你真是饿了,讽刺某人低标准、没底线或饥不择食。,"It jokingly teases someone for having extremely low standards, implying they are so desperate or undiscerning that they will accept almost anything.",you must be desperate,you are really hungry,you should get something to eat,hangry,harmful,Quotation
2287,train,内娱嫂子,指内娱男明星的女友或妻子。,"In Chinese entertainment fandom slang, this refers to a Chinese male celebrity’s girlfriend or wife, often discussed by fans in relation to the star’s public image, relationships, or dating rumors.",fandom sister-in-law,domestic-entertainment sister-in-law,an older female fan in Chinese entertainment fandom,celebrity crush,non-harmful,Experience
2288,train,我怀疑你在开车,调侃对方话里有隐晦色情意味。,This phrase jokingly means that someone suspects the other person is making a dirty joke or hinting at something sexual beneath an otherwise ordinary statement.,That sounds like a dirty joke,I suspect you are driving,road rage,go to horny jail,non-harmful,Experience
2289,train,张万森下雪了,文艺式表达思念，“下雪了”暗示“我想你”。,"“Zhang Wansen, it’s snowing” is a poetic, indirect way to say “I miss you,” using the image of snowfall as a sentimental cue for longing and unspoken affection.",I miss you,"Zhang Wansen, it’s snowing", a snow reference,"the moon is beautiful, isn’t it",non-harmful,Quotation
2290,train,使用科技,调侃做作业时依赖搜题软件等技术手段。,"It jokingly refers to relying on technology such as homework-solving apps, search tools, or other shortcuts to complete assignments instead of working through the problems oneself.",using homework-solving apps as a shortcut,use technology,STEM education,"work smarter, not harder",non-harmful,Experience
2291,test,糊穿地心,饭圈夸张说法，形容人气暴跌、糊到极致。,"It is an exaggerated fandom phrase meaning someone or something has become extremely irrelevant or unpopular, with their fame or public attention falling so low that they seem completely forgotten.",flopped into oblivion,flop through the earth’s core,popularity has fallen badly,fell off,non-harmful,Experience
2292,train,汗流浃背了吧,嘲讽对手实力不行，被强势局面压得很狼狈。,"This phrase teases an opponent for being under pressure, implying they are overwhelmed by a stronger position or superior performance and are now struggling awkwardly because they cannot keep up.",feeling the pressure now?,"sweating through your shirt, huh",you just got ratioed,"nice try, buddy",non-harmful,Quotation
2293,train,当代华佗,短视频中用搞笑方式解决“疑难杂症”的医生式人物。,"A humorous miracle doctor figure who appears in short videos as a doctor-like character solving strange or difficult “medical” problems in an exaggerated, comic way.",modern-day miracle doctor,contemporary Hua Tuo,a funny modern doctor figure,WebMD moment,non-harmful,Stylistic device
2294,test,男人至死是少年,调侃男人永远热血、幼稚或保持童心。,"It jokingly means that men never fully grow out of boyishness, staying passionate, immature, or childlike no matter how old they become.",men are always boys at heart,men die as young boys,forever young,boys will be boys,non-harmful,Quotation
2295,test,遥遥领先,夸张表示优势明显、远超对手。,"It is an exaggerated way to describe someone or something as being far ahead of everyone else, with a clear and overwhelming advantage over competitors or peers.",miles ahead,leading by remote control,the early bird gets the worm,ahead of the curve,non-harmful,Quotation
2296,train,公主请上车,调侃式邀请或迎接，带一点夸张服务感。,"A jokingly formal invitation for someone to get in, treating them like royalty with exaggerated politeness and playful service.","your carriage awaits, princess","princess, please get in the car",please get in with royal treatment,your Uber is here,non-harmful,Quotation
2297,train,hhh,“哈哈哈”的拼音首字母，表示笑或浅笑。,"“hhh” is online laughter in Chinese initials, used like a shorthand for laughing, chuckling, or reacting with mild amusement in casual internet conversation.",haha / lol,the letters H-H-H,online crying,hmm,non-harmful,Abbreviation
2298,train,租给大学生,调侃狭小空间也能出租给预算有限的大学生。,It jokingly suggests that even an absurdly tiny or cramped space could be rented out to budget-limited university students desperate for cheap housing.,rent it to broke college students,college students for rent,Airbnb it as a capsule hotel,tiny house living,non-harmful,Experience
2299,train,子弹正中眉心,年轻时的选择在多年后产生深远影响。,"It describes the feeling when a choice made long ago suddenly reveals its powerful consequences years later, as if that past decision has finally hit you directly and painfully.",a past choice finally came back to hit me years later,the bullet hit right between the eyebrows,dodged a bullet,core memory unlocked,non-harmful,Quotation
2300,train,尊嘟假嘟,“真的假的”的可爱谐音，表示惊讶或疑问。,"It is a cutesy, playful way of saying “for real?” or “is that true?”, used to express surprise, disbelief, or a lighthearted question about whether something is genuine.",for real?,zundu jiadu,truth or dare,you must be joking,non-harmful,Homophonic pun
2301,train,嘴强王者,口头上很厉害，实际行动能力不足。,"A “someone who talks big but cannot perform” refers to a person who sounds highly capable, confident, or tough in conversation but lacks the real ability, action, or results to back up their words.",all talk and no action,mouth-strong king,smooth talker,trash talker,non-harmful,Homophonic pun
2302,train,水泥封心,感情受伤后不再轻易动心。,"It describes someone closing their heart after emotional hurt, becoming guarded and unwilling to fall in love or trust romantic feelings easily again.",closed off after heartbreak,cement-sealed heart,wear your heart on your sleeve,cold-hearted,non-harmful,Stylistic device
2303,train,如来,用模棱两可的话回应催促，表示可能正在来或还没来。,"It is a vague, noncommittal reply to someone asking whether something is coming, implying that it may be on the way or may not have arrived at all.",It may or may not be on its way,Tathagata,the Second Coming,I'm on my way,non-harmful,Quotation
2304,test,你很chill,形容一个人很酷、随性、淡定。,"It describes someone as relaxed, cool, easygoing, and unbothered, suggesting they stay calm and casual without getting stressed or overly affected by what is happening.",you’re so chill,you are very cold,Netflix and chill,good vibes only,non-harmful,Slang
2305,train,我父亲配享太庙,讽刺自大、摆出不可冒犯的姿态。,"Used sarcastically to mock someone who acts grandiose and untouchable, as if their status or importance is so elevated that ordinary criticism or disagreement should not apply to them.",acting like you’re above criticism,my father deserves a place in the ancestral temple,resting on one’s laurels,do you know who I am?,non-harmful,Quotation
2306,train,曹操盖饭,从愤怒到冷静接受现实的情绪反转。,"It describes an emotional reversal where someone starts out angry or resistant, then quickly calms down and accepts the reality of the situation.",speedrunning from anger to acceptance,Cao Cao rice bowl,"Et tu, Brute?",having a mood swing,non-harmful,Quotation
2307,train,女娲毕设,形容一个人各方面都非常完美。,"Describes someone so perfect in appearance, ability, personality, or overall qualities that they seem specially made as an exceptional final masterpiece rather than an ordinary person.",God’s finest creation,Nüwa’s graduation project,Pandora’s box,an overachiever,non-harmful,Stylistic device
2308,train,人菜瘾大,技术很差但特别爱玩。,"Describes someone who is bad at the game but addicted to playing, often continuing enthusiastically despite poor skill, repeated losses, or clearly being far less capable than other players.",terrible at the game but can't stop playing,"bad person, big addiction",practice makes perfect,skill issue,harmful,Experience
2309,train,纯爱战士,坚持纯真、专一、高尚爱情观的人。,"A “pure love warrior” is someone who firmly believes in pure, sincere love, valuing innocence, loyalty, and a noble, wholehearted view of romantic relationships.",pure-love warrior,a soldier made of pure love,knight in shining armor,hopeless romantic,non-harmful,Quotation
2310,test,画质不如原神,调侃某内容画质或审美被拿来和《原神》比较。,"Used jokingly to mock a piece of content by saying its graphics, visual quality, or aesthetic appeal are worse than Genshin Impact, often as a playful comparison rather than a serious technical critique.",worse-looking than Genshin Impact,painting quality unlike the Original God,Skyrim belongs to the Nords,console war,non-harmful,Quotation
2311,test,中了基因彩票,外貌或天赋遗传极好，像中了大奖。,"It means being born with excellent genes, such as exceptional looks or natural talent, as if one had won a lucky genetic lottery at birth.",won the genetic lottery,got hit by a gene lottery,born with a silver spoon,pretty privilege,non-harmful,Stylistic device
2312,train,秦始皇摸电线,“赢麻了”的谐音梗，表示赢得太多以至于麻木。,"It describes someone winning so much that one feels numb to the success, using a pun to exaggerate a state of repeated victories beyond normal excitement.",won so hard I’m numb,Qin Shi Huang touches an electric wire,won so much it feels unreal,shocking victory,non-harmful,Homophonic pun
2313,train,行走的50万,指可举报并获得奖金的危害国家安全人员。,"It describes someone viewed as basically a walking reward bounty, meaning a person suspected of endangering national security whose report or capture could supposedly earn the informer a cash reward.",walking bounty,walking five hundred thousand,a rich person walking around with cash,walking red flag,harmful,Experience
2314,train,孔乙己脱不下的长衫,高学历或身份想象难以转化为现实成功的压力。,"It describes the frustration of being trapped by an educated identity that no longer pays off, where degrees, status expectations, or self-image create pressure but fail to translate into real success.",overeducated and underemployed,Kong Yiji cannot take off his long gown,a scholar worried about changing clothes,ivory tower problem,non-harmful,Quotation
2315,train,上山的人不要嘲讽下山的神,不要轻视看似失势的人，因为对方曾经很强。,"It means you should not mock a fallen expert or former legend who appears to have lost status, because that person was once highly capable, respected, or powerful.",don’t mock a fallen legend,people climbing the mountain should not mock the god coming down,hikers should respect people going downhill,every dog has his day,non-harmful,Experience
2316,test,拜托超酷的好吗,用台湾腔式语气表示某事非常酷、很厉害。,"“Come on, that is extremely cool” is said in a playful Taiwanese-style tone to emphasize that something is very cool, impressive, or awesome.","come on, that’s cool as hell","please be extremely cold, okay",keep calm and stay frosty,"cool story, bro",non-harmful,Experience
2317,train,shut up and take my money,表达强烈购买欲，愿意立刻为某物付钱。,"It means I want this so badly that I will pay now, expressing an eager, almost impatient willingness to buy something immediately.",shut up and take my money,shut your mouth and grab my cash,stop talking about money,cash grab,non-harmful,Quotation
2318,train,不开心你就去soul啊,调侃不开心的人去社交软件排解情绪。,"This phrase jokingly tells someone who is unhappy to go on the social app Soul to vent, seek company, or distract themselves from their bad mood.","if you’re unhappy, go vent on the Soul app",use your soul to cure your sadness,go swipe on Tinder when you’re sad,touch grass and cheer up,non-harmful,Quotation
2319,train,鼠人,自嘲社会底层、卑微无力的小人物。,"It is a self-deprecating term for a low-status nobody, used to describe someone who feels insignificant, powerless, and stuck at the bottom of society.",lowly little rat,rat person,someone who keeps pet rats,basement dweller,non-harmful,Experience
2320,train,鼠鼠,自称渺小、卑微、没存在感的人。,"A self-deprecating “little rat” identity used by people to describe themselves as small, humble, insignificant, or lacking any real presence, often with a tone of playful resignation or low self-worth.",little rat me,mouse mouse,a cute little pet mouse,sad hamster,non-harmful,Experience
2321,train,鼠鼠我啊,用“鼠鼠”自我贬低，表达丧文化式自嘲。,"A self-deprecating meme phrase where the speaker casts themselves as a pitiful little rat, using exaggerated self-pity and loser-style humor to mock their own misfortune or lowly status.","it’s me, the little rat",as for mouse-mouse me,talking from a mouse’s point of view,me fr,non-harmful,Experience
2322,train,人矿,将普通人比作被消耗的人力资源，带无奈和讽刺。,"This meme sarcastically describes ordinary people as expendable human resources, emphasizing a bleak sense that they are mined, consumed, and discarded by systems that value them only for their labor.",expendable human resources,a mine full of people,a coal miner,wage slave,non-harmful,Stylistic device
2323,train,天选做饭人,家里其他人都病倒后，唯一没病的人负责做饭照顾。,"It describes the only healthy person in a household, after everyone else has fallen ill, who ends up being “chosen” to cook meals and care for the others.",the last healthy one stuck cooking,heaven-chosen cooking person,a born chef,designated driver,non-harmful,Experience
2324,test,给义乌一点时间,等待义乌生产出便宜替代品。,"It means that if people wait a little, Yiwu’s manufacturers will soon produce a cheap substitute or knockoff version of whatever expensive or hard-to-get item is being discussed.",just wait for the Yiwu knockoff,give Yiwu a little time,wait for Yiwu to deliver the package,made in China,non-harmful,Experience
2325,train,宝娟我的嗓子,形容喉咙痛、嗓子哑。,"This phrase is used humorously to complain that someone’s throat hurts, feels scratchy, or has gone hoarse, often exaggerating the discomfort in a meme-like way.",My throat is killing me,"Baojuan, my throat",Baojuan lost her voice,I'm speechless,non-harmful,Quotation
2326,train,我先润了,“润”为 run 的谐音，表示赶紧跑路。,"“I am getting out of here first” means the speaker is jokingly or casually saying they will quickly leave, escape, or remove themselves from a situation before things get worse or become inconvenient.",I’m gonna run,I will moisten first,I will make it wet first,I’ll be back,non-harmful,Homophonic pun
2327,test,我先run了,表示赶紧离开、跑路。,"I am going to run away first"" means the speaker is saying they will quickly leave or escape before others, often in a joking or casual way when a situation feels awkward, risky, or troublesome.",I’m out,I will run first,I will go jogging first,gotta go fast,non-harmful,Experience
2328,train,为什么你能发语音,文字写得太生动，仿佛能听见语气。,"Used when written text is so vivid, expressive, or tone-rich that readers feel as if they can actually hear the speaker’s voice or delivery behind the words.",why can I hear this,why can you send voice messages,why can you upload audio here,voice note,non-harmful,Experience
2329,train,撒旦身上纹着你,夸张形容某人比撒旦还邪恶、狠毒或离谱。,"It describes someone as so extremely evil, cruel, or outrageous that even Satan would look up to them, as if admiring their wickedness enough to have them tattooed on his body.",so evil even Satan would have you tattooed on him,you have Satan tattooed on you,a deal with the devil,devil energy,harmful,Experience
2330,train,巴山楚水凄凉地,古诗词接英文押韵句的魔性混搭梗。,"A humorous meme style that takes a solemn line from classical Chinese poetry and unexpectedly follows it with a rhyming English phrase, creating a deliberately absurd cross-language contrast.",poetry meme remix,"Bashan and Chushui, a desolate land",a sad poem about traveling far away,Chinglish poetry,non-harmful,Quotation
2331,train,小布丁,用于讽刺利己主义或无底线选择的网络梗。,"This meme is used to mock people who make selfish, opportunistic, or morally questionable choices, especially when they seem willing to ignore basic principles or boundaries for personal benefit.",a shamelessly self-serving move,little pudding,a cheap ice cream snack,trolley problem,non-harmful,Quotation
2332,test,这跟在大街上拉屎有什么区别,形容行为极其尴尬、失态或让人不适。,"It means that someone’s words or actions are so painfully awkward, embarrassing, or socially unacceptable that they make others feel shocked, uncomfortable, or secondhand embarrassed.",that's painfully cringe,how is this different from defecating on the street,this is a public sanitation issue,public humiliation,non-harmful,Experience
2333,train,竹丝炒肉,比喻用竹条打屁股或打手心，形容挨打受罚。,"It means getting punished by being struck with a bamboo switch, usually on the buttocks or palms, as a vivid way to describe being beaten or disciplined.",getting the switch,stir-fried pork with bamboo strips,eating a bamboo-and-pork dish,"spare the rod, spoil the child",non-harmful,Experience
2334,train,你舅惯着他爸,“你就惯着他吧”的谐音梗，提醒别过度纵容。,This phrase is a joking pun used to tell someone that they are spoiling or enabling another person too much and should stop indulging their behavior.,stop enabling him,your uncle spoils his dad,a family elder spoiling another elder,daddy issues,non-harmful,Homophonic pun
2335,train,这把高端局,面对紧张、尴尬或危险局面时，表示很难应对。,"This meme is used when someone faces a tense, awkward, or risky situation, meaning this situation is unusually difficult to handle and requires unusually careful or skillful handling.",this is hard mode,this round is a high-end match,a game lobby with expert players,skill issue,non-harmful,Experience
2336,train,足球反着买别墅靠大海,调侃足球比赛结果难料，反着下注可能赚大钱。,This meme jokes that soccer match outcomes are so unpredictable that betting against the expected result might be the smartest move and could even make someone rich enough to afford a seaside villa.,fade the favorites and get rich,buy football backwards and get a seaside villa,buying football gear in reverse order,easy money,non-harmful,Experience
2337,train,沃斯尼蝶,“我是你爹”的谐音骂人梗。,"This meme is a homophonic, joking insult that sounds like the phrase “I’m your dad,” used to mock someone by claiming superiority over them in a playful or rude way.",I’m your dad,Wosini butterfly,a strange kind of butterfly,your mom joke,harmful,Homophonic pun
2338,train,爷满离,“爷满意地离开了”的缩写，表示看完很满足。,"It means leaving fully satisfied after seeing good content, especially after watching or reading something so enjoyable, impressive, or pleasing that one feels completely content and ready to go.",I can leave satisfied now,grandpa satisfied leaves,an old man leaving the room,mic drop,non-harmful,Experience
2339,test,这是评论区不是无人区,提醒人在公开评论区注意言行。,"This phrase reminds people that a public comment section is not a lawless or rule-free space, so they should watch their words and behave appropriately when posting.","this is a comment section, not the Wild West","this is a comment area, not a no-man’s land",commenting in an empty desert,free-for-all,non-harmful,Experience
2340,test,你已经没有在乎的人了吗,自嘲或调侃一个人已无所顾忌、不怕尴尬。,It jokingly teases someone for acting so shamelessly or recklessly that they seem to have no one left whose opinion they care about or could be embarrassed for.,have you no shame?,do you no longer have anyone you care about,you have no family or friends at all,nothing left to lose,non-harmful,Experience
2341,train,闪光弹,指情侣秀恩爱或炫耀行为让人“被闪瞎”。,"A ""flashbang"" describes a blinding display of PDA or showing off, especially when a couple publicly flaunts affection so intensely that onlookers feel overwhelmed or jokingly ""blinded"" by it.",PDA flashbang,flash grenade,a literal bright explosive device,humblebrag,non-harmful,Experience
2342,train,1080P,“HD”谐音“坏蛋”，用于隐晦骂人。,"“1080P” is used as a disguised insult because it plays on the sound of “HD,” making it a punny way to call someone a bad guy without saying it directly.","HD, as in “bad guy”",ten-eighty P,high-definition video quality,4K insult,harmful,Abbreviation
2343,train,人死了嘴还是硬的,明知错误仍不承认，还继续嘴硬。,"It describes someone who has clearly been proven wrong or defeated but still stubbornly refuses to admit fault, continuing to argue or act defiant despite having no real justification.",doubling down to the grave,"even dead, the mouth is still hard",a corpse with stiff lips,cope harder,harmful,Experience
2344,train,少拿原版骗我,夸二创太好，调侃原版反而像假的。,It jokingly praises a fan edit or remake as so convincing and well-made that the actual original looks like the fake version by comparison.,stop passing the original off as the edit,stop using the original version to trick me,selling a fake copy as original,director’s cut,non-harmful,Experience
2345,train,傻悲,傻傻地提前悲观，没事先难过。,"It describes silly premature pessimism, where someone becomes sad or negative in advance even though nothing bad has actually happened yet.",preemptive doomerism,stupid sadness,a tragic fool in a story,doomer,non-harmful,Quotation
2346,train,上岸第一剑先斩意中人,成功上岸后抛弃原来的恋人。,"It refers to dumping one’s partner after achieving upward mobility, especially when someone gains a better job, status, or life situation and then abandons the romantic partner who was with them before.",upgrade and dump your partner,first sword after landing cuts the loved one,sword-fighting after reaching shore,glow-up,non-harmful,Experience
2347,train,我承认我刚才说话声音有点大,被打脸后承认刚才态度太强硬。,"It means admitting that one spoke too confidently or forcefully earlier after being proven wrong, often with a self-deprecating acknowledgment that their previous attitude was too bold.",I may have spoken too soon,I admit my voice was a bit loud just now,apologizing for speaking too loudly,my bad,non-harmful,Experience
2348,test,想刀一个人的眼神是藏不住的,敌意或杀气已经明显写在脸上。,"The phrase means that someone’s hostile look is impossible to hide, because their anger, resentment, or murderous intent is already written clearly on their face.",if looks could kill,the eyes wanting to knife someone cannot be hidden,hiding a kitchen knife in one’s eyes,giving someone the side-eye,non-harmful,Experience
2349,train,不听老人言开心好几年,反转“不听老人言吃亏在眼前”，表示不听也可能很快乐。,"This meme flips the usual warning about ignoring elders, suggesting that disregarding old advice might not lead to trouble and could instead make life happier for years.",ignore the elders' advice and be happier for it,not hearing old people talk,OK boomer,youthful rebellion,non-harmful,Experience
2350,train,我选蓝色药丸,对选择题式帖子不耐烦，直接反向选择或拒绝参与。,"The phrase means dismissing a forced-choice “pick one” post by choosing the blue pill, signaling impatience with the setup and refusing to seriously participate in the offered options.",I’m not playing this game,I choose the blue pill,take the red pill,hard pass,non-harmful,Quotation
2351,train,水一百度会开人一百度会死,劝人别靠百度自诊，容易被吓到或误导。,"This meme warns people not to self-diagnose by searching symptoms online, because doing so can easily mislead them, exaggerate their fears, or make minor problems seem terrifying.",don’t Google your symptoms,water at 100 degrees boils; people at Baidu die,a physics fact about boiling water,WebMD panic,non-harmful,Experience
2352,test,颜值即正义,用来表达对外貌美丽的高度赞赏，强调颜值带来的优势。,"This phrase means that good looks are treated as a powerful advantage, expressing strong admiration for attractive appearance and implying that beauty can bring special approval, influence, or easier treatment.",beauty is justice,face value equals justice,justice depends on moral character,pretty hurts,non-harmful,Experience
2353,train,你真该死啊,对朋友突然幸福的羡慕式调侃祝福。,"A teasing phrase used toward a friend who suddenly has good fortune or happiness, expressing jealous but affectionate congratulations while jokingly pretending their enviable situation is almost too unfair to tolerate.","congrats, I hate you",you really deserve to die,you did something unforgivable,go to hell,non-harmful,Quotation
2354,train,我反对这门亲事,玩笑式反对别人公开恋情，实际带祝福或心碎调侃。,"This phrase is used to jokingly object to someone’s relationship announcement, often as playful mock jealousy, pretend heartbreak, or teasing disapproval while still implying good wishes for the couple.",I jokingly object to this relationship,I oppose this arranged marriage,speak now or forever hold your peace,I'm happy for you two,non-harmful,Experience
2355,test,麻辣毛蛋,因特殊叫卖声走红的麻辣小吃梗。,A spicy street-food chant meme referring to a hot snack that became an internet joke because of its distinctive vendor call or sales chant.,spicy balut chant,spicy hairy egg,a spicy boiled egg dish,hot wings challenge,non-harmful,Quotation
2356,test,食大便了,“时代变了”的谐音，用于感叹时代变化或技术进步。,"A crude sound-alike pun for “the times have changed,” used to jokingly or irreverently express surprise at social change, shifting norms, or technological progress.",the times have changed,ate poop,the food has gone bad,shit happens,non-harmful,Homophonic pun
2357,test,核区房,靠近核酸检测点、方便做核酸的房源。,"Housing near a PCR testing site refers to homes located close to a COVID PCR testing point, valued because residents can conveniently get tested without traveling far.",PCR-site-adjacent housing,nuclear-zone housing,a house near a nuclear plant,prime real estate,non-harmful,Experience
2358,train,上班丑关我下班什么事,上班形象随意，下班后光鲜亮丽的反差。,"It means that the unpolished, careless version of me at work has nothing to do with the stylish, polished version of me after hours, because work-me and off-duty-me are different people.",off-duty glow-up,being ugly at work has nothing to do with after work,I look bad all day,work-life balance,non-harmful,Experience
2359,train,乐山大佛,讽刺站在道德高处指责别人、缺乏理解的人。,"It refers to someone acting morally superior online, criticizing others from a self-righteous position while showing little empathy or understanding for the situation.",holier-than-thou,Leshan Giant Buddha,a famous Buddhist statue in Sichuan,keyboard warrior,non-harmful,Stylistic device
2360,train,杀我别用感情刀,表达情感伤害比身体伤害更难承受。,"It means that emotional hurt cuts deeper than physical harm, describing how betrayal, heartbreak, or affection used against someone can feel more painful and unbearable than any physical injury.",emotional damage,"kill me, but not with an emotional knife",I am afraid of real knives,stabbed in the back,non-harmful,Experience
2361,train,前列腺刹车,动漫式夸张搞笑的“身体部位急刹车”梗。,"An absurd anime-style emergency brake gag, describing a wildly exaggerated slapstick moment where a character appears to stop suddenly using an impossible or ridiculous body-part-based braking action.",an absurd body-part emergency-brake gag,a prostate-shaped brake pedal,a medical prostate exam joke,a dramatic emergency stop,non-harmful,Stylistic device
2362,test,格局打开,调侃或建议别人放宽视野、从更大角度看问题。,"It jokingly or sincerely tells someone to think bigger and stop being narrow-minded by widening their perspective and considering the issue from a broader, more strategic angle.",think bigger,open the pattern,rearrange the room layout,big brain move,non-harmful,Experience
2363,train,孩子飞出来了,夸张形容对方魅力极强，让人瞬间“想生孩子”。,"This phrase jokingly exaggerates that someone is so attractive or charming that they instantly triggers baby fever, as if the viewer suddenly wants to have children with them.",you just gave me baby fever,the child flew out,baby on board,marriage material,non-harmful,Stylistic device
2364,train,在线等挺急的,求助帖中表示急需回答，常带调侃。,"Used in help-seeking posts, this phrase means the person is asking online for urgent help or a quick answer, often with a slightly joking or self-aware tone about their impatience.","urgent help needed, waiting online",waiting on the internet,on hold with customer support,asking for a friend,non-harmful,Experience
2365,train,年轻人不要太气盛,提醒或调侃年轻人不要过于自信、嚣张。,"It is used to warn or tease a young person who seems overly confident, arrogant, or reckless, telling them not to get too cocky or carried away.","don’t get cocky, kid",young people should not be too angry,young people should control their temper,OK boomer,non-harmful,Quotation
2366,train,再爱就不礼貌了,表示喜欢或投入到此为止，再继续就过了。,"It jokingly means that one has already shown enough affection or enthusiasm, and going any further would feel excessive, awkward, or beyond the appropriate limit.",any more and it'd be rude,more love means better manners,love is taboo in public,too much information,non-harmful,Quotation
2367,test,世界名画,对少见、戏剧性或离谱画面的惊叹和戏谑。,"It jokingly describes a rare, absurd, or highly dramatic scene as if it were an iconic masterpiece, emphasizing that the moment looks striking enough to be remembered like a famous painting.",accidental Renaissance,the whole world is a painting,a museum masterpiece,picture of the year,non-harmful,Stylistic device
2368,train,我赌你的枪里没有子弹,面对明显危险仍自信嘴硬或赌对方不敢动手。,"It means calling someone’s bluff in a risky situation, acting confident or stubborn despite obvious danger because you believe the other person will not actually follow through.",I’m calling your bluff,I bet your gun has no bullets,you forgot to bring ammunition,famous last words,non-harmful,Quotation
2369,train,试试就逝世,调侃尝试危险行为可能直接出事。,"This phrase jokes that attempting a risky or reckless action might immediately go disastrously wrong, meaning that “trying it could get you killed.”",try it and die,try it twice,break a leg,YOLO,non-harmful,Homophonic pun
2370,train,无敌的佐菲倒下了,看似强大的人或角色突然被打败，形成反差。,"“The supposedly invincible one has fallen” describes a seemingly powerful person or character being suddenly defeated, creating humor or drama through the contrast between their expected strength and unexpected collapse.",the mighty have fallen,invincible Zoffy has fallen,the hero can never lose,hero never dies,non-harmful,Quotation
2371,train,王宝钏挖野菜,形容恋爱脑，为爱情过度牺牲自我。,"It describes someone who is so blinded by love that they foolishly sacrifices their own needs, dignity, or well-being for a romantic relationship.",love-brained doormat,Wang Baochuan digs wild vegetables,rural survival after marriage,ride or die,non-harmful,Quotation
2372,train,37度2,用体温升高表达心动、喜欢一个人的感觉。,"It describes the fluttery romantic feeling of liking someone, as if your body temperature has risen slightly into a gentle “love fever” caused by attraction or a crush.",a slight love fever from having a crush,thirty-seven point two degrees,running a low-grade medical fever,nervous butterflies before a speech,non-harmful,Stylistic device
2373,train,智商盆地,调侃或讽刺一个人的智商水平较低。,"It is used to mock or sarcastically describe someone as having very low intelligence, implying their thinking ability is far below normal in a humorous or insulting way.",low IQ zone,IQ basin,a low-lying geographic area,brain fog,harmful,Stylistic device
2374,train,微瑕,表面说轻微瑕疵，实际常调侃缺陷很明显。,"It means jokingly calling an obvious flaw a tiny defect, often using understated language like “minor imperfection” to mock how noticeable or serious the problem really is.",a glaring flaw jokingly called minor,tiny flaw,mint condition,dealbreaker flaw,non-harmful,Quotation
2375,train,人类的本质复读机,调侃人们在网络中不断重复他人话语。,"This meme jokes that people online often act like repeaters, constantly copying and echoing the same phrase or opinion they see from others.",humanity is a copy-paste machine,human nature is a repeater,a machine that records human speech,echo chamber,non-harmful,Experience
2376,test,我完事了,看到福利内容后，用内涵方式表示已经“结束”。,"An innuendo used after seeing sexually suggestive or fan-service content, implying that the speaker has already “finished” or reached the expected reaction.",I’m done,I have finished the matter,I finished my homework,mission accomplished,non-harmful,Experience
2377,train,省油的灯,形容人好对付、单纯、没有太多心机。,"It describes someone who is easy to deal with, straightforward, and not troublesome, often implying they are simple-minded or lack hidden schemes.",easy to handle,fuel-saving lamp,a lamp that saves electricity,not the sharpest tool,non-harmful,Slang
2378,train,别进直播间,提醒不要被封面吸引，进入后可能发现反差很大。,"A warning not to enter the stream because the thumbnail may be misleading, suggesting that what looks attractive from the cover may turn out very different or disappointing once opened.",thumbnail clickbait warning,don’t enter the livestream room,the livestream is members-only,looks better on the thumbnail,non-harmful,Experience
2379,train,写进教科书,调侃某条评论或操作太经典，值得学习。,"Used jokingly to say that a comment, move, or action is so classic, clever, or representative that it deserves to be studied as an example in a textbook.",textbook example,write it into the textbook,publish a school textbook,put this in a museum,non-harmful,Experience
2380,train,本草纲目,指刘畊宏健身操中令人“闻风丧胆”的周杰伦歌曲。,"Ben Cao Gang Mu"" refers to the Jay Chou song used in Liu Genghong's workout routines, known as the workout song that signals intense exercise and makes viewers brace for a demanding fitness segment.",the dreaded Liu Genghong workout song,an herbal medicine compendium,a taichi healing soundtrack,a high-energy gym playlist,non-harmful,Quotation
2381,train,孤勇者小孩,指小孩群体中几乎都会唱《孤勇者》的现象。,"It refers to the widespread phenomenon of children being collectively obsessed with the song Lonely Warrior, to the point that many kids can sing it and recognize it as a shared pop-cultural favorite.",Lonely Warrior kids,lonely brave children,children who fight alone,baby shark generation,non-harmful,Experience
2382,train,尿遁,借口上厕所来逃避尴尬、责任或棘手局面。,"It means escaping an awkward, difficult, or responsibility-laden situation by pretending that one needs to go to the bathroom, using the excuse as a convenient way to leave.",bathroom escape,urine escape technique,running away because of illness,bathroom break,non-harmful,Experience
2383,train,我好了,用内涵方式表示已经满足或“结束”。,"An innuendo-laced phrase used to imply that one is now satisfied, fulfilled, or “done,” often after seeing or experiencing something especially pleasing or exciting.","I’m done now, if you know what I mean",I’ve recovered now,Netflix and chill,That made my day,non-harmful,Experience
2384,train,好多丧尸在啃人,讽刺情侣在公共场合亲热，像丧尸啃人。,"A joking way to mock couples passionately making out in public, comparing their kissing and touching to zombies hungrily gnawing on people.",zombie-level PDA,many zombies are biting people,a horror scene with zombies,PDA overload,non-harmful,Stylistic device
2385,train,让子弹飞申遗,调侃《让子弹飞》梗太多，值得列入文化遗产。,It jokingly suggests that Let the Bullets Fly has produced so many widely used memes and references that the film deserves to be nominated or recognized as cultural heritage.,Let the Bullets Fly deserves meme-heritage status,let the bullets fly to apply for heritage status,submit Citizen Kane to UNESCO,cult classic,non-harmful,Experience
2386,train,懂王,嘲讽一知半解却自以为什么都懂的人。,"It mockingly describes someone who acts like they know everything, often despite having only a shallow or partial understanding of the topic.",know-it-all,king of understanding,the Philosopher King,backseat driver,harmful,Experience
2387,train,bking,调侃一个人很会装酷、装逼，或气场很强。,"“bking” jokingly describes someone who acts extremely cool and showy, often putting on a strong, stylish, or self-important persona to impress others.",king of flexing,B king,the king of the letter B,main character energy,non-harmful,Experience
2388,train,平角裤,“贫弱”的空耳梗，用来嘲讽对手太弱。,"This misheard JoJo meme is used to mock an opponent as “too weak,” implying they are feeble, unimpressive, or not worth taking seriously in a confrontation.",too weak,boxer shorts,square underwear,"nice try, rookie",harmful,Homophonic pun
2389,train,好pay,“好配”的谐音，表示两人很般配。,"“Good pay” is a punny sound-alike way to say that two people seem very compatible, well-suited, or naturally matched as a pair.",they look so good together,very pay,this costs a lot,ship it,non-harmful,Homophonic pun
2390,train,微信文字讨好症,通过可爱、亲切的文字让语气显得讨好和无攻击性。,"The phrase describes over-softening text messages with cute, friendly, or overly gentle wording so the tone sounds pleasing, non-threatening, and eager to avoid seeming rude or confrontational.",over-friendly texting,WeChat text-pleasing syndrome,a disease caused by texting too much,people pleaser,non-harmful,Experience
2391,train,女同竟在我身边,看到百合情节时的兴奋调侃。,"An excited, teasing reaction used when someone notices yuri, lesbian-coded chemistry, or sapphic undertones close at hand, as if playfully discovering that such content is happening right beside them.",yuri was here all along,lesbians are actually beside me,discovering someone’s private identity,yuri bait,non-harmful,Experience
2392,train,失败的man,“Spiderman”的谐音，调侃失败或不达预期。,"“Failed man” is a pun on “Spiderman” used jokingly to call someone a failure or mock them for doing badly, falling short of expectations, or messing something up.",Failure-Man,a man who failed an exam,Spider-Man fanboy,try-hard,non-harmful,Homophonic pun
2393,train,你在玩很新的东西,高情商地评价离谱、迷惑或难以理解的行为。,"This phrase is a tactful way to say that someone is doing something bizarre, confusing, or hard to understand, while sounding more polite than directly calling their behavior ridiculous.",that’s a very new move,you are playing something very new,testing a newly released game,galaxy-brain take,non-harmful,Experience
2394,train,我没有惹你们任何人,表达自己无辜受害、被针对的委屈。,"Used to complain in a wronged or aggrieved tone that one is innocent, has not provoked anyone, and therefore did nothing to deserve being targeted, blamed, mocked, or treated badly.",what did I do to deserve this,I never started a fire with any of you,"not my circus, not my monkeys",leave me alone,non-harmful,Experience
2395,train,荒漠屠夫,指以熟练宰羊技能走红的“荒漠屠夫”形象。,"A viral butcher-like figure known for fast sheep-cutting skill, referring to an internet persona who became popular for expertly and quickly slaughtering and cutting sheep in a desert-like setting.",viral desert sheep butcher,desert executioner,Texas chainsaw killer,viral cooking influencer,non-harmful,Quotation
2396,train,石乐志,“失了智”的谐音，形容失去理智。,"A punny way to say someone has lost their mind, used to describe someone acting irrationally, foolishly, or as if they have completely lost their sense of reason.",lost his mind,Shi Lezhi,a person named Shi Lezhi,brain rot,non-harmful,Homophonic pun
2397,test,人生无常大肠包小肠,用食物谐音调侃人生无常和尴尬处境。,"This phrase jokingly uses a food pun to express that life is absurdly unpredictable, often highlighting awkward, embarrassing, or unexpectedly ridiculous situations with a playful sense of resignation.",life is absurdly unpredictable,"life is impermanent, large intestine wraps small intestine",a Taiwanese sausage snack,that's awkward,non-harmful,Quotation
2398,train,女娲你睡了吗,面对高颜值者时自嘲自己长得不好看。,"Used as self-mockery when seeing someone extremely attractive, joking that the creator must have been asleep or careless when making you compared with such a good-looking person.",Nüwa must have been asleep when making me,Nüwa's sleeping schedule,Venus blessed me with beauty,feeling pressured by beauty standards,non-harmful,Experience
2399,train,半岛铁盒,用周杰伦歌曲名测试对方是否能接梗。,A Jay Chou lyric-based code phrase used to test whether someone recognizes the reference and can respond appropriately to the meme or song-title cue.,Jay Chou code phrase,peninsula iron box,a metal box from a peninsula,name that tune,non-harmful,Quotation
2400,train,前排失语症,抢到评论区前排却不知道说什么。,"The meme refers to getting an early or first spot in a comment section, then suddenly having nothing meaningful, funny, or clever to say despite being in a highly visible position.",first-comment brain freeze,front-row aphasia,losing speech in the front row of a theater,first,non-harmful,Experience
2401,train,你在教我做事啊,对别人指点自己表示不耐烦或调侃。,"It is a sarcastic or teasing way to reject someone’s unsolicited advice, implying annoyance at being told what to do or pushed around by someone offering unwanted instructions.",are you telling me what to do,are you teaching me how to do things,you are giving a formal lesson,backseat driving,non-harmful,Quotation
2402,train,滑马他是天子啊,《甄嬛传》谐音梗，调侃被背叛或戴绿帽的无力感。,"A misheard palace-drama meme about being betrayed, used to jokingly express the powerless feeling of discovering disloyalty, especially romantic betrayal or being cheated on.",the emperor got cucked,"slippery horse, he is the emperor",a horse slipping near the emperor,palace drama,non-harmful,Homophonic pun
2403,train,好死开香槟咯,幸灾乐祸地庆祝讨厌的人遭殃。,"It means gleefully celebrating when someone disliked suffers a setback or misfortune, treating it as deserved payback and reacting with open schadenfreude.","good riddance, pop the champagne","good death, open champagne",champagne problems,karma is a bitch,harmful,Quotation
2404,test,谷圣,对谷爱凌被高度曝光、精英化、神化形象的戏谑称呼。,"This term mockingly refers to the way Gu Ailing is heavily publicized and portrayed as an elite, almost deified figure, with sarcasm toward the glorified image built around her.",Saint Gu,Valley Saint,a saint living in a valley,golden girl,non-harmful,Experience
2405,test,他说他是岛民,故作严肃地解释不明所以的话，让荒谬内容看似合理。,"It means giving a deliberately serious-sounding explanation for something nonsensical or confusing, making absurd content appear as if it has a reasonable interpretation.",straight-faced nonsense explanation,he said he was an islander,island mentality,lost in translation,non-harmful,Quotation
2406,train,我的一些美好的品德都会消失,夸张表达强烈愿望，如果不能实现就会“失去美德”。,"This meme humorously exaggerates a strong desire by saying that if the wish does not come true, one’s good qualities, patience, or moral restraint will disappear.","If this doesn't happen, I will lose my moral restraint",my beautiful virtues will literally evaporate,goody two-shoes,I'm losing my patience,non-harmful,Quotation
2407,train,月亮不睡我不睡,文艺化表达熬夜，像和月亮一起度过长夜。,"A poetic way to describe staying up late, as if spending the long night awake together with the moon instead of going to sleep.",staying up with the moon,the moon never sleeps,once in a blue moon,counting sheep,non-harmful,Stylistic device
2408,train,把狗骗进来杀,突然秀恩爱，让单身者毫无防备地受到刺激。,"It means luring single people into an apparently ordinary situation, then unexpectedly showing off romantic affection or PDA so they feel blindsided, teased, or emotionally attacked.",PDA ambush,trick the dog in and kill it,killing an actual dog after baiting it,dog abuse,non-harmful,Experience
2409,train,叠杀人书,表情包被反复转载后水印层层叠加。,"It refers to meme images that have been reposted so many times that multiple watermarks accumulate in layers, making the repeated circulation visibly obvious.",stacked watermarks,stack the murder book,repeatedly writing names in a death notebook,watermark hell,non-harmful,Stylistic device
2410,test,有一种脑干缺失的美,形容人外表漂亮但显得不太聪明。,"Describes someone who looks attractive or beautiful, but whose expression, behavior, or overall vibe makes them seem unintelligent, blank, or as if there is very little brain activity going on.",pretty but no thoughts,a beauty with a missing brainstem,a medical condition affecting the brainstem,dumb blonde,harmful,Experience
2411,train,被绑架了你就眨眨眼,调侃某人行为反常，像是被迫营业。,"Used to jokingly suggest that someone is acting so unusually or awkwardly that they might be under pressure or forced to behave that way, as if asking them to blink for help.",blink twice if you need help,kidnapped by a blink,Stockholm syndrome,forced smile,non-harmful,Experience
2412,train,你要老婆不要,直接、简单地表达想给对方安排对象或爱情。,"A blunt, straightforward way to offer to set someone up with a wife, partner, or romantic relationship, often framed as if romance can be handed over directly.",Want me to set you up with someone?,Do you want your wife or not?,asking about a marriage license,mail-order bride,non-harmful,Quotation
2413,train,每年桃花开的时候,表达青春失恋、怀念旧情的伤感氛围。,"It evokes a wistful mood of youthful heartbreak and longing for a past love, especially when peach blossoms bloom each year and bring old romantic memories back.",peach-blossom heartbreak,every year when peach blossoms bloom,a seasonal flower-viewing event,spring fever,non-harmful,Experience
2414,test,全员恶人,调侃土味社会人穿搭或“恶人感”风格。,"“Everyone dressed in a tacky tough-guy style” jokingly refers to a group whose outfits or vibe look aggressively flashy, lowbrow, and wannabe intimidating, like exaggerated street toughs trying to appear dangerous.",everyone has a tacky tough-guy look,all members are villains,the Suicide Squad,villain era,non-harmful,Quotation
2415,train,被支配的恐惧,因某事物带来的压迫感而感到无力和恐惧。,"It describes the helpless dread that resurfaces when someone again feels overwhelmed, controlled, or pressured by a powerful thing or situation that once dominated them.",the dread of being dominated again,a phobia of controllers,fear of political domination,PTSD flashback,non-harmful,Quotation
2416,train,摆烂式社交,用摆烂态度面对社交，直白拒绝无效人情往来。,A style of low-effort socializing where someone stops pretending to maintain unnecessary relationships and bluntly refuses pointless social obligations or performative favors.,low-effort social mode,rotten-style socializing,socializing with rotten food,quiet quitting,non-harmful,Experience
2417,train,有点东西但是不多,表面有点能力或亮点，但实际水平有限。,"It means someone or something shows a little ability, value, or a promising highlight on the surface, but the actual level is limited: there is something there, but not much.","has a little something, but not much","has some physical stuff, but not a lot",a diamond in the rough,mid,non-harmful,Experience
2418,test,不要慌不要慌太阳下山有月光,安慰人不要绝望，低谷之后仍有希望。,"This phrase comforts someone by telling them not to panic or lose hope, because even after dark or difficult times, there is still light and a reason to keep going.",don’t lose hope; there’s still light in the dark,sunset means the moon is visible,shoot for the moon,sleep on it,non-harmful,Quotation
2419,train,迪士尼在逃公主,赞美女性像逃出迪士尼的公主一样美丽。,"Used to compliment a woman by saying she looks so beautiful, graceful, or charming that she seems like a real-life Disney princess who has stepped out of the movies.",a real-life Disney princess,a fugitive Disney princess,a princess escaping from Disneyland,princess syndrome,non-harmful,Stylistic device
2420,train,蜜雪冰城黑化了,调侃蜜雪冰城雪王形象变黑，像角色黑化。,"It jokingly describes the Mixue mascot as having “turned dark,” as if its usually cheerful Snow King image has undergone a sinister character transformation.",evil Mixue mascot,Mixue Ice City turned black,the store became dirty or burned,dark mode,non-harmful,Experience
2421,train,电脑配件,但凡不方便直接说出的成人私密用品、暧昧道具，全部用 “电脑配件” 委婉代指,It is a euphemism for adult private items or suggestive objects that someone wants to hide or avoid naming directly by labeling them as “computer parts.”,adult toys,computer accessories,actual PC hardware parts,tech support,non-harmful,Quotation
2422,train,果盘先生,讽刺只刷资源、经济高但毫无贡献的打野玩家。,"A jungler who farms everything but contributes nothing, hoarding camps and resources to build a strong economy while failing to gank, help teammates, secure objectives, or meaningfully affect the match.",AFK farming jungler,Mr. Fruit Plate,a man selling fruit platters,KDA player,harmful,Quotation
2423,train,群青,鬼畜视频中把长音接到《群青》高音部分的恶搞。,This meme refers to a parody editing technique where a drawn-out scream or sustained vocal sound is spliced into the high-note section of the song “Gunjō” for comedic effect.,Gunjō high-note meme,ultramarine blue,a normal blue color palette,auto-tune remix,non-harmful,Quotation
2424,train,暖她一整天,调侃恋爱技巧生搬硬套、广告标题夸张空洞。,"It mocks awkward, formulaic romance advice or exaggerated clickbait love tips that promise some simple gesture will deeply move a woman for the entire day.",cringe dating advice,warm her for a whole day,literally keep someone warm all day,life hack,non-harmful,Quotation
2425,train,互联网嘴替,能精准替网友说出心声的人。,"It refers to someone online who expresses exactly what many others are thinking or feeling, putting shared reactions into words so accurately that people feel they have spoken for them.",speaks for all of us,internet mouth substitute,an official online spokesperson,keyboard warrior,non-harmful,Experience
2426,train,文件夹已经建好了,项目看似开始，实际可能只建了个文件夹。,"It means a project appears to have started, but in reality has made almost no progress beyond creating a folder to hold the eventual work.",project status: folder created,the folder has already been created,the files are fully organized,launch-ready,non-harmful,Experience
2427,train,合法但有病,行为不违法，但很奇怪、尴尬或没必要。,"It describes behavior that is technically legal but feels strange, awkward, unnecessary, or unhinged enough that people judge it as socially questionable rather than actually criminal.",legal but unhinged,legal but sick,medically legal illness,technically legal,non-harmful,Experience
2428,train,黑哥一笑生死难料,调侃抬棺舞中乐观面对死亡的戏谑氛围。,"A meme phrase suggesting a coffin-dance-style omen, where a smiling or upbeat moment darkly jokes that something may soon go badly or end in disaster.",coffin dance vibes,"when the black guy smiles, life and death are uncertain",a happy man at a normal funeral,death flag,non-harmful,Quotation
2429,train,手磨咖啡,形容没事找事或自我炫耀。,"It describes someone making unnecessary trouble for themselves or others, often by complicating a simple situation just to show off their taste, effort, or superiority.",making a production out of nothing to show off,hand-ground coffee,third-wave coffee ritual,humblebragging,non-harmful,Quotation
2430,train,哥们上过大学吗,调侃土味大学招生宣传视频。,"Used to mock cheesy, over-the-top college recruitment or promo videos that try too hard to sound impressive, often with awkward slogans, exaggerated confidence, or a tacky promotional style.",college promo cringe,"bro, have you been to college",asking about someone’s education level,campus tour,non-harmful,Experience
2431,train,别在这发癫,让对方停止过激、离谱或不正常的行为。,"It is used to tell someone to stop acting crazy here, especially when their behavior seems excessive, absurd, inappropriate, or out of control in the current situation.",stop tweaking,don’t go insane here,warning about a medical seizure,calm down,harmful,Experience
2432,train,饮茶先啊,提醒先休息、喝茶，别被工作压垮。,"It means to take a break and have tea first, reminding someone to pause, rest, and not let work or pressure wear them down.",take a tea break first,be the first person to drink tea,start a formal tea ceremony,power through the workload,non-harmful,Quotation
2433,train,粉色娇嫩你如今几岁了,讽刺年纪较大却装嫩。,"It teases someone for acting too cutesy for their age, especially when they are older but still try to present themselves as overly young, delicate, or girlish.",too old for the cutesy act,"pink and tender, how old are you now",asking someone’s age politely,act your age,harmful,Quotation
2434,train,三迟但到,张三虽然来得晚，但法律案例里最终总会出现。,"“Zhang San may arrive late, but he always appears” means that the stock legal example character Zhang San might not show up immediately in a discussion, but will inevitably appear in the end.",Zhang San inevitably shows up in legal hypotheticals,Zhang San is late three times,John Doe wins the lawsuit,better late than never,non-harmful,Abbreviation
2435,train,法外狂徒张三,法律讨论中的假想违法人物张三。,"The phrase refers to the stock hypothetical criminal in legal examples, a fictional person used in discussions of law to illustrate illegal acts, liability, and how legal rules might apply.",hypothetical criminal Zhang San,lawless maniac Zhang San,a real fugitive named Zhang San,outlaw country,non-harmful,Quotation
2436,train,东方甄选,新东方教师式知识直播带货。,"It refers to educational livestream selling in which products are promoted through a teacher-style delivery, blending sales pitches with knowledgeable explanations, cultural references, and classroom-like presentation.",teacher-style livestream shopping,Oriental selection,choosing products from the East,shopping channel,non-harmful,Experience
2437,test,红眼特效,鬼畜或动漫二创中用于装酷、危险感的红眼效果。,"This refers to red glowing eyes added to an edit, animation, or meme clip to make a character look cool, threatening, or dramatically intense for comedic or exaggerated effect.",glowing red eyes edit,red-eye flight effect,camera flash red-eye correction,laser eyes,non-harmful,Experience
2438,train,战术核显卡,调侃 GTX 690 功耗高、温度高，像核武器。,"A joking name for an extremely hot and power-hungry GPU, especially one that runs so hot and consumes so much electricity that it is humorously compared to a tactical nuclear weapon.","a tactical-nuke-hot, power-hungry GPU",a graphics card used in tactical nuclear weapons,a military-grade graphics card,RGB gaming rig,non-harmful,Stylistic device
2439,train,小朋友你是不是有很多问号,表达对某事非常困惑、不理解。,"It jokingly suggests that someone must be full of questions because they seem extremely confused, puzzled, or unable to understand what is happening.",full of question marks,"kid, do you have many question marks",a child learning punctuation,asking for a friend,non-harmful,Quotation
2440,train,整点阳间能看的东西,希望看到正常一点、不阴间的内容。,"It means asking someone to show or make something normal, decent, and watchable for once, instead of bizarre, disturbing, low-quality, or unpleasant content.",post something normal,make something watchable in the human world,content filmed in daylight,wholesome content,non-harmful,Experience
2441,train,我怀疑你在开车但是我没有证据,怀疑对方在讲擦边或成人内容，但无法明说。,"It means suspecting that someone is making a dirty or suggestive joke, but lacking clear proof, so the suspicion is implied rather than directly stated.","that sounds dirty, but I can’t prove it","I suspect you are driving, but I have no evidence",accusing someone of driving without a license,bonk,non-harmful,Experience
2442,test,你已经是个成熟的软件了,吐槽软件应该自己完成用户需求。,It jokingly says that a piece of software should already be mature enough to understand what users need and complete the work by itself without constant human input.,you’re mature enough to do it yourself,you are already a mature software,software has grown up emotionally,AI takeover,non-harmful,Stylistic device
2443,test,上香,调侃某人或事物凉了、没落了。,"It jokingly means paying mock respects to a person, thing, or trend that has fallen off, declined, or effectively become irrelevant.",pay mock respects to a fallen-off trend,burn incense,visit a temple to pray,call it cringe,non-harmful,Stylistic device
2444,train,boki,“勃起”的日语谐音，用于委婉表达生理反应。,"“boki” is a euphemistic slang term used to indirectly describe getting physically aroused, softening the expression by making it sound playful or indirect rather than explicit.",boner,boki,a Japanese-sounding nickname,horny jail,non-harmful,Homophonic pun
2445,train,韦神附体,希望获得韦东奕般的数学能力加持。,"It means wishing to be blessed with Wei Shen’s math powers, as if temporarily gaining the extraordinary mathematical ability associated with the famously gifted mathematician Wei Dongyi.",math genius mode activated,Wei God possesses the body,being haunted by a mathematician,good luck charm,non-harmful,Experience
2446,train,6馍,感情中忽冷忽热的态度。,"This meme describes hot-and-cold treatment in a relationship, where someone alternates between affection and distance, leaving the other person confused, insecure, or unsure about the relationship’s real status.",hot and cold,six steamed buns,sharing breakfast with someone,ghosting,non-harmful,Homophonic pun
2447,train,2000大于3000,讽刺明显不合逻辑、夸大事实的言论。,"It mocks obviously illogical or exaggerated statements, especially claims whose basic math or comparison makes no sense, as if someone insisted that 2000 is greater than 3000.",the math ain’t mathing,two thousand is greater than three thousand,comparing two price tags,girl math,non-harmful,Quotation
2448,train,怎么不算呢,对自己评价或说法过度自信，反问“怎么不算”。,"It describes someone overconfidently insisting that their claim, action, or qualification should count, often with a rhetorical “why wouldn’t it count?” attitude despite the reasoning being questionable.",why wouldn't that count?,how do you count it,asking a math-counting question,technically correct,non-harmful,Quotation
2449,train,开团,一群人开始集中攻击、嘲讽或围攻某人。,"It means starting a coordinated group pile-on against someone, where multiple people begin attacking, mocking, or surrounding the target with criticism at the same time.",dogpile,start a team fight,organizing a group activity,raid boss,non-harmful,Experience
2450,train,我不是本地人,用“不熟悉当地情况”来回避麻烦或话题。,"It means pretending not to know the local situation because one is not from there, using that excuse to avoid trouble, responsibility, or an uncomfortable topic.",I'm not from around here,local people only,asking for directions as a tourist,"not my circus, not my monkeys",non-harmful,Experience
2451,train,优雅实在太优雅了,形容举止从容得体到有些魔性或搞笑。,"It is used to praise someone or something as absurdly elegant, describing behavior or presentation that seems so calm, poised, and proper that it becomes strangely funny or almost hypnotically over-the-top.",absurdly elegant,elegant in reality,white-glove etiquette,smooth and professional,non-harmful,Quotation
2452,train,无内鬼,表示环境安全，可以分享尺度较大的内容。,"“No insiders” means there are no snitches or unwanted observers present, so the space is considered safe to post or share more sensitive, edgy, or restricted content.",no snitches,no inner ghost,a room with no ghosts inside,no cops around,non-harmful,Experience
2453,train,北半球,二次元语境中指女性胸部上半部分露出。,"In anime-style slang, this refers to the exposed upper part of a woman's cleavage or breasts, typically shown by clothing that reveals the top half while covering the lower portion.",upper cleavage,northern hemisphere,the upper half of Earth,fan service,non-harmful,Stylistic device
2454,train,人间清醒,保持理智、清醒、不被情绪或环境带偏。,"A clear-headed realist who sees things clearly, stays rational under pressure, and avoids being swept away by emotions, hype, or the surrounding environment.",clear-headed realist,sober in the human world,someone who never drinks alcohol,stay woke,non-harmful,Experience
2455,test,你kin你擦,东北口音“你看你…擦”，表达无奈或生气。,"Used in a Northeastern-accented, exasperated way, this means “look what you did, damn it,” expressing frustration, helpless annoyance, or anger at someone for causing a mess or problem.",look what you’ve done,"you kin, you wipe",asking someone to clean something,bruh moment,non-harmful,Homophonic pun
2456,train,你在狗叫什么,嘲讽别人无能狂怒、乱叫却不反省自己。,Used to mock someone for angrily yapping or lashing out while lacking the self-awareness to reflect on their own faults or the weakness of their position.,why are you yapping,what are you dog-barking about,asking why a dog is barking,who let the dogs out,harmful,Quotation
2457,train,死去的记忆突然攻击我,过去尴尬或羞耻的回忆突然浮现。,"An old cringe memory suddenly comes back to haunt me, meaning a past embarrassing or shameful moment abruptly resurfaces in your mind and makes you feel awkward all over again.",cringe flashback,dead memories suddenly attacked me,being attacked by a ghost from the past,memory lane,non-harmful,Experience
2458,test,卑鄙的外乡人,游戏中利用机制、地形或 bug 取巧通关的人。,"A player who cheeses a game by exploiting mechanics, terrain, glitches, or other cheap and unconventional tactics to clear challenges with minimal fair effort.",boss cheeser,despicable outsider,insulting someone from another town,dirty casual,non-harmful,Quotation
2459,test,我的银行卡密码,形容自己的行动和意图被对方完全看穿。,"It means being completely read by the opponent, as if every move, intention, or hidden plan has been seen through so clearly that there is no room left to pretend or maneuver.",read me like a book,my bank card password,someone stole my bank password,identity theft,non-harmful,Stylistic device
2460,train,甜心奶奶,对王心凌甜美形象和怀旧活力的戏谑爱称。,"“Sweetheart grandma” is a playful, affectionate nickname for a still-sweet nostalgic pop idol, teasing her enduring sugary image and lively throwback appeal while expressing fondness rather than mockery.",sweetheart granny,sweet milk grandma,a kind old lady who gives candy,grandma chic,non-harmful,Quotation
2461,train,谁的青春DNA动了,熟悉事物再次出现，唤起强烈青春回忆。,"It describes the feeling when something familiar from one’s youth suddenly reappears and powerfully triggers old memories, as if one’s nostalgia has been instantly activated.",nostalgia hit hard,whose youth DNA moved,a genetic mutation in teenagers,childhood trauma unlocked,non-harmful,Experience
2462,train,你就是歌姬吧,谐音骂人梗，用“歌姬”委婉替代粗俗表达。,"This phrase is a punny euphemistic insult, using a harmless-sounding term that resembles a crude expression to mock or curse someone indirectly while avoiding the explicit vulgar wording.","you’re a dick, aren’t you",you must be the songstress,calling someone a talented singer,diva moment,harmful,Homophonic pun
2463,test,釜山图书馆,客场队伍获胜后，主场观众安静如图书馆。,"It describes a moment when the visiting team wins and the home crowd becomes completely quiet, as if the stadium has turned into a silent library.",the crowd went library mode,Busan library,an actual library in Busan,silent treatment,non-harmful,Stylistic device
2464,test,寄,表示完蛋了、劣势了或摆烂认命。,"It means that a situation is basically over or doomed, often expressing that someone has fallen into a serious disadvantage, given up, or resigned themselves to failure.",we’re cooked,send,mailing a package,F in the chat,non-harmful,Abbreviation
2465,train,朵拉,调侃蘑菇头和“战略性眼瞎”的观察能力。,"This meme jokingly describes someone as being blind to obvious details, comparing their poor or selectively clueless observation skills to Dora in a teasing, exaggerated way.",Dora can’t see it,Dora,a girl named Dora,Dora the Explorer,non-harmful,Quotation
2466,test,大的要来了,夸大某事即将发生，用来制造关注或调侃。,"It means hyping up an incoming big reveal, often exaggerating that something major is about to happen to build attention, suspense, or playful mockery around the anticipated event.",big reveal incoming,the big one is coming,a large object is approaching,breaking news,non-harmful,Experience
2467,train,忙都忙忙点好啊,表面体谅孩子忙碌，实则表达父母的失落和无奈。,"It expresses a parent’s bittersweet acceptance that someone is too busy to come home, sounding understanding on the surface while quietly revealing disappointment, loneliness, and helpless resignation.","I get it, you’re busy","if busy, be busy properly",telling someone to improve work efficiency,hustle culture,non-harmful,Quotation
2468,train,橘外人,不属于某个圈子、不了解特定文化的局外人。,"It describes someone who is not part of a particular fandom, community, or subculture and therefore lacks the shared context, norms, or inside knowledge that members understand.",fandom outsider,person outside the orange,someone outside an orange orchard,normie,non-harmful,Homophonic pun
2469,train,电摇嘲讽,用魔性摇摆动作嘲讽对方。,"It means mocking someone by doing a goofy, exaggerated dance taunt, using a silly swaying motion to tease or provoke the other person.",dance taunt,electric-shake mockery,teasing someone with electric shock,Fortnite dance,non-harmful,Quotation
2470,test,退退退,魔性吵架动作和口号，用来驱赶、反击或搞笑。,"An exaggerated “back off” gesture and chant used in mock arguments, playful confrontations, or comedic situations to drive someone away, push back against them, or make the scene feel absurdly dramatic.",begone,retreat retreat retreat,a military order to withdraw,get out of my swamp,non-harmful,Quotation
2471,train,谢谢甄嬛,借甄嬛逆风翻盘的角色命运来祈愿好运。,"It means manifesting Zhen Huan’s comeback luck, invoking the character’s dramatic reversal from hardship to triumph as a wish for good fortune and a successful turnaround in one’s own situation.",manifesting Zhen Huan energy,"thank you, Zhen Huan",thanking the actress in person,blessed by Beyoncé,non-harmful,Experience
2472,train,痛太痛了,表达极度痛苦，也常用于中二或调侃氛围。,"This meme means melodramatically saying the pain is unbearable, often in an exaggerated, dramatic, or jokingly over-the-top way to express extreme suffering or mock a tragic atmosphere.",the pain is real,"pain, too painful",describing a serious physical injury,"no pain, no gain",non-harmful,Quotation
2473,train,婉拒了哈,用轻松语气委婉拒绝别人。,"This phrase means politely but clearly turning someone down, using a light, casual tone to refuse an offer, request, invitation, or suggestion without sounding harsh or confrontational.","thanks, but no thanks","gently refused, haha",writing a formal rejection letter,unsubscribe,non-harmful,Experience
2474,train,贩剑文学,通过“贩剑/犯贱”谐音形成的无厘头朋友互动式表达。,"A style of playful annoying banter between friends, built on a pun that frames mock-irritating or deliberately silly remarks as a humorous way to tease and interact.",being a menace,sword-selling literature,a story about selling swords,sword art online,non-harmful,Homophonic pun
2475,train,你真是个老6,形容行为阴险、会藏招、喜欢用非常规手段得胜的人。,"It means calling someone sneaky or underhanded, usually because they hide their intentions, use unexpected tricks, or rely on unconventional tactics to get the upper hand.",you sneaky rat,you really are an old six,a person who is sixty years old,big brain move,harmful,Quotation
2476,train,仰泳鲈鱼,用高情商说法描述刚死、肚皮朝上的便宜鲈鱼。,"A joking euphemism for a belly-up dead fish, describing a cheap sea bass that has just died and is floating or lying on its back as if doing the backstroke.",belly-up discount fish,backstroke bass,a fish trained to swim backward,catch of the day,non-harmful,Stylistic device
2477,train,上巴,把“人中”戏称为与“下巴”相对的“上巴”。,"This meme humorously refers to the philtrum as the “upper chin,” treating it as a playful counterpart to the actual chin below the mouth.",upper chin,upper bar,the upper lip area in general,chin up,non-harmful,Quotation
2478,train,大sai迷,东北方言谐音梗，指“大色迷”。,"This term is a Northeastern dialect-based soundalike joke meaning “a huge pervert,” used to mock or label someone as extremely lecherous or obsessively lustful.",massive horndog,big sai fan,a big fan of a person named Sai,simp,harmful,Slang
2479,train,小别扇,“小瘪三”的港普谐音，指游手好闲的混混。,"This term is a Hong Kong-accented pun meaning a little punk, usually referring to an idle street loafer or small-time troublemaker with a petty, delinquent image.",little punk,little separate fan,a small handheld fan,street kid,harmful,Homophonic pun
2480,test,燕子没有你我怎么活啊,分手后夸张表达离不开对方，也常调侃舔狗深情。,"A melodramatic plea used after a breakup or separation, exaggerating that one cannot live without the other person, often mocking overly devoted or clingy romantic behavior.",how can I live without you,"Swallow, how can I live without you",a bird named Swallow is missing,hopeless romantic,non-harmful,Quotation
2481,train,生产队的驴,形容特别忙碌或被高强度使用。,"It describes someone being worked extremely hard, constantly busy, heavily used, or pushed through nonstop tasks with little rest, like a labor force expected to keep going under intense demands.",worked like a mule,the production team's donkey,a Soviet collective farm mascot,busy bee,non-harmful,Slang
2482,train,桌面清理大师,愤怒或焦虑时把桌上东西推翻，像瞬间清空桌面。,"It describes angrily or anxiously sweeping everything off a desk in one motion, as if instantly “cleaning” the desktop by knocking all the items to the floor.",desk-sweeping rage,desktop cleaning master,a professional computer cleanup tool,rage quit,non-harmful,Stylistic device
2483,train,四十米大刀,夸张表达不满、威胁或想“砍人”的玩笑。,"It jokingly exaggerates anger or dissatisfaction as a threat to attack someone with an impossibly huge blade, used for comic effect rather than a literal violent intention.",jokingly threaten someone with a giant blade,a forty-meter kitchen knife,an actual oversized weapon,bring a knife to a gunfight,non-harmful,Quotation
2484,train,癞蛤蟆睡青蛙,形容外貌不佳却很花心。,"This phrase mocks someone considered physically unattractive who is nevertheless flirtatious, promiscuous, or overly eager in pursuing romantic or sexual attention.",ugly but a player,a toad sleeps with a frog,two amphibians mating,player energy,harmful,Slang
2485,train,防止小孩误食,对带孔物品用途的恶搞式回答。,"It jokingly gives an absurd answer for why an object has a hole, claiming the hole exists to prevent children from accidentally swallowing it.",so kids don't accidentally swallow it,to keep kids from eating the hole,a choking hazard warning label,because safety comes first,non-harmful,Stylistic device
2486,train,大比兜,指耳光或掌掴，也可幽默形容倒霉遭遇。,"A ""big slap"" refers to an actual heavy smack across the face, and can also be used humorously for a harsh setback or unlucky blow that feels like life slapped someone hard.",big ol’ slap,big pocket,a large cloth bag,slapstick,non-harmful,Slang
2487,train,猪脑过载,调侃某人反应迟钝、思维停滞。,"Describes someone’s brain freezing from overload, teasing them for reacting slowly, getting mentally stuck, or seeming unable to process what is happening in the moment.",brain.exe stopped working,pig brain overloaded,a computer running on pig brain,brain rot,harmful,Stylistic device
2488,train,焯,用来替代粗口“草”的委婉表达。,"This term is used as a softened substitute for a swear word, letting speakers express irritation, surprise, or emphasis while avoiding the more direct and vulgar original expression.",frick,blanch,boil vegetables briefly,ugh,non-harmful,Homophonic pun
2489,train,yyds,“永远的神”的缩写，用来称赞某人或某物极其优秀。,"yyds"" is used to praise a person, object, performance, or creation as legendary, exceptionally excellent, and worthy of lasting admiration.",GOAT,forever the god,a permanent religious deity,GOAT debate,non-harmful,Abbreviation
2490,train,多谢款待,看完或享用某些内容后表示满足和感谢，常带二次元或暧昧语境。,"A phrase used to thank someone after enjoying satisfying content, often implying that the viewer feels pleased, fulfilled, or indulgently entertained by what they just saw or experienced.",thanks for the meal,thank you for the hospitality,thanking a host after dinner,chef’s kiss,non-harmful,Experience
2491,train,yjjc,“一骑绝尘”的缩写，形容人气、资源或表现远超他人。,"“yjjc” describes someone or something whose popularity, resources, or performance is far ahead of everyone else, leaving competitors so far behind that they seem impossible to catch.",miles ahead,one rider raises dust,riding a horse very fast,main character energy,non-harmful,Abbreviation
2492,train,咱也不知道咱也不敢问,对无法解释或不便追问的事物进行幽默自嘲。,"It humorously expresses that one does not understand something and feels too awkward, intimidated, or resigned to ask about it, often as self-deprecating commentary on an inexplicable situation.",I don’t know and at this point I’m too afraid to ask,we know but refuse to ask,too shy to ask the teacher,no comment,non-harmful,Slang
2493,train,我劝你善良,规劝或讽刺对方不要恶意行事。,"This phrase is used to warn or mock someone by telling them to stop acting maliciously, unkindly, or mean-spirited before they go too far.",don't be a jerk,I persuade you to become virtuous,turn the other cheek,good vibes only,non-harmful,Experience
2494,train,吴京踩了周杰伦,“精彩绝伦”的谐音梗。,"This phrase is a sound-alike pun used to mean “absolutely wonderful,” expressing that something is exceptionally brilliant, impressive, or enjoyable.",absolutely brilliant,Wu Jing stepped on Jay Chou,a celebrity accidentally stepped on another celebrity,celebrity beef,non-harmful,Homophonic pun
2495,train,咱就是说,无实际意义的口头禅，用于增强随意、吐槽或转折语气。,"A casual conversational filler used to soften, frame, or ease into a point, often adding a relaxed tone when making a comment, complaint, or slight shift in direction.",I mean,we are just saying,speaking on behalf of everyone,let me tell you something,non-harmful,Slang
2496,train,双标美羊羊,形容对不同人采取明显双重标准。,"It describes someone who applies double standards, judging or treating different people by inconsistent rules depending on who they are or how they personally feel about them.",double standards much,double-standard Pretty Goat,a sheep with two rules,playing favorites,non-harmful,Experience
2497,train,爷童回,“爷的童年回来了”的缩写，表示童年回忆被唤醒。,"This phrase means that something has suddenly brought back a person’s childhood memories, creating a strong feeling of childhood nostalgia returning all at once.",my childhood is back,grandpa’s childhood returned,an old man becoming young again,core memory unlocked,non-harmful,Abbreviation
2498,train,广长,用来调侃 FPX 小天 4397 伤害比厂长 4396 高一点。,"It is a meme nickname based on one point more damage than Clearlove, joking that FPX jungler Tian’s infamous 4397 damage barely surpassed Clearlove’s similarly mocked 4396 damage.",Clearlove plus one,Director Guang,a person named Guang as a director,damage chart,harmful,Experience
2499,train,海狗,同时撩很多人却很卑微、成功率很低的人。,"A failed player who flirts with many people at once but comes across as needy, humble, or desperate, with little success in actually attracting anyone.",wannabe player,sea dog,a seal-like ocean animal,simp,harmful,Experience
2500,train,你礼貌吗,调侃对方行为或言论唐突、不合适。,"It is a teasing way to call out someone for saying or doing something rude, abrupt, awkward, or socially inappropriate.",rude much?,are you polite,mind your manners,that was awkward,non-harmful,Quotation
2501,train,抖一中,抖音语境中称 Chovy 为“世界第一中单”的调侃。,"A TikTok-style meme jokingly praises Chovy as the world’s number one mid laner, often echoing exaggerated fan hype around his skill and status in League of Legends esports.",Douyin's No. 1 mid laner,shaking number-one middle,TikTok's top middle school,mid gap,non-harmful,Abbreviation
2502,train,沸羊羊我讨厌你,形容对不同对象态度差异明显，偏爱与冷落并存。,"It describes treating one person warmly and favorably while being noticeably cold or harsh toward someone else, showing a clear contrast in attitude between different people.",playing favorites,"Fei Yangyang, I hate you",hating a cartoon goat,being friendzoned,non-harmful,Quotation
2503,train,川沙妲己,对上海迪士尼玲娜贝儿的戏称，形容其可爱迷人。,"This term teasingly refers to LinaBell from Shanghai Disney Resort as a charming, fox-like figure, highlighting her cute, captivating, and slightly enchantress-like appeal.","LinaBell, the charming fox mascot from Shanghai Disney",Daji of Chuansha,an ancient Chinese beauty from Shanghai,a Disney princess,non-harmful,Experience
2504,train,心软的神,指让人心软、温柔又带救赎感的人或爱情。,"“Someone so kind they feel like a soft-hearted god” refers to a person or love that is extraordinarily gentle, tender, and comforting, making others feel emotionally softened, healed, or redeemed.","a tender, healing presence",a deity with a fragile heart,Cupid,a nice guy,non-harmful,Quotation
2505,test,干净又卫生,表面夸干净卫生，实际常用于反讽。,"It is used as sarcastic praise, outwardly saying that something is clean and hygienic while actually implying doubt, mockery, or disbelief about how sanitary it really is.","clean and sanitary, allegedly",clean and hygienic,a properly sanitized kitchen,five-star hygiene,non-harmful,Quotation
2506,train,早知道还是原道,高价设备不如便宜原道耳机，调侃性价比反转。,"It jokingly means realizing after buying or considering expensive gear that the cheap, basic option was actually the better value all along.",should’ve stuck with the cheap earbuds,should have chosen Yuandao earlier,returning to the original route,budget pick,non-harmful,Experience
2507,train,红浪漫,代指“高档”洗浴或娱乐场所。,"A euphemism for a shady luxury bathhouse or club, usually implying an upscale-looking bathing, massage, or entertainment venue with dubious adult services behind the respectable facade.",red-light spa,red romance,a romantic story in red,red-light district,non-harmful,Experience
2508,test,献出心脏,表达献身、忠诚或全力投入。,"It means pledging full devotion and loyalty, expressing a willingness to dedicate oneself completely to a person, cause, group, or goal with sincere commitment and unwavering support.",dedicate your heart,offer up the heart,donating an organ,ride or die,non-harmful,Quotation
2509,test,消失的眼角膜,形容明明很明显却视而不见。,"It jokingly describes someone acting blind to something obvious, as if they cannot see what is plainly right in front of them.",acting blind to what's right in front of them,vanished cornea,rose-colored glasses,can't read the room,non-harmful,Stylistic device
2510,train,乳法,“辱法”的谐音，用于调侃法国投降等刻板梗。,"This meme is used for making jokes at France’s expense, especially by mocking stereotypes about France surrendering or otherwise turning France into the target of playful online ridicule.",France slander,breast law,a law about milk or breasts,surrender meme,harmful,Homophonic pun
2511,train,德云社在逃成员,形容特别能说、会抖包袱、像相声演员。,"Describes someone so funny, talkative, and quick with punchlines that they seem like a runaway comedian from a professional comedy troupe.",escaped stand-up comic,runaway member of Deyun Club,a missing comedy-club employee,class clown,non-harmful,Stylistic device
2512,train,人不行别怪路不平,讽刺能力不足却怪环境不好。,"It mocks someone who lacks the ability or skill to succeed but blames unfavorable conditions instead, like blaming the road when the real problem is one’s ability.",stop blaming the conditions for your own lack of skill,"if the person is not good, don’t blame the uneven road",bad road conditions caused the failure,skill issue,harmful,Experience
2513,train,虽普但自,“虽然普通但特别自信”的缩写，讽刺过度自信。,"It describes someone who is mediocre or unremarkable yet acts strangely self-assured, often used sarcastically to mock a level of confidence that seems far beyond their actual ability or appeal.",mediocre but wildly overconfident,plain but self-owned,an average Joe,main character energy,harmful,Abbreviation
2514,train,pfox,“平凡偶像”的缩写，强调偶像也是普通人。,"The term describes an idol framed as ordinary and approachable, emphasizing that despite public attention or fan admiration, the person is still a regular human being with everyday qualities and relatable imperfections.",ordinary idol,p fox,a fox named P,girl next door,non-harmful,Abbreviation
2515,test,亚特兰蒂斯正在苏醒,夸张解读不明声音或现象，营造荒诞感。,"It means overdramatically claiming something ancient is awakening, usually as an absurd exaggeration when interpreting an unexplained sound, strange occurrence, or mysterious phenomenon.",Atlantis is awakening,the lost city of Atlantis,Cthulhu is rising from the sea,must be ghosts,non-harmful,Quotation
2516,train,玻璃渣里找糖,在虐心情节中寻找一点甜蜜或欢乐。,"It means looking for tiny sweet moments in painful angst, especially when fans search through emotionally devastating scenes for any small hint of warmth, happiness, or comfort.",looking for crumbs of fluff,looking for candy in glass shards,eating sweets mixed with broken glass,sugar rush,non-harmful,Stylistic device
2517,test,社死现场,当众出丑到极度尴尬，感觉社会性死亡。,It describes a painfully embarrassing public moment where someone makes a fool of themselves so badly in front of others that they feel socially ruined or unable to face people afterward.,social death moment,society death scene,a public accident scene,dead inside,non-harmful,Experience
2518,train,凡尔赛,用低调、反向描述的方式隐晦炫耀。,"It refers to humblebragging in a subtle way, where someone appears modest or complains lightly while indirectly showing off their wealth, status, achievements, or advantages.",humblebrag,Versailles,French palace aesthetics,royalcore,non-harmful,Experience
2519,test,钓鱼佬永不空军,钓鱼人总能找到替代收获，不会空手而归。,"It jokes that anglers never go home empty-handed, because even when they fail to catch fish, they will find some other substitute “catch” or consolation to bring back.",never go home empty-handed,fishing guys are never air force,pilots who enjoy fishing,catch of the day,non-harmful,Experience
2520,train,七夕取消,用疫情限制调侃牛郎织女无法相会。,"It jokingly suggests that romance itself has been canceled because pandemic-style restrictions prevent lovers from meeting, turning a romantic festival into a humorous comment on separation and limited movement.",romance is canceled by lockdown,the seventh evening is canceled,Valentine's Day has been officially abolished,single awareness day,non-harmful,Experience
2521,test,打开了但是没有完全打开,吊人胃口，只揭开一点悬念。,"It describes a half-reveal that keeps people hanging, where someone opens up just enough of a mystery or story to spark curiosity but withholds the full answer.",half-reveal cliffhanger,opened but not fully opened,a broken door that cannot open,loading screen,non-harmful,Quotation
2522,train,watch out,用英语谐音替代“卧槽”的赛场喊声梗。,"“Watch out” is used as a humorous English sound-alike stand-in for a strong Chinese exclamation, especially as a playful shouted reaction in competitive or live-event settings.","an English sound-alike stand-in for ""wocao""",a literal warning to be careful,holy cow,heads up,non-harmful,Homophonic pun
2523,train,红伞伞白杆杆,用魔性童谣提醒不要乱吃野生毒蘑菇。,"A catchy warning jingle about poisonous mushrooms, used online to humorously remind people not to pick or eat wild mushrooms because they may be toxic and dangerous.",poison mushroom jingle,"red umbrella, white stem",a colorful umbrella and pole,forbidden snack,non-harmful,Quotation
2524,train,乌兰图雅躲汉子,调侃乌兰图雅演唱时经常避开“汉子”二字。,"It jokingly refers to a singer being mocked for repeatedly avoiding or skipping a particular lyric while performing, as if deliberately dodging that specific word in the song.",dodging the lyric,Wulan Tuya hides from men,avoiding male fans onstage,lyric prank,non-harmful,Experience
2525,train,拿来吧你,玩笑式索要某物，表示“我要了”。,"Used jokingly when someone claims, grabs, or demands something they want, as if playfully saying they are taking it for themselves now.",yoink,"bring it here, you",politely borrowing an item,shut up and take my money,non-harmful,Experience
2526,train,招生减章,用真实破败校园内容反讽招生宣传。,"“Anti-admissions content exposing a school’s flaws” refers to posts that sarcastically counter polished enrollment promotion by showing real, shabby, disappointing, or dysfunctional aspects of campus life.",anti-admissions brochure,enrollment reduction rules,reducing the number of admitted students,campus tour,non-harmful,Homophonic pun
2527,train,不愿再笑,内容太搞笑，笑到不想再笑。,It describes something so funny that a person has laughed to the point of exhaustion and no longer has the energy or desire to keep laughing.,I’m laughed out,unwilling to laugh again,refusing to be happy anymore,dead inside,non-harmful,Experience
2528,train,勇敢牛牛不怕困难,鼓励积极面对困难的可爱励志口号。,"A cute motivational slogan meaning that one should stay brave and optimistic when facing difficulties, often used in a playful or endearing way to encourage perseverance.","brave little cow, not afraid of difficulties",a brave cow on the farm,the lionhearted warrior,"no pain, no gain",non-harmful,Quotation
2529,train,ball ball you,“求求你”的谐音表达，表示恳求。,"“Ball ball you” is a playful Chinglish phrase used to beg or plead with someone, often in a joking, exaggerated, or cute tone when asking them to do something.",please please,two balls for you,ball is life,could you do me a favor,non-harmful,Homophonic pun
2530,test,60e,夸张形容某团体或偶像粉丝极多。,"It is an exaggerated way to claim that a group, celebrity, idol, or fandom has an enormous number of fans, often far beyond any realistic count.",six-billion-fanbase,six billion,the actual global population,stan army,non-harmful,Homophonic pun
2531,train,输的什么液想你的夜,土味情话，用谐音表达“想你的夜”。,"This is a cheesy, pun-based love line that playfully twists a medical-sounding phrase into the idea of spending the night missing someone romantically.",cheesy punny love line,"what IV drip, the night I miss you",a hospital infusion at night,pick-up line,non-harmful,Experience
2532,train,菜是原罪,竞技中水平差就是最大问题。,"It means that in a competitive game, being bad at the game is the root problem, and poor skill is treated as the main reason for failure or criticism.",skill issue is the original sin,being vegetable is the original sin,guilt about eating vegetables,noob alert,non-harmful,Quotation
2533,train,高街女帝,一种显身材的流行自拍姿势。,"A trendy high-street queen selfie pose refers to a fashionable self-portrait stance used to show off one’s figure and project a stylish, confident street-fashion vibe.",high-street queen pose,high-street empress,a luxury fashion queen downtown,mirror selfie,non-harmful,Experience
2534,train,希望你永远不懂,原本表达不愿他人经历痛苦，后也用于矫情调侃。,"It means wishing that someone never has to understand a certain pain through personal experience, though it can also be used jokingly or melodramatically to tease someone acting overly sentimental.",I hope you never have to know that pain firsthand,hope you never understand this sentence,ignorance is bliss,you wouldn’t get it,non-harmful,Slang
2535,train,privilege,调侃自带优越感、特权意识强的人。,"It is used to mock someone who acts as if they are inherently superior or entitled to special treatment, highlighting their obvious privilege or superiority complex in a sarcastic way.",check your privilege,privilege,a legal privilege in court,first-world problems,non-harmful,Experience
2536,train,外卷,通过开拓外部资源避免无效内卷。,"It describes competing by expanding outward instead of fighting over the same pool, using new external resources or opportunities to avoid wasteful internal rivalry.",expand the pie,outer roll,a roll of paper facing outward,think outside the box,non-harmful,Experience
2537,train,卑微文学,以“宝”为开头的舔狗式日记风格，表现极度卑微和自我感动。,"Self-deprecating simp-style diary writing refers to exaggerated diary-like posts, often addressing someone as “baby,” where the speaker humbly pleads for affection, debases themselves, and feels moved by their own devotion.",simp diary,humble literature,writing about poor people’s lives,sadposting,non-harmful,Experience
2538,train,中国人的八大原谅,用一组常见宽慰语来化解冲突，也带有道德绑架意味。,"It refers to a set of common excuse or comfort phrases used to smooth over conflict and pressure people into forgiving, tolerating, or letting something slide even when they may not want to.",eight ways to let it slide,the eight Chinese pardons,eight formal legal forgiveness rules,forgive and forget,non-harmful,Experience
2539,train,眼睛里进砖头了,形容被感动到想哭，是“眼睛进沙子”的夸张版。,"It describes being so touched that one almost cries, using an exaggerated version of the excuse that something got in one’s eye to hide emotional tears.","I’m not crying, you’re crying",a brick got into my eye,getting injured by construction debris,dust in my eyes,non-harmful,Stylistic device
2540,train,人间的青草地需要浇水,“你被绿了”的隐晦说法，指被背叛或被戴绿帽。,"This phrase euphemistically says that someone got cheated on, using indirect imagery to imply romantic betrayal or being made a fool of by an unfaithful partner.",you got cucked,the grassland of the world needs watering,watering a lawn in public,green with envy,non-harmful,Stylistic device
2541,train,笑死了但没完全笑死,夸张表示很好笑，但并不是真的笑死。,"It means something is extremely funny and makes someone laugh hard, while jokingly clarifying that they are not literally dying from laughter.",I’m dying laughing—but not literally,laughed to death and actually died,almost dying from illness while laughing,I’m dead,non-harmful,Experience
2542,train,丫头文学,普通却自信的男性误读拒绝，自我感觉良好。,"“Delusional nice-guy-style flirting” describes ordinary yet overconfident men who misread rejection as encouragement and continue acting charming, self-satisfied, or romantically entitled despite clear lack of interest.",nice-guy delusion,girl literature,literature written for young girls,pickup artist,non-harmful,Experience
2543,train,心疼giegie,模仿绿茶式撒娇语气，装可怜或亲昵。,"This phrase mocks an exaggeratedly cutesy, fake-sympathetic way of speaking, often used to imitate someone acting pitiful, overly affectionate, or manipulative in a sugary “poor baby” tone.",poor little gege,feel sorry for gege,truly caring about an older brother,pick-me girl,non-harmful,Quotation
2544,train,恒河猴,指童年缺爱或创伤影响深远的人，带黑色幽默。,A trauma-coded self-mockery meme referring to someone whose childhood lack of love or lasting emotional wounds are framed with dark humor as shaping their personality or behavior.,traumatized little monkey,rhesus monkey,a normal monkey species,sad animal meme,harmful,Quotation
2545,test,这是你家高粱饴吗,来源于夸张带货话术，用来模仿魔性推销。,"This phrase refers to an exaggerated livestream sales-pitch meme, mocking the over-the-top, repetitive style of online sellers who hype ordinary products with theatrical enthusiasm.",over-the-top livestream sales pitch,is this your sorghum taffy,Where's the beef?,QVC moment,non-harmful,Quotation
2546,train,于是转身向山里走去,用“恐同/崆峒”谐音表示想回避耽美或同性恋情节。,"It jokingly describes someone retreating from or avoiding BL, same-sex romance, or queer-coded content, often as a playful reaction to unexpectedly encountering such themes.",retreating to Kongtong Mountain,then turned and walked into the mountains,going hiking after a conversation,touch grass,non-harmful,Quotation
2547,train,什么是快乐星球,魔性说唱歌词梗，用于土味中二式调侃。,"It refers to a catchy meme lyric from a cheesy rap, used online in a deliberately corny, overdramatic way to make playful jokes or mock something with awkward, low-budget humor.",What is Happy Planet? — a cheesy rap meme line,a planet that feels happy,asking about astronomy,random cringe comedy,non-harmful,Quotation
2548,train,洛阳铲,把旧帖顶上来，让沉底内容重新出现。,It refers to bumping or reviving an old thread by replying to or otherwise resurfacing buried content so that it appears active and visible again.,thread necromancy,Luoyang shovel,an archaeological excavation tool,doomscrolling old posts,non-harmful,Stylistic device
2549,train,感情是对抗路的大忌,调侃游戏中感情用事会影响对抗路表现。,"This meme jokingly means that getting emotional or sentimental is a major weakness in top-lane combat, because feelings can cloud judgment and hurt performance during intense lane matchups.",no feelings in top lane,feelings are taboo on the confrontation road,dating someone on the road,no love lost,non-harmful,Quotation
2550,train,嘎嘎以嘎斯,东北话，表示非常过瘾、开心、爽。,"This Northeastern slang phrase expresses a state of feeling extremely satisfied and hyped, as when something is intensely enjoyable, exciting, fun, or emotionally rewarding.",hell yeah,gaga and gas,a strange fuel-related phrase,good vibes only,non-harmful,Slang
2551,test,岚语,用英语发音方式说中文，形成娱乐性语言游戏。,"Chinese spoken with an exaggerated English accent refers to humorously pronouncing Chinese as if following English sounds and intonation, creating a playful language game for entertainment.",English-accented Chinese,Lan language,a language spoken by Lan people,Chinglish,non-harmful,Experience
2552,train,背后的原因却很暖心,调侃新闻标题党常用的“暖心反转”套路。,"It mocks clickbait headlines that tease a surprising “heartwarming reason” behind an event, often using sentimental reversal to lure readers into opening the story.",heartwarming-reason clickbait,the reason behind it is very warm-hearted,a truly touching hidden story,wholesome twist,non-harmful,Stylistic device
2553,train,笋都被你夺完了,“夺笋啊”的变体，形容说话太损、太刻薄。,"Used to jokingly call someone hilariously mean or savage, especially when their comment is so sharp, teasing, or brutally witty that it feels both harsh and funny.",you savage,you stole all the bamboo shoots,someone stole vegetables from a farm,touch grass,non-harmful,Homophonic pun
2554,test,全国人民都看得到,提醒对方这是公开平台，不要乱发言。,"It warns someone that they are posting on a public platform where everyone online can see their words, so they should be careful and avoid saying anything reckless or inappropriate.",the whole internet can see this,the whole country is visible,a prime-time national broadcast,think before you speak,non-harmful,Quotation
2555,train,这里是缅甸北部,调侃某地或情境很特殊、危险或不太正常。,"This phrase jokes that a place or situation feels sketchy, unsafe, or unusually abnormal, as if it were somewhere dangerous and lawless rather than an ordinary setting.",this place feels sketchy,this is northern Myanmar,introducing a travel destination,tourist trap,non-harmful,Quotation
2556,test,伤害性不大侮辱性极强,没造成实质伤害，但羞辱感极强。,"It describes a situation where little or no real harm is done, but the words, action, or outcome feel intensely humiliating or emotionally insulting.","little harm, maximum humiliation","high damage, low insult",a slap on the wrist,emotional damage,non-harmful,Experience
2557,train,炒冷饭,重新翻炒旧内容、旧闻或旧话题。,"It refers to bringing back old content, news, or topics and presenting them again mainly to attract attention, rather than offering anything genuinely new.",rehashing old news,stir-fry cold rice,cooking leftover rice again,throwback,non-harmful,Stylistic device
2558,test,中了抖音的毒,长时间刷抖音后模仿其语言、动作或视频套路。,"It describes someone being deeply influenced by Douyin/TikTok-style content after spending too much time scrolling, to the point that they start copying its catchphrases, gestures, editing habits, or video formulas.",TikTok-poisoned,got food poisoning from Douyin,Instagram aesthetic,TikTok brain,non-harmful,Experience
2559,train,肉蛋奶警告,对“少吃肉蛋奶”等争议性环保饮食话术的调侃。,"A joking warning used to mock contentious environmental diet discourse, especially arguments urging people to eat less meat, eggs, and dairy, by framing that topic as predictably provocative or debate-triggering.",meat-eggs-dairy debate warning,raw meat and egg safety warning,nutrition facts label alert,vegan propaganda,non-harmful,Experience
2560,train,亲爱的周游,用“周游”指代心中特殊的人或私密情感对象。,"The phrase uses “Zhouyou” as an affectionate coded name for someone special, often pointing to a private emotional attachment or a person held in one’s heart without naming them directly.",dear someone,dear Zhou You,writing a travel diary,secret admirer,non-harmful,Quotation
2561,train,幸好我不识字,面对不想看的内容时假装看不懂，逃避刺激。,"It means pretending one cannot read to avoid seeing something painful, using feigned illiteracy as a joking way to escape unwanted, upsetting, or emotionally irritating content.",suddenly I can’t read,thank goodness I don't recognize these characters,reading is fundamental,I wish I could unsee that,non-harmful,Stylistic device
2562,train,前方低能,提醒接下来会出现愚蠢、离谱或降智内容。,"It is a warning that dumb content is coming, signaling that what follows may be foolish, absurd, or so lacking in sense that viewers should lower their expectations.",dumb content ahead,low ability ahead,mind the gap,viewer discretion advised,harmful,Quotation
2563,train,深圳女孩,指聚会中不聊八卦、专注赚钱的女性。,"A ""Shenzhen girl"" is a money-focused woman who talks business instead of gossip, especially in social settings where others might prefer casual chatter or personal rumors.",money-minded girl,Shenzhen girl,a girl from Shenzhen city,girlboss,non-harmful,Experience
2564,test,小丑竟是我自己,讨好别人无果后发现自己很可笑。,"It means realizing that one was the fool all along, especially after trying to please others or gain approval and then seeing that one’s own efforts were naive or ridiculous.",I was the clown all along,a circus clown turned out to be me,the class clown,clown world,non-harmful,Experience
2565,train,心中无女人拔刀自然神,不被恋爱分心，专注游戏或兴趣后实力更强。,"It means that when someone avoids romance and does not get distracted by relationships, they can focus completely on games or personal interests and perform at their absolute best.","no distractions, only grind","no woman in heart, sword naturally divine",a swordsman who dislikes women,sigma grindset,non-harmful,Experience
2566,test,全糖去冰,形容甜美温柔，或祝愿未来甜蜜温暖。,"It describes someone or something as full of sweetness and warmth, often conveying a gentle, tender feeling or offering a wish for a future that feels sweet, comforting, and kind.",all sweetness and warmth,"full sugar, no ice",a milk tea order,sugar rush,non-harmful,Stylistic device
2567,test,有bear来,“有备而来”的谐音，表示准备充分。,"This punny phrase means that someone has arrived fully prepared, playing on a similar-sounding expression for coming with proper preparation in advance.",came bear-prepared,a bear is coming,warning about an actual bear,bear market,non-harmful,Homophonic pun
2568,train,找个厂子上班,调侃某人能力不行，不适合当前活动。,It jokingly tells someone they are so bad at the current activity that they should give up and get a factory job instead.,"you’re so bad, go get a factory job instead",go find a factory building,go touch grass,try an easier level,harmful,Experience
2569,test,爷青回,“爷的青春回来了”，表示青春回忆被唤醒。,"“My youth is back” expresses the feeling that something has awakened nostalgic memories from one’s younger days, making the speaker feel as if their past youth has returned.",my youth is back,grandpa’s youth returned,an old man becomes young again,nostalgia bait,non-harmful,Abbreviation
2570,test,去码头整点薯条,面对宏大问题时回到简单生活需求。,"It expresses choosing simple comfort over deep life questions, turning away from overwhelming or grand problems and returning instead to an ordinary, immediate pleasure like getting some fries.",sometimes you just need fries,go to the pier and get some fries,buying fries at a harbor,comfort food,non-harmful,Quotation
2571,test,独轮车,直播或网络中反复刷同一句话。,"It refers to repeatedly spamming the same line in a livestream, chat, or online comment section, often by posting identical messages over and over to flood the conversation or attract attention.",spamming the same line in chat,unicycle,one-wheel challenge,copypasta,non-harmful,Stylistic device
2572,train,依萍如洗,双十一付尾款后变得很穷的谐音梗。,"It refers to being left broke after paying off remaining shopping balances, especially after major online sales events where accumulated purchases suddenly drain your money.",broke after Double Eleven,Yiping-like washing,washing clothes like Yiping,retail therapy,non-harmful,Homophonic pun
2573,test,内卷,无意义的过度竞争和资源消耗。,"It describes pointless overcompetition where people expend increasing effort and resources just to keep up with others, yet no one achieves meaningful progress or real gain.",pointless overcompetition,inward rolling,the American dream,hustle culture,non-harmful,Experience
2574,train,拔丝吻,接吻后出现黏连“拔丝”的暧昧场面。,A kiss with sticky saliva strings refers to an intimate or suggestive kissing moment where visible strands of saliva linger between the people after their lips separate.,stringy kiss,pulled-sugar kiss,a dessert made with caramelized sugar,French kiss,non-harmful,Experience
2575,train,年轻人不讲武德,调侃别人不按规矩、不讲公平。,"It jokingly describes someone, often a younger person, as playing dirty, breaking the rules, or acting unfairly instead of following accepted norms of fair competition.",no fair play,young people lack martial virtue,young people do not study martial arts,no honor among thieves,non-harmful,Quotation
2576,test,打听打听谁是爹,表示自己在某圈子里最强、最有话语权。,"It means telling others to find out who runs this place, asserting that the speaker is the strongest, most authoritative person in a particular circle or community.",find out who’s boss,ask around who the dad is,searching for someone’s father,alpha energy,harmful,Slang
2577,train,真还传,罗永浩还债经历的谐音梗，像一部还债传记。,"This meme frames someone’s debt repayment journey as if it were a dramatic mock biography, humorously treating the process of paying debts back like the plot of a legendary personal saga.",the debt-repayment saga,true repayment biography,returning a borrowed book,redemption arc,non-harmful,Homophonic pun
2578,train,收手吧阿祖,劝人适可而止，不要再继续做错事。,"It is used to urge someone to stop what they are doing before it goes too far, especially when they are continuing down a wrong or harmful path.",stop while you still can,"stop it, Azu",asking a person named Azu to stop,enough already,non-harmful,Quotation
2579,train,我喜欢发育,游戏中偏向稳步提升实力后再行动。,"This phrase means preferring to scale up before fighting, focusing on steady growth, resources, or strength first and delaying risky action until better prepared to engage.",I like to scale,I like developing,enjoying personal growth in life,farming simulator,non-harmful,Quotation
2580,train,大宝剑,“大保健”的谐音，隐晦调侃成人按摩或不正当服务。,"A euphemistic joke about adult massage services, this term uses wordplay to hint indirectly at erotic massage or other illicit services while keeping the reference playful and somewhat disguised.",happy ending massage,big treasure sword,a large fantasy sword,spa day,non-harmful,Homophonic pun
2581,train,你永远可以相信宋义进,表达对 Rookie 选手实力的绝对信任。,"It means having absolute trust in Rookie’s performance, expressing confidence that the player Song Eui-jin can be relied on to deliver strong play whenever it matters.",always trust Rookie to deliver,you can always trust someone surnamed Song,trusting someone named Song with money,trust the process,non-harmful,Experience
2582,test,野区栓条狗都能赢,形容队伍强到打野位置随便换人也能赢。,"The phrase means the team is so strong even a weak jungler could win, implying that the lineup can carry almost anyone in the jungle role to victory.",even a dog could play jungle and still win,tie a dog to a tree in the jungle,a dog guarding the forest,jungle diff,harmful,Quotation
2583,test,电竞唢呐,调侃电竞选手嗓门大、喊话声音响。,"A loud esports player who shouts like a suona, used jokingly to describe someone in competitive gaming whose voice is especially booming and forceful during calls or reactions.",esports foghorn,esports suona,a musical instrument used in esports,loudspeaker,non-harmful,Experience
2584,train,我要去搬砖了,不再闲聊，要回去辛苦工作，自嘲打工生活。,"It means someone is ending the chat to go back to work, jokingly describing their job as hard labor in a self-mocking way.",back to the grind,I’m going to move bricks,literally working on a construction site,grindset,non-harmful,Stylistic device
2585,train,尾款人,双十一付完定金后等待支付尾款的人。,A “balance payer” refers to someone who has paid a deposit during a major online shopping sale and is waiting to pay the remaining balance to complete the purchase.,balance payer,tail-money person,bank balance clerk,retail therapy shopper,non-harmful,Experience
2586,train,打工人,对辛苦上班族的自嘲称呼。,"A self-mocking term for ordinary workers, especially people with regular jobs who joke about the exhaustion, routine, and modest rewards of working hard to make a living.",wage slave,working person,someone doing any paid job,corporate slave,non-harmful,Experience
2587,train,早八人,早上八点上课的大学生，自嘲辛苦。,"“Students cursed with 8 a.m. classes” refers to college students who joke self-deprecatingly about the misery, exhaustion, and unfairness of having to wake up early for morning lectures.",8 a.m. class victim,eight-a.m. person,someone born at 8 a.m.,morning person,non-harmful,Experience
2588,train,生孩子警告,性别议题争论中预判“你来生孩子”等回应。,"A “childbirth warning” means anticipating that, in a gender-related argument, someone is about to respond with the familiar claim that the other side should try giving birth themselves.",the 'try giving birth yourself' card is coming,baby delivery alert,a medical warning before delivery,gender war,non-harmful,Experience
2589,train,爬山警告,调侃式威胁，暗示“带你去爬山”的危险意味。,"A joking threat based on a sinister hiking invitation, implying in a playful but ominous way that being asked to go hiking could actually mean danger or harm.",hiking threat,mountain-climbing warning,weather warning for hikers,red flag,non-harmful,Experience
2590,train,钢丝球,荒诞富婆包养段子中的钢丝球梗。,"An absurd meme about a dangerous sugar-mommy deal, where accepting lavish support is imagined as coming with a bizarre, painful, and humiliating condition rather than simple romantic or financial benefit.",steel-wool deal,steel wool ball,a cleaning tool for dishes,sugar mommy,non-harmful,Experience
2591,test,律师函警告,用法律手段威胁对方停止行为。,"It means threatening someone with a legal letter, usually as a warning to stop a certain action or behavior before legal measures are taken.",cease-and-desist letter,lawyer letter warning,Miranda warning,copyright strike,non-harmful,Experience
2592,train,lsp,“老色批”缩写，调侃好色或爱看擦边内容的人。,"“lsp” is slang for a horny commenter, jokingly used to tease someone who acts lecherous or eagerly reacts to suggestive, borderline-sexual content online.",horny dude,L-S-P,a random three-letter acronym,simp,harmful,Abbreviation
2593,test,老色批,调侃对性感内容很感兴趣的人。,"A joking label for someone who seems especially interested in sexual or sexy content, teasing them as a horny old pervert rather than making a strictly literal accusation.",horny old perv,old color batch,dirty old man,thirst trap fan,harmful,Slang
2594,train,泥头车,形容莽撞、横冲直撞或令人恼火的行为。,"It describes someone charging in recklessly like a dump truck, acting in a rough, impulsive, and disruptive way that pushes ahead without care and often annoys or overwhelms others.",dump-truck energy,mud-head truck,a dirty construction vehicle,road rage,non-harmful,Stylistic device
2595,train,肉蛋葱鸡,“肉弹冲击”的谐音，用来形容糟糕下饭操作。,"A punny phrase for a terrible gameplay move, used to mock a badly executed action that looks clumsy, embarrassing, or so poor that viewers treat it as laughably entertaining.",a laughably bad misplay,meat egg scallion chicken,winner winner chicken dinner,a risky all-in engage,non-harmful,Homophonic pun
2596,train,秋天的第一杯奶茶,用奶茶表达关心、惦记和甜蜜关系。,"A seasonal milk-tea gesture of affection, used to show care, fondness, and sweet attention toward someone as autumn begins, often implying a warm romantic or intimate relationship.",a sweet autumn milk-tea gesture of affection,the very first cup of milk tea made in autumn,pumpkin spice latte season,sending a casual check-in text,non-harmful,Experience
2597,train,美国菩萨,对克里斯·埃文斯意外事件带来欢乐的戏称。,"It jokingly calls Chris Evans a benevolent figure, suggesting that an accidental incident involving him unexpectedly brought amusement or happiness to internet users.",America's accidental internet saint,a bodhisattva from the United States,a Buddhist statue in America,Captain America,non-harmful,Experience
2598,test,我太难了,表达生活压力大、处境艰难的无奈自嘲。,"A self-mocking complaint that life is hard, used to express helplessness or resignation when someone feels overwhelmed by pressure, setbacks, or a difficult situation.",life is hard,I am too difficult,I am hard to understand,adulting,non-harmful,Quotation
2599,train,发烂发臭,带诅咒意味，表达希望对方生活变糟。,"It is a harsh curse expressing the wish that someone’s life, condition, or prospects become miserable and degraded, as if they were left to rot and stink.",rot in hell,become rotten and smelly,food going bad in the fridge,go to hell,harmful,Quotation
2600,train,无脑下单,讽刺不假思索地被直播或短视频带货诱导购买。,"It describes buying something impulsively without thinking, especially when someone is persuaded by livestream or short-video product promotions and places an order without considering whether they really need it.",impulse buy,brainless order placement,ordering with no brain activity,retail therapy,non-harmful,Experience
2601,test,人类还有希望吗,调侃看到奇怪、无厘头内容后对人类行为感到失望。,"Used humorously after seeing bizarre, absurd, or disappointing behavior online, it means jokingly questioning whether humanity still has hope while exaggerating one’s mock despair at how strange people can be.",I have lost faith in humanity,do humans still need saving,serious debate about human extinction,touch grass,non-harmful,Quotation
2602,train,如果这都不算爱,ACG 圈表达角色之间感情深到就是真爱。,"It is used in ACG fandom to say that two characters’ bond is so deep, intimate, or emotionally intense that it must count as love.","if this isn’t love, I don’t know what is",if love can be counted,debating a legal definition of love,ship it,non-harmful,Quotation
2603,train,摄影师晚餐加根鸡腿,夸赞镜头角度或画面令人满意。,"Used to praise the cameraman or photographer for capturing an especially satisfying angle or shot, joking that they deserve an extra chicken drumstick at dinner as a reward.",give the cameraman a raise,the photographer had chicken drumsticks for dinner,winner winner chicken dinner,nice lighting setup,non-harmful,Experience
2604,train,摄影师你明天不用来上班了,吐槽镜头移开或拍摄角度不合期待。,"Used to complain that the cameraman ruined the shot by moving the camera away, choosing a bad angle, or failing to capture the expected moment.",fire the cameraman,"photographer, don’t come to work tomorrow",firing a real employee from a studio,camera fail,non-harmful,Experience
2605,test,声优都是怪物,赞美声优配音技巧强、表现力惊人。,"“Voice actors are unbelievably talented” is a playful compliment meaning their dubbing skills, vocal range, and expressive performance are so impressive that they seem almost superhuman.",voice actors are built different,voice actors are literal monsters,voice actors only play kaiju roles,voice actors have nice voices,non-harmful,Experience
2606,train,是在下输了,甘拜下风，承认自己不如对方。,"It means admitting defeat with playful humility, humbly conceding that someone else has outdone you or is better in a particular situation, often in a joking or self-deprecating tone.",I concede,it is I who lost,losing a formal duel,game over,non-harmful,Experience
2607,train,文明观球,表面说文明看球，实际常用于调侃擦边“球状”画面。,"It jokingly means claiming to watch in a polite, respectful way while actually reacting to suggestive, borderline sexual visuals involving “ball-like” imagery or body-focused shots.",respectfully looking,watch balls civilly,politely watching a sports match,bonk,non-harmful,Experience
2608,test,我敬你是条汉子,赞赏或调侃某人有勇气、有担当。,"This phrase gives someone mock-respect for being brave, often praising or teasing them for showing courage, taking responsibility, or daring to do something bold.","respect, you absolute madman",I respect you as a man,giving a formal toast to a man,mad respect,non-harmful,Slang
2609,train,祥瑞御免,调侃某人自带霉运，需要避开。,"It is used to jokingly ward off bad luck from someone who is seen as carrying misfortune, implying that others should keep their distance to avoid being affected.",keep that curse away,auspiciousness be exempted,refusing a lucky blessing,cursed image,non-harmful,Experience
2610,train,想多了,吐槽角色或观众过度解读。,"It is used to tell someone they are overthinking it, usually as a teasing correction when a character or viewer reads too much into a situation or imagines meanings that are not really there.",you’re overthinking it,thought too much,doing too many math problems,big brain analysis,non-harmful,Experience
2611,test,小东西长得真别致,吐槽角色或事物长得奇特甚至丑。,"This phrase is a sarcastic way to comment that a person, character, object, or design looks unusually strange, awkward, or even ugly, while pretending to describe it as distinctive.",that’s… unique-looking,a small thing grows very distinctively,"aww, what a cute little thing",weird flex,harmful,Quotation
2612,train,内容过于真实引起不适,内容太贴近现实，让人尴尬或不舒服。,"The phrase means that the content feels too close to real life, making people feel awkward, exposed, or uneasy because the truth it reflects is uncomfortable.","too real, it hurts",realistic content causes physical discomfort,a trigger warning for graphic realism,called out,non-harmful,Experience
2613,train,缘妙不可言,调侃偶然相遇、分别或戏剧性巧合。,"Used jokingly when accidental meetings, separations, or dramatic coincidences make it seem like fate works in strange and funny ways, especially in situations that feel oddly timed or unexpectedly connected.",fate works in mysterious ways,fate is wonderfully unspeakable,a poetic statement about destiny,plot twist,non-harmful,Quotation
2614,train,外国人少是有原因的,吐槽外国人作死行为或危险挑战。,"Used to joke that reckless stunts, dangerous challenges, or self-endangering behavior by foreigners are the reason there are fewer foreigners around.",this is how you win a Darwin Award,foreigners are naturally rare,tourist trap,YOLO,non-harmful,Experience
2615,train,这么可爱一定是男孩子,ACG 中调侃可爱角色可能是男孩子。,"This phrase jokingly suggests that a character or person who looks extremely cute is probably a boy, especially in anime, comics, and gaming contexts where gender presentation can be playfully ambiguous.",too cute to be a girl,this cute must be a boy,saying boys are always cute,trap card,non-harmful,Quotation
2616,train,人干事,“这是人干的事吗”的缩写，吐槽事情离谱或不可接受。,"This phrase is shorthand for “what kind of human does this,” used to complain that something is so outrageous, unreasonable, or unacceptable that it feels beyond normal human behavior.",what kind of monster does this,human-doing-things,a normal human activity,bruh moment,non-harmful,Abbreviation
2617,train,这是人干的事吗,吐槽某事令人震惊、离谱或难以接受。,"This phrase is used to express disbelief at something outrageous, shocking, unreasonable, or hard to accept, as if questioning how any normal person could possibly do such a thing.",what kind of monster would do this,is this made by a human,all hands on deck,that's inconvenient,non-harmful,Experience
2618,test,字幕组调皮了,字幕组加入吐槽或网络语，带来额外笑点。,"The phrase means that the fansubbers added playful jokes, commentary, or internet slang into the subtitles, creating extra humor beyond the original dialogue.",the subs are trolling,the subtitle team got naughty,subtitles were translated incorrectly by accident,translator’s note,non-harmful,Experience
2619,train,笑容由我来守护,表达喜欢某人的笑容，想守护这份美好。,"It means wanting to protect someone’s smile because it feels precious and beautiful, often expressing affection, admiration, or a gentle desire to preserve that person’s happiness.",protect that smile,the smile is up to me,service with a smile,you make me smile,non-harmful,Quotation
2620,train,国欠妹,“国家欠我一个妹妹”，表达对 ACG 妹妹角色的羡慕。,"It means wishing one had a cute little sister like in anime, expressing envy toward idealized younger-sister characters in ACG media and joking that life has unfairly failed to provide one.",I wish I had a cute anime little sister,national debt sister,suing the government for compensation,little sister complex,non-harmful,Abbreviation
2621,train,夫人我喜欢你啊,表达对有魅力的萌人妻角色的喜爱。,"It is used to openly confess affection or admiration for an attractive, endearing wife-like female character, often in a playful fandom context.","ma’am, I’m in love","Madam, I like you",formally confessing to a married woman,waifu material,non-harmful,Quotation
2622,train,别光喝酒吃菜啊,调侃别人像喝醉了一样胡说，劝其清醒点。,"A teasing way to tell someone they sound drunk or irrational, urging them to sober up, stop talking nonsense, and return to a clearer, more sensible state of mind.","sober up, you’re talking nonsense","don’t just drink, eat some food",giving someone dining etiquette advice,hold my beer,non-harmful,Stylistic device
2623,train,七夕布谷鸟,用“不孤不孤”的谐音表达七夕不想孤单。,"It expresses a wish not to be lonely on Qixi by using a pun on a cuckoo-like bird call that sounds like “not alone, not alone.”",not-lonely Qixi bird,Qixi cuckoo bird,a bird appearing on Valentine’s Day,lovebirds,non-harmful,Homophonic pun
2624,test,七夕青蛙,用青蛙叫声“孤寡”调侃七夕单身。,This meme teases people who are single during Qixi by using a frog’s croaking sound as a pun for loneliness and being without a partner.,"lonely single on Qixi, mocked with a frog-croak pun",a frog on Qixi night,a frog used in a festival parade,third wheel,non-harmful,Homophonic pun
2625,train,妈已经走十年了,调侃浮夸、尴尬、过度用力的表演。,"Used to mock overly dramatic bad acting, especially performances that feel exaggerated, awkward, emotionally forced, or so overdone that they become unintentionally funny rather than moving.",overacting meltdown,mom has been gone for ten years,mourning a real family loss,Oscar bait,non-harmful,Quotation
2626,train,小脑斧,“小老虎”的卖萌谐音。,"“Little tiger” said in an intentionally cute, baby-talk style, often used to sound playful, childish, or endearing rather than to introduce a separate meaning beyond the animal itself.",lil tiger,little brain axe,a small axe shaped like a brain,rawr,non-harmful,Homophonic pun
2627,train,当然是选择原谅她啊,调侃被绿后还选择原谅。,"It jokingly refers to choosing to forgive someone after being cheated on, often used to mock or tease a person who still accepts the unfaithful partner.",forgiving a cheating partner anyway,"of course, choose to forgive her",green with envy,forgive and forget,non-harmful,Experience
2628,test,我能怎么办我也很绝望啊,表达无能为力、只能自嘲的绝望。,"It means helplessly saying there is nothing one can do, often with self-mocking despair when someone feels powerless in a frustrating or impossible situation.",What else can I do? I'm totally helpless.,What can I do with despair?,Keep calm and carry on,This is fine,non-harmful,Experience
2629,train,老哥稳,夸赞对方表现稳、厉害、靠谱。,"This expression praises someone for being solid, reliable, and impressive, suggesting that their actions or performance are steady, capable, and worthy of confidence.","solid move, bro","bro, steady",telling an older brother to stand still,nice save,non-harmful,Experience
2630,train,请开始你的表演,表示期待对方展示，也可调侃装腔作势。,"This phrase means inviting someone to start their performance or show what they can do, often used sarcastically to mock someone who seems to be acting, showing off, or putting on a fake display.","go on, show us",please begin your performance,asking an actor to start a stage show,popcorn time,non-harmful,Quotation
2631,train,你有freestyle吗,询问是否会即兴说唱，也可玩梗式考验能力。,"It means asking whether someone can freestyle rap, often as a playful meme-style challenge to test someone’s improvisational skill or general ability on the spot.",Can you freestyle?,do you have a free style,drop the mic,rap battle,non-harmful,Quotation
2632,train,中文十级,调侃或夸赞中文水平极高。,"It jokingly suggests that someone has expert-level Chinese ability, either as playful praise for impressive language skill or as teasing recognition that they can understand especially difficult wording, slang, or cultural nuances.",master-level Chinese,Chinese level ten,passing a formal level-ten Chinese exam,grammar police,non-harmful,Experience
2633,train,船新版本,“全新版本”的不标准发音调侃。,"This meme refers to a funny, intentionally nonstandard mispronunciation of “brand-new version,” often used to mock or playfully imitate exaggerated promotional language about something being newly updated.",mock mispronunciation of “brand-new version”,ship-new version,a new ship model,version update,non-harmful,Homophonic pun
2634,test,震惊体,用“震惊！”式标题诱导点击的夸张标题风格。,"A sensational clickbait headline style that uses exaggerated “shocking” phrasing to provoke curiosity and lure readers into clicking, often making ordinary content sound dramatic or unbelievable.",clickbait headline,shocked style,writing while being truly shocked,breaking news,non-harmful,Experience
2635,train,我点了,游戏中表示投降或放弃这一局。,"It means saying that one is surrendering or giving up the current round in a game, usually to signal that continuing feels unwinnable or not worth playing.",I surrender,I clicked it,clicking a button once,rage quit,non-harmful,Quotation
2636,train,你怎么这个亚子,“你怎么这个样子”的卖萌式说法。,"A cutesy, playful way to say “why are you like this,” often used to sound intentionally adorable or teasing when reacting to someone’s behavior.",why are you like this,why are you this Asia,asking about someone’s Asian identity,what are those,non-harmful,Homophonic pun
2637,train,小孩子才做选择题,表示成年人不做单选，而是全都要。,"It means refusing to make a single choice because, as an adult, one wants to have all the options rather than settle for only one.",why choose when you can have both,only kids do multiple-choice questions,children dislike exams,greedy much,non-harmful,Experience
2638,train,难道只有我一个人觉得,表面寻求认同，实际常显得自以为独特。,"This phrase is used when someone frames an opinion as if they are merely seeking agreement, while actually implying that their view is unusually perceptive or uniquely special.",Am I the only one?,the only person in the room,main character syndrome,unpopular opinion,non-harmful,Experience
2639,train,nmsl,“你妈死了”的拼音缩写，网络骂人用语。,"“nmsl” is an acronym for a harsh Chinese insult, commonly used online as an abusive phrase directed at someone’s mother and meant to offend or provoke.",your mom is dead,N-M-S-L,an English inspirational acronym,toxic chat,harmful,Abbreviation
2640,train,恭喜这个b站用户,调侃抽奖中奖或意外糗事，带羡慕和搞笑语气。,"“Jokingly congratulating a Bilibili user with a comic pause” is used to tease someone who wins a giveaway or ends up in an unexpectedly embarrassing situation, mixing mock envy with playful humor.",congrats to this Bilibili user,"congratulations, this is Bilibili",and the Oscar goes to this user,lucky giveaway winner,non-harmful,Experience
2641,train,有丶东西,评价某人表现有点水平，也可反讽。,"It means saying that someone or something shows a bit of real skill, substance, or competence, sometimes sincerely and sometimes with a mildly sarcastic tone.",there’s something there,has a dot of something,physically owning a tiny object,not bad,non-harmful,Homophonic pun
2642,train,不灭之握,调侃采访中让选手尴尬或出糗的互动。,"An awkward interview move that traps the player, used to joke about moments when an interviewer’s interaction corners an esports player into embarrassment or makes them look foolish on camera.",awkward interview grab,grasp of the undying,a League rune used in combat,firm handshake,non-harmful,Experience
2643,train,C位出道,在团体中占据核心位置，突出亮眼。,"It means debuting as the center or main focus of a group, standing in the most prominent position and receiving the greatest attention for being especially eye-catching or important.",center-stage debut,debut from seat C,starting a career in section C,main character energy,non-harmful,Experience
2644,train,雨女无瓜,“与你无关”的谐音，用于回怼或调侃。,"A punny phrase used to tell someone that something is none of their business, often as a playful comeback or teasing response when rejecting unwanted involvement.",none of your business,rain girl has no melon,watermelon sugar,don't rain on my parade,non-harmful,Homophonic pun
2645,train,来了老弟,魔性热情问候语，用于欢迎熟人或观众。,"A catchy, enthusiastic greeting used to welcome someone who has just arrived, especially a familiar person, friend, or audience member entering a conversation, livestream, or shared online space.","hey bro, you’re here","you’re here, little bro",younger brother came over,welcome back,non-harmful,Quotation
2646,train,像极了爱情,形容某场景很像爱情，常带抽象调侃意味。,"It is used to jokingly describe a scene or situation as weirdly resembling love, often with an abstract or ironic tone rather than a serious romantic meaning.",that’s basically love,looks like the word love,a fairytale romance,relationship goals,non-harmful,Experience
2647,train,紫腚能行,“指定能行”的谐音，表示祝愿一定成功。,"A punny good-luck phrase meaning it will definitely work, used to wish someone certain success by humorously echoing a phrase that means “it is sure to succeed.”",it’ll definitely work,purple butt can do it,a purple hip is capable,good luck charm,non-harmful,Homophonic pun
2648,train,你怎么回事老弟,表达疑惑、不解或调侃对方状态。,"This phrase is used to jokingly question someone’s odd behavior or unusual state, teasing them as if asking what is going on with them.","what’s up with you, dude",what happened to my younger brother,asking about a brother’s health,bruh moment,non-harmful,Experience
2649,train,你说你马呢,用“马”替代“妈”的调侃式粗口或回怼。,"A softened rude retort that uses a horse pun to dodge the harsher insult, typically meaning “what are you even saying?” in a mocking or confrontational way.",what are you even saying,what are you saying about your horse,discussing someone’s horse,neigh-sayer,harmful,Homophonic pun
2650,train,摇了我吧,“饶了我吧”的东北方言式谐音求饶。,"A funny dialect-flavored way to say “spare me,” used as a playful plea for mercy when someone feels overwhelmed, teased, or unable to deal with a situation anymore.",spare me,"shake me, please",asking someone to physically shake you,make it stop,non-harmful,Homophonic pun
2651,train,司马脸,形容面无表情、脸色沉重或丧气。,"It refers to a gloomy deadpan face, describing someone who looks expressionless, heavy-faced, or visibly downcast, often giving off a dull, unhappy, or dispirited mood.",deadpan doom face,Sima face,a face like someone surnamed Sima,poker face,harmful,Homophonic pun
2652,train,我佛了,“我服了”的谐音，表示无语、无奈或被整服。,"It is a punny way of saying “I’m speechless and defeated,” used when someone feels helpless, exasperated, or completely worn down by a situation.",I can’t even,I became Buddha,converting to Buddhism,namaste,non-harmful,Quotation
2653,train,家乡的樱花开了,用樱花暗示某人像日本人或有日本味。,"It jokingly implies that someone seems Japanese-coded, using cherry blossoms as a playful symbol to suggest they have a Japanese vibe or resemble a Japanese person.",Japan called you home,the cherry blossoms in hometown have bloomed,spring has arrived back home,anime moment,harmful,Experience
2654,train,黑人问号,表达强烈疑惑或困惑的表情包状态。,"A confused reaction face used to show strong bewilderment, disbelief, or “what is going on?” energy in response to something strange, illogical, or hard to understand.",confused question-mark face,Black person question mark,a question asked by a Black person,confused Pikachu,non-harmful,Quotation
2655,train,还有这种操作,对意外套路或奇怪做法表示震惊。,"Used to express shock or disbelief when someone uses an unexpected trick, strange method, or unconventional move, meaning the speaker is surprised that such a move is possible.","wait, that’s allowed",there is this kind of operation too,a surgical procedure exists,pro gamer move,non-harmful,Experience
2656,test,意不意外惊不惊喜,调侃出人意料的反转或戏剧性结果。,"It is used to tease someone when an unexpected reversal or dramatic outcome appears, implying that the surprise twist should catch them off guard in a joking or playful way.","surprise, didn’t see that coming","unexpected or not, surprised or not",asking about a birthday surprise,plot twist,non-harmful,Quotation
2657,train,皮皮虾我们走,召集伙伴一起行动或离开。,"A playful rallying cry used to call friends or companions to move out, leave together, or start doing something as a group with an energetic, humorous tone.",let’s roll,"mantis shrimp, let’s go",taking seafood for a walk,squad up,non-harmful,Experience
2658,train,扎心了老铁,向朋友表达被戳中痛处、内心受伤。,"Used between friends, this means “that hit me right in the feelings, bro,” expressing that someone’s words or situation touched a sore spot and left the speaker emotionally wounded.","that hit me right in the feelings, bro","my heart got stabbed, old iron",stabbed in the back,"shots fired, bro",non-harmful,Experience
2659,test,小拳拳捶你胸口,撒娇式表达轻轻打对方胸口。,"It describes a cutesy, affectionate gesture of playfully “punching” someone’s chest very lightly, usually in a teasing or coquettish way rather than with any real anger or intent to hurt.",cute playful chest punches,little fists pounding a chest,throwing hands for real,playful slap on the arm,non-harmful,Quotation
2660,train,真香,先拒绝后喜欢，被现实打脸。,"It describes someone initially rejecting or dismissing something, then later changing their mind and liking or accepting it, often after reality proves their earlier attitude wrong.",eat my words,really fragrant,food smells very good,chef’s kiss,non-harmful,Quotation
2661,test,你号没了,警告对方言行可能导致账号被封。,"A joking warning that what someone just said or did is likely to get their account banned, often used playfully to imply they have gone too far online.",you're about to get banned,your number is gone,you lost your phone number,you crossed the line,non-harmful,Quotation
2662,test,我自闭了,被打击后陷入失落、沉默或不想交流的状态。,"It means shutting down emotionally after a blow, becoming discouraged, withdrawn, silent, or unwilling to talk after being hurt, disappointed, embarrassed, or otherwise negatively affected by something.",I’m shutting down,I became autistic,receiving a medical diagnosis,dead inside,non-harmful,Experience
2663,test,得不到我的认可,表示对某人或某事不满意，即便对方表现不错也不承认。,"It means refusing to recognize someone’s achievement, often because you are dissatisfied, unimpressed, or unwilling to admit approval even when the person or thing has performed well.",I refuse to give you credit,unable to obtain my formal authorization,applying for official certification,"close, but no cigar",non-harmful,Quotation
2664,test,那你很棒哦,表面夸奖，实际带讽刺和无语。,"It is a sarcastic form of praise used when someone’s action or claim is unimpressive, awkward, or unworthy of real admiration, implying mild annoyance, disbelief, or speechless mockery rather than genuine approval.","Wow, good for you",Then you're really great,You da real MVP,Whatever you say,non-harmful,Stylistic device
2665,train,奶茶肚,因经常喝奶茶而长出的肚子。,A “milk tea belly” refers to the belly fat or protruding stomach someone gains from drinking too much milk tea too often.,belly fat from too much bubble tea,milk tea bellyache,beer belly,food baby,non-harmful,Quotation
2666,train,gkd,“搞快点”的缩写，用于催促快一点。,"“gkd” is shorthand for “hurry up,” used online to urge someone to move faster, respond sooner, or get something done more quickly.",hurry up,G-K-D,a gamer keyboard shortcut,speedrun,non-harmful,Abbreviation
2667,train,gck,“滚出克”的缩写，表示让人离开。,"“gck” is an abbreviation used online as a blunt shorthand for telling someone to get out, leave immediately, or stop being present in a conversation or space.",get out,G-C-K,a server error code,log off,harmful,Abbreviation
2668,train,盘她,可指撩她，也可指揍她，具体含义依语境变化。,"A context-dependent phrase meaning to hit on her or go after her, with the intended sense varying by situation from flirting with or pursuing a woman to confronting or attacking her.",go for her,plate her,analyze her carefully,shoot your shot,non-harmful,Quotation
2669,train,我怀疑你在搞黄色但是我没有证据,怀疑对方有性暗示，但没有证据。,"It means you suspect someone is making a sexual innuendo or dirty joke, but you cannot prove it, often said playfully when a comment seems unintentionally suggestive.","that sounds dirty, but I can’t prove it","I suspect you are making yellow, but I have no proof",accusing someone of using yellow paint,bonk,non-harmful,Experience
2670,train,搞黄色,指涉及色情或性暗示内容。,"It refers to making or posting sexual content, including pornographic material, sexually suggestive jokes, images, or comments, often in online spaces where such content is seen as inappropriate or deliberately provocative.",making it dirty,make yellow,painting something yellow,NSFW vibes,non-harmful,Quotation
2671,train,这谁顶得住啊,面对巨大诱惑或冲击，表示无法承受。,"Used when facing an overwhelming temptation, shock, or intense situation, meaning “this is too much to handle” and the speaker feels they cannot resist or endure it.",who could resist this,who can hold this up,asking who can support a heavy object,I can’t even,non-harmful,Experience
2672,train,人人,韩文表情“ㅅㅅ”的汉化，表示赞许或欣慰。,"It is a cute text-face-style reaction used to show approval, satisfaction, or a quietly pleased sense of relief, like someone warmly acknowledging that something is good or reassuring.",nice,everyone,referring to all people,666,non-harmful,Quotation
2673,train,我有个朋友,借“朋友”名义说自己的问题或经历。,"It means asking about one's own problem or experience while pretending it concerns a friend, often to reduce embarrassment, avoid judgment, or make a personal situation sound more hypothetical.",asking for a friend,I have a friend,friend zone,hypothetically speaking,non-harmful,Stylistic device
2674,train,白人饭,指生冷少、低加工、欧美风格的简餐，常带调侃。,"A bland low-effort Western-style cold lunch refers to simple, minimally prepared meals like salads, sandwiches, or raw ingredients, often used jokingly to mock food that seems plain, cold, and unsatisfying.",white people lunch,white person meal,food eaten only by white people,sad desk lunch,non-harmful,Slang
2675,train,抱一丝,“不好意思”的谐音，用来轻松道歉。,"A cutesy pun for “sorry,” used as a lighthearted, playful way to apologize without sounding too formal or serious.",sorryyy,hug a thread,hugging someone gently,my bad,non-harmful,Homophonic pun
2676,train,背刺我,指被背后捅刀、被突然背叛。,"“Being betrayed from behind” means someone you trusted suddenly turns against you, harms you unexpectedly, or metaphorically stabs you in the back when you were not prepared.",stabbed me in the back,stab my back literally,use a Backstab skill in a game,sneak attack,non-harmful,Slang
2677,train,蚌埠住,“绷不住”的谐音，表示情绪快撑不住。,"It means being unable to hold it together emotionally, often when someone is so amused, upset, shocked, or overwhelmed that their composure is about to break.",I can’t hold it in,Bengbu cannot hold,a city cannot support weight,I’m dead,non-harmful,Homophonic pun
2678,train,边界感,指对人与人之间界限的判断与尊重。,"It means awareness of personal boundaries, especially the ability to judge and respect appropriate limits between people in social, emotional, or interpersonal interactions.",a sense of personal boundaries,boundary sensation,knowing where a country's border is,personal space,non-harmful,Slang
2679,train,薄荷奶绿,清爽甜口的奶茶，也可指清凉甜美风格。,"A minty fresh milk-tea vibe describes something that feels cool, sweet, light, and refreshing, often suggesting a clean, gentle, pleasantly stylish mood or aesthetic.",mint milk tea,mint milk green,green milk made from mint leaves,matcha latte,non-harmful,Slang
2680,test,薄荷曼波,指薄荷绿色、清爽自由的穿搭或视觉风格。,"A fresh mint-green aesthetic describes a cool, breezy fashion or visual style that feels clean, refreshing, relaxed, and free-spirited, often built around pale green tones and light, airy presentation.",mint-green vibe,mint mambo,dancing mambo with mint leaves,cottagecore,non-harmful,Slang
2681,train,踩缝纫机,形容不停抖腿。,"Describes someone shaking one’s leg nonstop, especially in a restless, repetitive up-and-down motion that looks like they are operating a sewing machine pedal.",sewing-machine leg,stepping on a sewing machine,working in a garment factory,nervous tic,non-harmful,Stylistic device
2682,train,大肠包小肠,用食物梗表达人生无常、处境滑稽或不如意。,"It jokingly frames life’s absurd unpredictability through a food meme, often used when someone’s situation feels awkward, ridiculous, unlucky, or unexpectedly disappointing.",life comes at you fast,large intestine wraps small intestine,Taiwanese sausage snack,that is awkward,non-harmful,Quotation
2683,test,哒咩,日语“だめ”的谐音，表示不可以、不行。,"A cute Japanese-style way to say no, it is used playfully to mean “don’t,” “not allowed,” or “that won’t do,” often with a soft or exaggeratedly adorable tone.",dame,da mie,a person named Dame,nope,non-harmful,Homophonic pun
2684,test,海公牛,西班牙语空耳，用来表达“啊我擦”一类惊讶或吐槽。,"A misheard foreign phrase used as a shocked exclamation, this meme conveys startled surprise, disbelief, or a brief complaining reaction similar to blurting out “what the heck” in response to something unexpected.",what the hell,sea bull,a bull living near the ocean,holy cow,non-harmful,Homophonic pun
2685,test,还我妈生鼻,调侃想要回原装、没被改动过的鼻子。,"It jokingly means demanding one’s original natural nose back, usually after cosmetic alteration, heavy beauty filters, or editing has made the nose look changed from how it was naturally.",give me back my natural nose,give my mother back her nose,a Mother's Day nose job,turn off the beauty filter,non-harmful,Stylistic device
2686,test,好抓马,“drama”的音译，形容事情戏剧化、浮夸。,"This phrase is used to say that a situation, story, or someone's behavior feels very dramatic, exaggerated, or theatrical, as if it were full of over-the-top drama.",so dramatic,very grab-horse,catching a horse dramatically,soap opera,non-harmful,Homophonic pun
2687,train,劳资蜀道山,川渝方言“老子数到三”的谐音，表示警告和催促。,"A dialect-based pun meaning “I’m counting to three,” used as a warning or impatient push to make someone act before the speaker loses patience.",I’m counting to three,"I, Shudao Mountain",climbing a mountain in Sichuan,countdown begins,non-harmful,Homophonic pun
2688,train,聊缩力,让聊天迅速冷场、变尴尬的能力。,"It describes the ability to kill a conversation instantly by saying something that makes the mood awkward, causes silence, or leaves others unsure how to continue chatting.",conversation killer,chat-shrinking power,making text smaller in chat,awkward silence,non-harmful,Stylistic device
2689,train,小香风,指香奈儿式简约、优雅、精致的穿搭风格。,"A Chanel-inspired elegant fashion style refers to a simple, refined, and polished way of dressing that evokes classic luxury, understated sophistication, and carefully coordinated outfits.",Chanel-inspired look,little fragrant wind,a light scented breeze,luxury cosplay,non-harmful,Slang
2690,train,破防,心理防线被击破，情绪受到强烈冲击。,"It means being emotionally hit or triggered when someone's mental defenses are broken down, often by a painful truth, touching moment, insult, or sudden situation that causes a strong emotional reaction.",emotionally wrecked,defense broken,breaking a physical shield,rage quit,non-harmful,Slang
2691,train,去父留子,不要婚姻或父亲角色，只保留孩子的育儿选择。,"It describes a parenting choice where someone rejects marriage or an ongoing father role, but still chooses to have and raise the child within a family structure that excludes the father.",having the child without involving the father,remove the father and keep the son,erasing dad from a family photo,co-parenting after divorce,non-harmful,Slang
2692,train,人麻了,对离谱事情感到无语、无力吐槽。,"It describes feeling numb from absurdity or frustration, when something is so ridiculous, annoying, or hard to respond to that a person feels speechless and too drained to complain.",I can’t even,the person went physically numb,pins and needles,I’m fed up,non-harmful,Slang
2693,train,社死,当众出丑到极度尴尬，感觉社会性死亡。,"It describes a moment of extreme public embarrassment, when someone does something so awkward or humiliating in front of others that they feel socially ruined or unable to face people.",feeling socially dead from public embarrassment,the death of society,cancel culture,secondhand embarrassment,non-harmful,Slang
2694,train,手机爹,调侃手机算法推什么就看什么，像被手机支配。,"It jokingly describes the feeling that one’s phone controls what one sees, as if its algorithm decides what content to push and the user simply follows along.",my phone owns me,phone dad,dad on the phone,doomscrolling,non-harmful,Stylistic device
2695,train,偷感好重,形容行为偷偷摸摸、不想被人发现。,"It describes someone whose behavior feels secretive, furtive, or like they are trying hard not to be noticed, giving off strong sneaky energy in a noticeable or awkward way.",sneaky vibes,heavy stealing feeling,feeling guilty after theft,stealth mode,non-harmful,Stylistic device
2696,train,二硫碘化钾,用化学名式谐音含蓄表达 kiss。,"A chemistry-style pun for “kiss,” this term disguises the sound of the word as if it were a chemical compound name, making the romantic meaning feel indirect and playful.",KISS,potassium disulfide iodide,a real chemical reagent,chemistry pickup line,non-harmful,Homophonic pun
2697,train,这是不付费就能看的吗,夸内容精彩到像付费内容，却被免费看到。,"It is used to praise content as so impressive, exciting, or high-quality that it feels like premium material people would normally have to pay to see.",this should be paywalled,can this be watched without paying,asking about subscription rules,shut up and take my money,non-harmful,Stylistic device
2698,train,小孩哥,对特别厉害的小男孩的网络称呼。,"The term refers to a young boy who is impressively skilled, often used online with admiration or surprise when a child shows talent, confidence, or ability beyond what people expect for his age.",little legend,little kid bro,little emperor,teacher's pet,non-harmful,Slang
2699,train,小孩姐,对特别厉害的小女孩的网络称呼。,"This term refers to a young girl who is impressively skilled, especially someone whose talent, confidence, or ability seems far beyond what people would normally expect for her age.",little prodigy,child elder sister,prom queen,girlboss,non-harmful,Slang
2700,train,性缘脑,总把异性关系优先理解成恋爱或性缘关系的思维。,"A mindset that reflexively interprets any relationship between men and women as romantic or sexually charged, assuming attraction or dating potential even when the connection may be ordinary friendship, work, or casual interaction.",seeing every male-female interaction as romantic or sexual,sexual-fate brain,a scientific sexuality researcher mindset,hopeless romantic,harmful,Slang
2701,train,一身反骨,做事叛逆、总爱反着来，不服管。,"It describes someone as being naturally rebellious and contrary, habitually resisting authority, refusing to be controlled, and tending to do the opposite of what others expect or ask.",a born rebel,a body full of reverse bones,big-boned,likes to play devil's advocate,non-harmful,Stylistic device
2702,train,家人们谁懂啊,寻求共鸣，希望别人理解自己的感受。,"A phrase used to ask online strangers for emotional validation, inviting others to understand, relate to, and affirm the speaker’s feelings or situation.",who else gets this,"family members, who understands",asking relatives for help,relatable content,non-harmful,Slang
2703,train,防犊面具,为防小孩抓脸、抠脸而调侃出的护脸装备。,"A joking face shield imagined for adults to protect their face from grabby children who might scratch, pinch, or poke at them.",toddler-proof face shield,calf-proof mask,a mask to protect baby cows,parenting hack,non-harmful,Stylistic device
2704,train,硬控我,被某个内容强烈吸引，无法移开注意力。,"It means that something is so compelling or absorbing that it has completely captured my attention, making it difficult for me to look away or focus on anything else.",had me in a chokehold,hard-controlled me,being stunned by a game skill,mind control,non-harmful,Stylistic device
2705,train,勇敢牛牛,鼓励人勇敢面对生活中的尴尬和困难。,"A cute phrase used to encourage someone to bravely face awkward moments, setbacks, or everyday difficulties with a lighthearted, supportive attitude.",brave little cow,brave cattle,holy cow,"no pain, no gain",non-harmful,Quotation
2706,train,智性恋,相比外表，更容易被智力和精神特质吸引。,"It refers to being attracted to intelligence and mental qualities more than physical appearance, emphasizing appeal based on someone’s mind, ideas, insight, or inner character.",sapiosexual,intellectual sexuality,liking people who read a lot,nerd crush,non-harmful,Slang
2707,train,周一病,周一开始上班或上学时感到疲惫、沮丧和厌烦。,"Feeling down and tired at the start of Monday describes the fatigue, low mood, and reluctance people feel when returning to work or school after the weekend.",Monday blues,Monday disease,getting sick only on Mondays,Sunday scaries,non-harmful,Stylistic device
2708,train,装到了,形容别人成功炫耀，让人羡慕或不爽。,"It describes a situation where someone successfully showed off in a noticeable way, making others feel impressed, envious, or slightly annoyed by how effectively they flaunted something.",nice flex,installed it,putting on clothes successfully,humblebrag,non-harmful,Slang
2709,train,尊重他人命运,放弃拯救情结，尊重他人的选择和结果。,"It means letting go of the urge to rescue or fix everyone, and instead accepting that other people’s choices and outcomes are their own to live with.",let people live their lives,respect other people’s fate,believing everything is predetermined,mind your business,non-harmful,Slang
2710,train,嘬嘬嘬,吸引狗狗注意，或形容吃得很香很快。,"“Zuozuozuo” mimics the “pspsps” sound used to attract a pet’s attention, especially a dog, and can also describe someone eating quickly, eagerly, or noisily with obvious enjoyment.",pspsps / nom nom nom,suck suck suck,cheers cheers cheers,who's a good boy?,non-harmful,Slang
2711,train,我cow,“我靠”的谐音，用 cow 替代粗口表达惊讶。,"A softened, punny exclamation for “holy crap,” this meme replaces a harsher swear-like outburst with the English word “cow” to express surprise, shock, or disbelief in a playful way.",holy cow,my cow,cash cow,what the heck,non-harmful,Homophonic pun
2712,train,去蟹实力派,调侃拒绝虚假包装，强调真实实力。,"This meme jokingly describes an attitude of rejecting fake hype, exaggerated packaging, or empty image-building, while valuing real ability, proven skill, and substance over superficial promotion.",substance over hype,"remove crabs, strength faction",a seafood-cleaning expert,humblebragging,non-harmful,Homophonic pun
2713,train,松人紧人,用“松/紧”区分松弛随和与紧绷警惕的人。,"It describes a contrast between relaxed people who are easygoing and loose in attitude, and tense people who stay guarded, alert, or emotionally wound up in social situations.",chill person vs tense person,"loose person, tight person",people with loose or tight clothes,Type A personality,non-harmful,Slang
2714,train,十金不昧,用“十根金条”谐音玩梗，调侃送金条维持感情。,"A punny joke about gifting gold bars to keep love loyal, teasing the idea that romantic devotion can be maintained or proven by sending expensive gold bars.",ten gold bars for loyalty,ten-gold honesty,returning ten pieces of lost gold,gold digger,non-harmful,Homophonic pun
2715,train,不叠被子教,反对叠被子等形式主义、无效习惯。,"It refers to rejecting pointless routines like folding quilts, especially when such habits are seen as empty formalities that waste effort without producing any real practical benefit.",anti-pointless-rules,no-quilt-folding religion,a school that teaches bedding,anti-work,non-harmful,Slang
2716,train,doro粉狗,指戴粉色羽毛发饰、憨态可掬的“Doro”粉狗形象。,"“Doro pink dog” refers to a silly, cute dog-like fandom mascot, often shown with pink feather-like hair accessories and an endearingly goofy expression.",Doro pink dog mascot,Doro powder dog,a dog dyed pink,cute furry mascot,non-harmful,Quotation
2717,train,爸机,调侃父亲巡视房间、沉默检查、像机器一样固定触发。,"A joking label for dad behavior that feels like a scripted machine routine, especially when a father silently patrols a room, checks things in a fixed pattern, and reacts as predictably as an automated device.",scripted dad patrol mode,dad's gadget,dad joke,helicopter parent mode,non-harmful,Stylistic device
2718,train,国潮包装,指无品牌感或小作坊产品套上“国潮”外壳。,"It refers to cheap or generic products being dressed up with trendy Chinese-style packaging to look fashionable, cultural, or premium despite lacking real brand value or quality.",fake guochao packaging,national-trend packaging,patriotic luxury branding,made in China,non-harmful,Slang
2719,train,现杀的人,调侃案件博主更新过快，像在讲“刚发生”的案件。,"It jokingly describes crime-story creators who update so quickly that they seem to be covering cases almost the moment they happen, as if the incidents are still freshly unfolding.",same-day true crime,freshly killed people,a person killed on the spot,true crime binge,non-harmful,Stylistic device
2720,train,0帧起手,动作极快，毫无前摇和等待。,"It describes someone acting instantly with no delay, as if they move or respond so fast that there is no visible startup, preparation, hesitation, or waiting time before the action happens.",instant action with no wind-up,starting from frame zero,a video with no frames,speedrun,non-harmful,Slang
2721,train,性缩力,性张力的反义词，形容毫无暧昧或吸引力。,"It means the opposite of sexual tension, describing a vibe between people that has no flirtation, ambiguity, chemistry, or attraction at all.",anti-sexual tension,sex-shrinking power,losing physical size,friendzone,non-harmful,Slang
2722,train,M3,模仿 “you know what I’m saying” 的街头口音缩写。,"M3 is a slangy “you know what I’m saying” tag, used to mimic a casual street-accented way of checking that the listener follows or agrees with what was just said.",know what I’m sayin’,M three,a BMW model name,you feel me,non-harmful,Abbreviation
2723,train,电子布洛芬,能缓解精神痛苦、带来安慰的电子内容。,"It refers to digital comfort that eases emotional pain, such as online content, media, or virtual experiences that soothe distress and provide a sense of relief or emotional support.",digital comfort content,an electronic ibuprofen tablet,an online pharmacy pill,comfort food,non-harmful,Stylistic device
2724,train,C牛马O,“首席牛马官”，调侃公司里最辛苦的打工人。,"“Cattle and horse officer” jokingly means the chief overworked laborer in corporate meme slang, mocking someone in a company who works the hardest, takes on exhausting tasks, and feels like a tireless corporate workhorse.",Chief Wage Slave Officer,Chief Cow-Horse Officer,a livestock manager in a company,corporate slave,non-harmful,Abbreviation
2725,train,弄堂公主,讽刺出身普通但自我定位和消费期待很高的女孩。,A snobbish alley princess with unrealistic expectations refers to a girl from an ordinary background who sees herself as refined or superior and expects a lifestyle or level of consumption beyond her circumstances.,a snobbish girl with champagne tastes on a beer budget,alleyway princess,Disney princess in a back alley,princess syndrome,harmful,Stylistic device
2726,train,赛博灯泡,因好奇尝试不可逆电脑设置而把自己坑住。,"It describes a digital curiosity trap that is hard to undo, where someone experiments with irreversible or risky computer settings out of curiosity and ends up creating problems for themselves.",digital curiosity trap,cyber light bulb,a smart bulb connected to the internet,tech support,non-harmful,Stylistic device
2727,train,我不吃牛肉,表示恶人找借口作恶，理由本身并不重要。,"It means using any excuse to do something cruel, where the stated reason is merely a pretext for harmful or malicious behavior rather than the real point.",any excuse will do,I don’t eat beef,refusing a beef dish for dietary reasons,picky eater,non-harmful,Quotation
2728,test,候鸟式买房,像候鸟迁徙一样在旅游城市买房，后来常陷入现实困境。,"It describes buying vacation homes in tourist cities to live seasonally like migratory birds, only to find that the plan often backfires because of practical, financial, or lifestyle problems.",snowbird real-estate trap,migratory-bird house buying,birds building nests in houses,snowbird lifestyle,non-harmful,Slang
2729,train,渣女蹦野迪,用押韵句式调侃“渣女”和乱蹦野迪的土味形象。,"This meme uses a rhyming, teasing phrase to mock the tacky image of a messy party-girl stereotype, especially someone imagined as chaotic, flirtatious, and dancing wildly at lowbrow parties.",messy party-girl vibe,trash girl dances wild disco,a bad dancer at a nightclub,party animal,harmful,Slang
2730,train,内娱老小区改造,内娱艺人突然形象回春，如老小区爆改。,"A celebrity suddenly looks refreshed or dramatically improved, jokingly described as a glow-up on the scale of renovating an old neighborhood into something newer, cleaner, and more appealing.",celebrity glow-up,domestic-entertainment old-neighborhood renovation,urban renewal project,celebrity comeback performance,non-harmful,Stylistic device
2731,train,把裤子放进冰箱,谐音“冷裤/冷酷”，表示从此做个冷酷的人。,"It jokes that putting one’s pants in the fridge makes them “cold pants,” a pun for becoming a cool, cold-hearted person from then on.",put my pants in the fridge to become cool,put pants in the fridge,freezing clothes to wash them,stay cool,non-harmful,Homophonic pun
2732,test,知食分子,谐音“知识分子”，指特别懂吃、会找美食的人。,"A “food intellectual” is a playful pun for a foodie who knows where all the good food is and has a refined, knowledgeable sense for finding great places to eat.",knowledgeable foodie,a food molecule,a nutrition researcher,restaurant reviewer,non-harmful,Homophonic pun
2733,train,去把唐僧师徒除掉,调侃领导轻描淡写安排不可能完成的任务。,"This meme jokes about a boss casually assigning an impossible task, as if an overwhelmingly difficult mission were just another routine instruction to be carried out.",boss gave me a suicide mission,go eliminate Tang Monk and his disciples,fighting characters from Journey to the West,side quest,non-harmful,Quotation
2734,train,20岁中华血脉开始觉醒,年轻人到一定年龄后突然开始喜欢传统或“土味”习惯。,"It describes the moment young adults suddenly develop Chinese auntie or uncle instincts, such as enjoying traditional tastes, practical habits, or unfashionable routines they once associated with older generations.",Chinese elder mode unlocked,Chinese bloodline awakens at age twenty,a medical genetic awakening,old soul,non-harmful,Stylistic device
2735,train,互联网脸替,表情完美代替网友表达情绪的人或表情包。,"Someone whose facial expression or reaction image perfectly stands in for how internet users feel, becoming a shared visual substitute for the internet’s collective reaction.",the internet’s reaction face,internet face substitute,replacing someone’s face online,reaction image,non-harmful,Stylistic device
2736,train,伤心的蜜蜂,“sad bee”空耳成骂人缩写，用于隐晦骂人。,"This meme uses “sad bee” as a roundabout insult pun, relying on similar sound to hint at a rude phrase while keeping the wording indirect and less openly offensive.",euphemistic “SB” insult,a sad honeybee,spelling bee champion,buzz off,harmful,Homophonic pun
2737,train,南宫问雅摸过头,调侃某人看起来被净化后变得憨憨、不聪明。,"It jokingly says someone seems to have been “purified” into a harmless, innocent-looking state, making them appear adorably dumb, simple-minded, or not very sharp.",purified into a harmless adorable airhead,Nangong Wenya touched their head,the Midas touch,"no thoughts, head empty",non-harmful,Quotation
2738,train,阳光女孩妮蔻,调侃新版妮蔻伪装机制很“老六”、很能整活。,"Neeko as a cheerful but sneaky shapeshifter meme refers to jokes about her updated disguise mechanic, portraying the bright, sunny character as a mischievous trickster who can fool others in unexpected and playful ways.",sunshine trickster Neeko,sunshine girl Neeko,a sunny girl named Neeko,stealth mode,non-harmful,Quotation
2739,train,猴子行为,用孙悟空定住仙女却什么都不做来调侃离谱或反常行为。,"It refers to weirdly tame or baffling monkey-like behavior, mocking someone for acting absurdly or unnaturally restrained when they seem expected to do something more outrageous.",bafflingly restrained monkey behavior,monkey behavior,going bananas,return to monke,non-harmful,Quotation
2740,train,把对面律师送进去,调侃罗翔若打官司太强，连对方律师都能送进去。,"It humorously means being so legally skilled and powerful in a lawsuit that one could not only defeat the other side, but even get the opposing lawyer sent to jail.",jail the opposing counsel,send the opposing lawyer in,inviting the lawyer into a room,legal drama,non-harmful,Quotation
2741,train,鼠鼠我呀,自嘲自己卑微、渺小、像下水道老鼠一样的小人物。,"It expresses a self-deprecating “little rat” identity, where someone portrays themselves as humble, insignificant, low-status, and powerless, like a tiny sewer rat navigating life from the margins.",pathetic little sewer rat me,little rat me,saying one is literally a pet mouse,underdog,non-harmful,Stylistic device
2742,train,请停止你的佐仓行为,源自角色痴女人设，多用于调侃直白露骨、带有情欲倾向的花痴式示好，语境多伴随暧昧色情化发言，绑定情爱挑逗氛围,"It is a teasing way to tell someone to stop acting like a horny fangirl, especially when they are making overly explicit, lustful, or flirtatious comments about someone they admire.",stop being horny on main,please stop your Sakura behavior,asking Sakura to behave normally,bonk,non-harmful,Quotation
2743,train,在下杨过,用金庸人物谐音表达“阳过”，即曾经阳性。,"A punny self-introduction meaning one has had COVID, using the name of a famous martial arts character as wordplay to imply the speaker previously tested positive.",I’ve been positive before,I am Yang Guo,introducing oneself as a wuxia hero,tested positive,non-harmful,Homophonic pun
2744,train,秦始皇的小曲儿,指秦始皇整活视频常配的《Funky Town》BGM。,"This refers to the “Funky Town” background music commonly used in parody or meme videos featuring Qin Shi Huang, especially as a recognizable audio cue for those edited joke clips.",Funky Town Qin meme,Qin Shi Huang’s little tune,ancient imperial court music,meme soundtrack,non-harmful,Quotation
2745,train,刚刚在那边看到你,魔性尴尬的街头搭讪开场白。,"A cringe street pickup opener used as an awkward, oddly hypnotic way to start talking to someone in public, often mocked for sounding forced, embarrassing, and socially uncomfortable.",awkward pickup opener,just saw you over there,casually meeting someone nearby,rizz,non-harmful,Quotation
2746,test,人体关机键,调侃能让人快速犯困的“人体关机”穴位。,"A joking “human off-switch” for falling asleep, referring to a supposed body spot or pressure point that can make someone suddenly become drowsy and power down like a machine.",human off switch,a literal power button on a person's body,the reset button,a sleep hack,non-harmful,Stylistic device
2747,train,亲爱的阿杨,用虚拟名字寄托青春疼痛式情感和无法明说的思念。,"It means using a fictional name as a stand-in for someone unreachable or unnamed, letting people express sentimental, youthful longing and feelings they cannot say directly.",dear someone,dear A-Yang,writing a letter to a real person named Yang,dear diary,non-harmful,Stylistic device
2748,train,情感捧哏,被当情感顾问时只顺着回应，不再深度介入。,"It means playing the supportive straight man in others’ relationship drama, simply nodding along or offering agreeable responses as an informal emotional adviser without getting deeply involved.",relationship yes-man,emotional crosstalk assistant,giving professional relationship therapy,couples counselor,non-harmful,Stylistic device
2749,train,情感沙袋,默默承受朋友情侣矛盾或秀恩爱的情感暴击。,"Being the emotional punching bag for others’ relationship drama means silently absorbing the stress, complaints, conflicts, or lovey-dovey displays from friends and couples while taking the emotional impact yourself.",emotional punching bag for relationship drama,emotional sandbag,a punching bag at the gym,third wheel,non-harmful,Stylistic device
2750,train,用生命把妹的男人,ACG 中为刷好感不断受伤、救人的后宫型主角。,"A harem protagonist who risks his life to win girls’ affection, repeatedly getting hurt or rescuing others in anime, comics, or games to raise the romantic interest and approval of female characters.",harem protagonist tank,man who uses life to pick up girls,a man literally risking death on dates,white knight,non-harmful,Slang
2751,test,樱trick综合征,专门指代观看同性亲密接吻等情爱亲密画面产生亢奋的调侃说法，绑定两性亲密情爱场景，带有情爱暧昧相关调侃属性,"“Yuri trick syndrome” jokingly describes getting overly excited at yuri kissing scenes, especially affectionate or romantic same-sex kissing moments that provoke a playful, teasing thrill.",yuri-kiss brainrot,cherry trick syndrome,anime-induced motion sickness,yuri bait,non-harmful,Quotation
2752,train,一把剑就直接穿过去了,对漫画或动画暴力画面的夸张惊吓式批评。,"It expresses exaggerated moral panic over a violent comic scene, reacting as if a drawn sword attack in a comic or animation is shockingly dangerous or unacceptable.",moral-panic reaction,a sword just went straight through,describing actual swordsmanship,think of the children,non-harmful,Stylistic device
2753,train,粉红切开都是黑,可爱粉色外表下隐藏腹黑或黑化本质。,"It describes someone or something that appears cute, sweet, and pink on the outside, but secretly has a dark, scheming, corrupted, or sinister nature underneath.","pink outside, dark inside",pink turns black when cut open,wearing pink for breast cancer awareness,sweet but spoiled,non-harmful,Stylistic device
2754,train,粉红的切开来里面都是黑的,可爱粉色外表下隐藏腹黑或黑化本质的完整说法。,"The phrase describes someone or something that looks pink, cute, and harmless on the outside, but secretly has a dark, scheming, or corrupted personality underneath.","cute on the outside, dark on the inside",a pink object with a black filling,pretty in pink,cute but creepy,non-harmful,Stylistic device
2755,train,自古蓝毛多苦逼,调侃蓝发角色常命运悲惨。,"The meme jokingly suggests that blue-haired characters in anime, games, or similar stories are often destined for tragic, unlucky, or miserable lives.",blue-haired tragedy magnet,blue hair has always suffered,people with blue hair have bad luck in real life,sad girl trope,non-harmful,Slang
2756,train,恨妹不成穹,表达对穹妹式理想妹妹的喜爱和遗憾。,"It expresses affection and regret toward the fantasy of having an ideal anime-style little sister like Sora, meaning someone wishes their own sister matched that beloved “perfect little sister” image.",wish my sister were Sora,hate that sister cannot become Sora,being angry at one’s real sister,little sister complex,non-harmful,Quotation
2757,test,音游难民,音游段位或关卡卡住无法通过的人。,"A rhythm-game player stuck on a required song or rank is someone unable to clear a specific chart, level, or rank requirement, leaving them stalled in progression despite repeated attempts.",rhythm-game player stuck on a level or rank,music-game refugee,someone fleeing a music festival,skill issue,non-harmful,Slang
2758,train,问灵十三载等一不归人,长久等待逝去或离开之人归来的深情表达。,"It expresses a deep, enduring devotion shown by waiting for someone who may never return, often because they have died, disappeared, or left forever.",waiting faithfully for someone who may never return,thirteen years of asking the spirits,a Halloween séance marathon,star-crossed lovers,non-harmful,Quotation
2759,test,断手梗,作品中角色被砍手的常见黑色幽默或剧情梗。,"A recurring hand-loss trope in fiction, often used as dark humor or a recognizable plot motif when characters in a work have their hands cut off or lose them dramatically.",hand-loss trope,broken-hand joke,redshirt trope,running gag,non-harmful,Slang
2760,test,破事水,把无关紧要的小事发成水贴。,"It means posting trivial nonsense as forum filler, turning insignificant or irrelevant little matters into low-value forum posts mainly to pad activity or casual chatter.",trivial forum filler posts,broken-stuff water,water under the bridge,low-effort meme post,non-harmful,Slang
2761,test,这个破吧我就服你,对贴吧中离谱但精彩发言的揶揄式佩服。,"It expresses teasing admiration for an absurd yet entertaining forum post, as if grudgingly saying that among all the chaotic comments in a messy online community, this one is especially wild and impressive.",you win this dumpster-fire forum,I only serve you in this broken forum,cheers to the best guy in this broken pub,take my upvote,non-harmful,Quotation
2762,train,无波甚笑,内心毫无波动，甚至还想笑。,"It describes being completely unfazed by something, with no emotional reaction at all, and even finding the situation mildly funny or laughable.",unfazed and amused,"no waves, very laugh",laughing at a calm ocean,poker face,non-harmful,Slang
2763,train,我还没出力你就倒下了,轻松碾压对手后的嚣张调侃。,"A cocky taunt after easily crushing an opponent, bragging that they collapsed before you even had to put in any real effort.",I barely tried,I haven’t used strength and you fell,someone fainting before exercise,too easy,non-harmful,Quotation
2764,train,蛋糕是个谎言,用来讽刺不会兑现的承诺或虚假奖励。,"It refers to a promised reward that turns out to be fake, often used sarcastically to mock empty promises, deceptive incentives, or assurances that were never going to be fulfilled.",the cake is a lie,an egg cake is a lie,let them eat cake,moving the goalposts,non-harmful,Quotation
2765,train,奥运番,更新间隔极长，像等一届奥运会才更新一集。,"An “Olympic anime” refers to an anime with extremely long gaps between episodes, joking that viewers have to wait as long as an Olympic cycle for the next installment.",once-every-four-years anime,Olympic anime,an anime about the Olympics,once in a lifetime,non-harmful,Stylistic device
2766,train,肉食系,主动追求恋爱或肉体关系、气场强势的一类角色。,"A romantically or sexually assertive type refers to someone who actively pursues dating, intimacy, or physical relationships and often comes across as confident, dominant, or forceful in romantic situations.",carnivorous type,meat-eating type,someone who likes eating meat,player energy,non-harmful,Slang
2767,train,人数过万智商减半,社群人数一多，整体讨论质量和理性下降。,"The phrase means that once an online community grows very large, especially past ten thousand members, the average quality, rationality, and intelligence of discussion seem to drop sharply.","the bigger the crowd, the lower the IQ","when people exceed ten thousand, IQ halves",a statistical IQ formula,mob mentality,non-harmful,Slang
2768,test,枪毙十分钟,夸张表达对某人错误言行的强烈嫌弃或调侃。,"It jokingly expresses extreme disgust or disapproval toward someone’s terrible words or actions by exaggerating a mock punishment, as if they deserved to be “executed for ten minutes.”",drag him out and shoot him,execute for ten minutes,a ten-minute military execution,cancel him,harmful,Stylistic device
2769,train,中国人的想像惟在这一层能够如此跃进,讽刺把普通事物强行联想到低俗或性相关内容。,"It mocks people who force vulgar or sexual interpretations onto ordinary, harmless things, treating their oversexualized imagination as absurdly inventive.",you have a dirty mind,Chinese imagination only leaps on this level,a tribute to Chinese literary imagination,that's quite a stretch,non-harmful,Quotation
2770,test,nsdd,“你说得对”的缩写，多用于饭圈或网络回复。,"“nsdd” is an internet acronym meaning “you are right,” commonly used in online replies or fandom discussions to agree with someone’s statement in a brief, casual way.",you’re right,N-S-D-D,a random fan-club code,facts,non-harmful,Abbreviation
2771,train,琼瑶式辅导,家长辅导作业时情绪崩溃，像琼瑶剧一样夸张。,"A melodramatic homework tutoring meltdown refers to a parent emotionally falling apart while helping a child with homework, reacting with exaggerated despair and theatrical intensity like a sentimental TV drama.",soap-opera homework meltdown,Qiong Yao-style tutoring,a literature class about Qiong Yao,tiger parenting,non-harmful,Stylistic device
2772,train,蓝氏禁言,用“禁言术”让别人闭嘴的弹幕/评论梗。,"It jokingly means pretending to cast a mute spell on someone in a comment or livestream chat, telling them to stop talking as if silencing them with a supernatural technique.",casting a mute spell,Blue-family no-talking rule,Jedi mind trick,stop spamming the chat,non-harmful,Quotation
2773,train,你不是人造革你是真的皮,夸张形容某人特别调皮、很皮。,"It means someone is so genuinely cheeky and mischievous that their playful troublemaking feels extreme, using an exaggerated pun-like expression to emphasize how “naughty” or impishly bold they are.",you’re really cheeky,"you are not artificial leather, you are real leather",praising real leather quality,smooth operator,non-harmful,Homophonic pun
2774,train,你们都是臭袜子,萌化骂人，表示对方很讨厌、令人嫌弃。,"A cute, childish insult used to say that the people being addressed are all gross, unpleasant, or annoying in a softened, playful way rather than as a serious attack.",you’re all stinkers,you are all stinky socks,complaining about laundry smell,trash talk,harmful,Stylistic device
2775,train,桃花过处寸草不生,形容人物极具威胁，所到之处无人幸免。,"It describes a dangerous, threatening figure whose presence brings ruin everywhere she goes, leaving no one untouched and no place unharmed in her wake.",nothing survives in her wake,"where peach blossoms pass, no grass grows",flowers killing plants in spring,femme fatale,non-harmful,Quotation
2776,train,99年的事保不住了,调侃“1999年秘密事件”即将暴露的伪阴谋梗。,"It jokingly suggests that a fictional secret event from 1999 is about to be exposed, meaning the fake cover-up can no longer be maintained.",the fictional 1999 cover-up is about to be exposed,a 1999 thing cannot be preserved,the Y2K bug was a real 1999 incident,a conspiracy theory is going viral,non-harmful,Slang
2777,train,我也想被阿一下,希望被别人亲昵称呼或成为被关注、被评价的对象。,"The phrase expresses wanting to be affectionately singled out with a nickname, or to become the focus of warm attention, playful comments, and personal recognition from others.",give me a nickname too,I also want to be A-ed,wanting someone to say the letter A,notice me senpai,non-harmful,Stylistic device
2778,train,人生阑尾,已无实际作用却舍不得丢掉的执念、情感或人。,"It describes an emotional appendix one cannot let go of: a lingering attachment, feeling, person, or obsession that no longer serves any real purpose but still feels too hard to discard.",emotional appendix,life appendix,a medical appendix in life,emotional baggage,non-harmful,Stylistic device
2779,train,好倔强啊你,用来调侃对方固执，或反讽自大者逻辑迷惑。,"A teasing remark aimed at someone who keeps stubbornly insisting on their point in a ridiculous or confusing exchange, often implying their confidence or logic is absurd.",that's a weird hill to die on,you are made of stubborn bones,sincerely admiring your persistence,OK boomer,non-harmful,Stylistic device
2780,train,男朋友突然就断气了,被别人对象刺激后调侃自己的男友像不存在。,"This phrase jokingly means that after seeing someone else’s partner being impressive or caring, a person teases that their own boyfriend feels useless, absent, or practically nonexistent by comparison.",Do I even have a boyfriend?,my boyfriend suddenly stopped breathing,calling 911 for my boyfriend,relationship goals,non-harmful,Stylistic device
2781,test,人间法拉利,调侃某人讲话很会“开车”，把话题带黄。,"It jokingly describes someone who rapidly steers conversations into sexual or suggestive territory, as if they are a high-speed sports car constantly making innuendo-filled remarks.",a walking innuendo machine,human Ferrari,a speed demon,a smooth talker,non-harmful,Stylistic device
2782,train,你是三我是九,土味情话，表示“我除了你还是你”。,"A cheesy math pickup line meaning “you are all I think about,” used to suggest that no matter how the speaker frames it, their mind keeps coming back to the person they like.",you’re the only one for me,"you are three, I am nine",comparing numbers in arithmetic,math rizz,non-harmful,Stylistic device
2783,test,勇者无畏行者无疆,激励人勇敢前进、无惧挑战。,"A motivational slogan encouraging people to move forward bravely, face challenges without fear, and keep going with courage and determination no matter how difficult the path ahead may be.",move forward bravely and fear no challenge,brave people and borderless walkers,a backpacker's travel guide,seize the day,non-harmful,Slang
2784,train,你是酸菜鱼,调侃对方又酸、又菜、又多余。,"This meme jokingly insults someone by saying they are jealous, bad at what they do, and unnecessary or out of place in the situation.","sour, trash, and extra",you are pickled-cabbage fish,ordering a sour fish dish,salty much,harmful,Stylistic device
2785,train,蚯蚓男,形容同时撩很多人的渣男。,"A ""worm man"" refers to a man who is loyal to no one and flirts with many people at the same time, implying he is a fickle, untrustworthy womanizer.",womanizing player,earthworm man,a man who studies worms,commitment-phobe,harmful,Stylistic device
2786,train,胸杀案,ACG 中被丰满胸部“闷杀”的被动福利场面。,"It refers to an anime or manga gag where a character is humorously overwhelmed or “smothered” by someone’s large breasts, usually framed as accidental fanservice rather than actual danger.",death by boobs,breast murder case,a real homicide case involving the chest,fan service,non-harmful,Stylistic device
2787,test,胃疼胃药,“胃疼”指虐心情节带来的精神折磨，“胃药”指治愈安慰内容。,"The phrase describes emotionally painful, angst-filled content that feels mentally gut-wrenching, followed by soothing or healing comfort that helps relieve the hurt.",angst and comfort,stomach pain and stomach medicine,actual digestive illness and medicine,emotional damage,non-harmful,Slang
2788,test,欠赞,值得被狠狠称赞，正话反说式夸奖。,It means someone or something is so deserving of strong praise that the phrase playfully sounds like criticism while actually giving an emphatic compliment.,deserves all the praise,owes a like,lacking enough social-media likes,take my upvote,non-harmful,Stylistic device
2789,test,人人皆是酸菜鱼,自嘲大多数人又酸、又菜、又多余。,"“Everyone is pickled fish” is a self-deprecating meme meaning that everyone sometimes feels jealous or bitter, incompetent or unskilled, and unnecessary or out of place.","we’re all sour, trash, and extra",everyone is pickled-cabbage fish,everyone likes eating sour fish,sour grapes,non-harmful,Stylistic device
2790,train,匹夫说我生来骄傲,用网易云式伤感文案表达骄傲、告别和暗恋埋藏。,"It expresses a melancholy kind of pride: being too proud to beg or confess, choosing farewell and silence instead, so hidden feelings remain buried rather than spoken aloud.",too proud to beg,commoners say I was born proud,being praised for confidence by strangers,lone wolf,non-harmful,Slang
2791,train,穷吃鸡富快递,游戏中装备差的人苟到最后，装备好的人反成送装备的。,"In the game, poorly equipped players may hide and survive until the end, while well-equipped players often get eliminated and effectively deliver their valuable loot to others.","rich loot, poor winner","poor eat chicken, rich deliver packages",poor people eat chicken while rich people work delivery,loot goblin,non-harmful,Slang
2792,train,皮断腿,想秀操作却玩脱，把自己作死。,"It describes someone trying to show off or play around too much, only to overdo it, lose control, and end up getting punished for their own reckless behavior.",played yourself,playful until legs break,breaking one’s leg while joking,skill issue,non-harmful,Stylistic device
2793,train,你见过四个角的星星吗,微信表白套路，用“四角星”引出“我想你了”。,"A romantic chat setup line where asking about a “four-cornered star” is used as wordplay to lead into the intended confession, “I miss you.”",have you seen the stars? I miss you,have you seen four-cornered stars,asking about astronomy,pickup line,non-harmful,Quotation
2794,test,后台暗恋,像后台程序一样存在但不影响生活的暗恋。,"It describes a quiet crush running in the background, like an unnoticed process that continues silently without disrupting daily life or demanding attention.",background crush,background secret love,secretly loving a backstage worker,low-key crush,non-harmful,Stylistic device
2795,train,请不要在平静的湖面上开机关枪,劝人别用犀利评论或无意义行为打破平静。,"It means don’t disturb a calm situation for no reason, especially by making sharp comments or pointless actions that create unnecessary tension where things were peaceful.",don’t disturb the peace,please don’t fire a machine gun on a calm lake,a shot across the bow,drop a truth bomb,non-harmful,Stylistic device
2796,train,前半生浪荡后半生煲汤,自嘲一边放纵一边养生，身体老了心还浪。,"It jokes about living a chaotic youth full of indulgence and recklessness, then spending later life trying to compensate with desperate wellness routines while still feeling restless at heart.","party now, detox later","reckless first half, soup-making second half",changing careers from partying to cooking soup,work hard play hard,non-harmful,Slang
2797,train,我觉得你也不太硬,说唱节目梗，diss 对方实力也不够硬。,"It is a diss from rap-show contexts used to tell someone that their own skill or strength is not that solid either, so they are not in a position to act superior.",you’re not that hard either,I think you are not very hard either,commenting on physical hardness,weak sauce,non-harmful,Quotation
2798,train,你也想起舞吗,强者对挑战者的狂妄挑衅：你也想挨打吗。,"A cocky taunt directed at someone who dares to challenge you, implying they are overestimating themselves and are about to get beaten or humiliated.",you wanna dance too,do you also want to dance,inviting someone to dance together,fight me,non-harmful,Quotation
2799,train,吾乃侍奉无上至尊之人,表达对某个强大对象或本命的忠诚与崇拜。,"It means declaring oneself a loyal servant of the supreme one, expressing devoted loyalty and reverent admiration toward a powerful figure, favorite character, idol, or ultimate authority.",loyal servant of the Supreme One,a waiter for the Supreme Court,working for a high-ranking boss,all hail the supreme leader,non-harmful,Quotation
2800,train,柠檬供应商,脱单后开始让别人羡慕吃柠檬、发狗粮的人。,"A “lemon supplier” is someone who, after entering a relationship, keeps showing off romantic moments or affection in a way that makes others feel jealous of their love life.",relationship show-off who makes others jealous,lemon vendor,when life gives you lemons,couple goals,non-harmful,Stylistic device
2801,test,悬崖上的剁椒鱼头,对《悬崖上的金鱼姬》的沙雕误称。,"A funny food-pun title for Ponyo, this meme deliberately mangles the film’s name into something absurdly culinary, replacing the original image with the idea of a spicy chopped-pepper fish head.","Ponyo, but make it spicy",chopped-chili fish head on the cliff,a spicy fish dish served on a cliff,bootleg title,non-harmful,Homophonic pun
2802,train,祖龙诅咒,调侃乱编秦始皇相关剧集会遭遇不顺。,"A joking curse on shows that mess with Qin Shi Huang, used to mock the idea that dramas inventing or distorting stories about him will run into bad luck or trouble.",Qin Shi Huang curse,ancestral dragon curse,a dragon ancestor casting magic,historical karma,non-harmful,Slang
2803,test,紫薯布丁,“字数补丁”的谐音，用来凑够回复字数。,"This meme refers to filler text added purely to pad out a reply so it reaches a required word or character count, without contributing meaningful content.",word-count filler,purple sweet potato pudding,a dessert made of purple yam,lorem ipsum,non-harmful,Homophonic pun
2804,train,找灰太狼玩,不想认真回复时说自己在青青草原找灰太狼玩。,"It is a cute evasive reply used when someone does not want to answer seriously, joking that they are off playing with a cartoon wolf in a fictional grassland instead of responding directly.",I'm off to Green Green Grassland to play with Big Big Wolf,go look for a gray wolf,actually visiting a cartoon theme park,touch grass,non-harmful,Quotation
2805,train,守护阿拉德,指玩 DNF 或给 DNF 充钱的游戏梗。,"It jokingly refers to returning to the game DNF and spending money on it, framing the act of playing or topping up as “protecting” the game’s world.",playing or topping up in DNF,guard Arad,defending Azeroth,grinding in an MMO,non-harmful,Quotation
2806,train,奶奶不成爷爷在,“买卖不成仁义在”的空耳，制造荒诞喜剧效果。,"This phrase is a funny misheard version of “even if the deal fails, goodwill remains,” replacing the original saying with absurd family-member wording for a deliberately silly comedic effect.","a goofy mondegreen of 'business may fail, but goodwill remains'","if grandma doesn't work out, grandpa is still there",respect your elders,"no deal, no hard feelings",non-harmful,Homophonic pun
2807,train,就怕丝袜带字母,调侃带字母丝袜很性感、视觉冲击强。,It jokingly suggests that stockings printed with letters are so visually striking and sexy that they become irresistibly attractive.,lettered stockings hit different,only fear stockings with letters,being afraid of branded socks,thirst trap,non-harmful,Stylistic device
2808,test,寒王微笑,指寒王式尴尬、生硬又猖狂的土味笑容。,"A “Han Wang smile” describes a stiff, awkward, and overconfident meme smile, usually with a forced, cringey, rustic swagger that looks both unnatural and absurdly self-assured.",awkward alpha smile,Cold King smile,smiling in cold weather,cringe lord,non-harmful,Quotation
2809,train,走钻石路,饭圈祝福爱豆前途光明，比“走花路”更高级。,"This phrase is a fan blessing that wishes an idol an especially dazzling and bright future, suggesting their career path will be even more glamorous, successful, and elevated than an ordinary beautiful road.",may they walk a diamond-bright path to success,walk on a diamond road,follow the yellow brick road,shine bright like a diamond,non-harmful,Slang
2810,train,能不能把窗帘拉开,用电影台词作为短视频开头，暗示后面会有搞笑惊喜。,"This phrase is used as a setup line at the beginning of a short video, signaling that a funny or unexpected surprise is about to be revealed.",setup line for a funny reveal,can you open the curtains,let the sunshine in,motivational quote opener,non-harmful,Quotation
2811,train,这武器必死,先放狠话说对方必死，结果立刻被打脸。,"Used when someone confidently declares that a weapon, move, or attack will definitely kill the opponent, only to be immediately proven wrong by failing or getting countered.",that’ll kill him for sure—famous last words,this weapon must die,the weapon is cursed,trash talk before a fight,non-harmful,Stylistic device
2812,train,海带一呦,日语“会いたいよ”的空耳，用来调侃洗脑式想念桥段。,"A phonetic mishearing of a Japanese phrase meaning “I want to see you,” used to jokingly mock overly repetitive or melodramatic scenes of longing and missing someone.",aitaiyo brainrot,"kelp, one yo",singing about seaweed,earworm,non-harmful,Homophonic pun
2813,train,吉良吉影为你点赞,表面像点赞，实际暗指炸弹开关和危险赞许。,"This meme refers to a seemingly approving thumbs-up that actually hints at a hidden bomb switch or dangerous approval, so the gesture secretly carries a threatening meaning rather than simple praise.",Kira gave you a deadly like,Kira Yoshikage liked this,a villain praising your post,killer queen,non-harmful,Quotation
2814,train,灰莲花,比白莲花更隐蔽、更难看出的心机型人物。,"A covertly manipulative “white lotus” type refers to someone who appears innocent, kind, or harmless while hiding scheming intentions that are subtler and harder to detect than the usual falsely pure persona.",covert white lotus,gray lotus,a lotus flower that is gray,fake nice girl,harmful,Stylistic device
2815,test,队长你在干什么啊队长,对队长或领导离谱行为表示震惊和不解。,"This phrase is used to shout in disbelief at what the captain or leader is doing, expressing shock and confusion when their behavior seems absurd, reckless, or impossible to understand.","Captain, what the hell are you doing?!",What does the captain do?,asking a sports captain for instructions,Captain Obvious,non-harmful,Quotation
2816,train,让你当挡泥板,摩托车后座告白梗，委婉问对方要不要坐后面。,"A flirtatious line that indirectly asks someone whether they want to sit behind you on a motorcycle, implying closeness and a playful invitation to ride together.",be my back-seat rider,let you be the mudguard,installing someone as a bike part,ride or die,non-harmful,Quotation
2817,train,智商之壁,角色能搞事并活到最后的最低智商门槛。,"This refers to the minimum intelligence a character needs to successfully plot, cause trouble, and still survive until the end without being outplayed or eliminated.",the IQ floor,wall of intelligence,a wall built to test IQ,brain barrier,non-harmful,Stylistic device
2818,train,热冷抖,对夸张控诉句式的缩写式调侃。,"A joking shorthand for exaggerated outrage copypasta, where someone melodramatically claims to be shaking, sweating, and crying in response to a supposedly shocking or unfair situation.",outrage copypasta,hot cold shake,feeling hot and cold from fever,shaking and crying,non-harmful,Abbreviation
2819,train,国舅所言极是,夸张地表示对方说得非常正确。,"A mock-honorific phrase used to exaggeratedly agree with someone, meaning that what they said is completely correct and they are absolutely right.","well said, my lord",uncle of the emperor is correct,praising an actual royal relative,facts,non-harmful,Stylistic device
2820,train,梵蒂冈空军,形容很有意思但似乎没什么实际用处的操作或评论。,"It refers to an action, idea, or comment that is amusing and interesting to see, but has little or no practical value in actually solving anything.",amusing but practically useless,Vatican Air Force,the Swiss Guard,overengineered solution,non-harmful,Stylistic device
2821,train,奶奶的礼物,形容味道奇怪、造型离谱或像整蛊的东西。,"A “grandma’s gift” refers to something with a strange taste, absurd appearance, or deliberately cursed quality, like a weird “gift” meant to prank or unsettle people.",grandma’s cursed gift,grandma’s gift,a present from one’s grandmother,mystery drink,non-harmful,Stylistic device
2822,train,换个包子,劝人别再忍气吞声，换个不窝囊的性格。,"It means telling someone to stop being a pushover, quit silently tolerating mistreatment, and adopt a stronger, less submissive attitude when dealing with others.",grow a spine,change to another bun,buying a different steamed bun,tough love,non-harmful,Homophonic pun
2823,train,你太干净了你不懂,用来回怼对方太单纯，不懂黑暗或擦边内容。,"It is a teasing comeback implying that someone is too innocent, pure, or sheltered to understand darker, suggestive, or morally ambiguous content being discussed.",you’re too pure to get it,"you are too clean, you don’t understand",saying someone has good hygiene,sweet summer child,non-harmful,Stylistic device
2824,test,你会记得你吃过多少块面包吗,表示某事做得太多，像吃面包一样记不清次数。,It means something has been done so often and routinely that the person can no longer remember or count how many times it has happened.,too many times to count,do you remember how many pieces of bread you ate,asking about someone's diet history,"been there, done that",non-harmful,Quotation
2825,train,内疚式快乐,一边享受一边有负罪感的快乐。,"A feeling of pleasure mixed with guilt, where someone enjoys an experience or indulgence while also feeling uneasy, ashamed, or responsible for enjoying it.",guilty pleasure,guilt-style happiness,feeling guilty after doing something wrong,bittersweet joy,non-harmful,Slang
2826,train,呆毛雷达,ACG 中头顶呆毛像雷达一样有探测功能。,"An ahoge that works like a radar, referring to an anime-style stray hair on top of a character’s head that humorously seems able to detect things like a sensing device.",ahoge radar,dumb-hair radar,a radar shaped like hair,anime hair logic,non-harmful,Stylistic device
2827,train,情场红领巾,暗恋不留名，反而帮朋友和喜欢的人牵线。,"A person who quietly likes someone but, instead of revealing their feelings, helps a friend connect with that person, effectively supporting someone else’s romance while losing their own chance.",wingman for a friend with your own crush,red scarf of the love field,a Young Pioneer in love,third wheel in a romance,non-harmful,Stylistic device
2828,train,我家变成单间了,夸人太美太好，激动到把墙都锤没了。,It means someone is so beautiful or impressive that you are praising them with such intense excitement you metaphorically smashed down every wall in your home.,I punched my walls into a studio,my home became a single room,renovating a house into a studio,bias wrecked,non-harmful,Stylistic device
2829,train,千条妹,调侃幸运值离谱、坑队友的女性角色或人物。,"A girl whose luck saves herself while dooming others, used jokingly for a female character or person whose absurd fortune lets her survive or benefit while teammates or people around her suffer the consequences.",team-killing lucky girl,thousand-strand girl,a girl with many braids,bad luck charm,non-harmful,Slang
2830,train,艺术就是派大星,调侃自爆姿势远看像派大星。,"This meme parodies the phrase “art is explosion,” joking that an explosive self-destruct pose, viewed from a distance, resembles Patrick Star from SpongeBob SquarePants.",art is Patrick Star,Patrick Star is art,SpongeBob is high art,art is an explosion,non-harmful,Quotation
2831,train,在雨中拉肖邦,用雨中演奏肖邦的意象表达悲伤。,"It describes expressing sadness in an overly poetic way, as if turning ordinary sorrow into a dramatic, rain-soaked scene of playing Chopin.",melodramatic rain-soaked sadness,pulling Chopin in the rain,performing piano music outdoors,sad violin music,non-harmful,Stylistic device
2832,train,夕阳下的奔跑,俏皮怀念逝去青春的无厘头表达。,"A playful, nonsensical way to jokingly remember one’s lost youth, often used to evoke exaggerated nostalgia for carefree past days with a lighthearted and self-mocking tone.",that was my lost youth,running under the sunset,exercising at dusk,nostalgia bait,non-harmful,Quotation
2833,train,住海边,吐槽别人管得太宽、多管闲事。,"It is used to mock someone for meddling too much in other people’s business, telling them they are being too nosy and should stop acting like everything is their concern.",mind your own business,living by the sea,owning a beach house,backseat driving,non-harmful,Slang
2834,train,先点菜吧,比赛输了或讨论无果时，表示别说了先吃饭。,It means to stop debating or analyzing a failed match or unproductive discussion for the moment and just order food first.,let’s just order food first,click the vegetables first,choose the menu before the meeting,let’s call it a day,non-harmful,Quotation
2835,train,丁丁是个人才,反讽某人离谱、愚蠢却被夸成“人才”。,"It sarcastically calls someone a genius or “talent” when their behavior is actually absurd, foolish, or incompetent, using exaggerated praise to mock them rather than genuinely admire them.",what a genius,Dingding is a talent,a gifted child named Dingding,facepalm moment,non-harmful,Stylistic device
2836,train,反正都没我有钱,用“反正都没有我xx”句式炫耀或调侃优势。,"It means jokingly or boastfully flexing that, no matter what others say or do, nobody can beat you in a particular category or advantage.",nobody can beat me at X,"anyway, they don't have my money",keeping up with the Joneses,humblebrag,non-harmful,Stylistic device
2837,train,天不生我李淳罡剑道万古如长夜,极度自信地表达某人在某领域不可替代。,"This phrase expresses extreme confidence that someone is irreplaceable in their field, implying that without their presence or talent, the entire domain would remain in eternal darkness.","without me, this field would be in eternal darkness",heaven gave birth to Li Chungang,a biography of a wuxia swordsman,main character energy,non-harmful,Quotation
2838,train,你个瘪三算计我,被人坑了之后的夸张控诉。,"A dramatic complaint used after feeling tricked or betrayed, accusing someone of deliberately setting you up or scheming against you.",you set me up,you flat-three calculated me,a formal fraud complaint,this is my villain origin story,harmful,Quotation
2839,train,黑蚊子多,JOJO“天堂之门”的日式英语空耳。,"This meme refers to a Chinese phonetic mishearing of the Japanese-English phrase “Heaven’s Door” from JoJo, where the sound is jokingly heard as a Chinese-sounding phrase.",Heaven’s Door misheard,many black mosquitoes,complaining about mosquitoes,bad subtitles,non-harmful,Homophonic pun
2840,train,秧歌star,“流氓巨星”的日语空耳，变成魔性“秧歌巨星”。,"This meme refers to mishearing “Gang-Star” as “yangge star,” turning the original phrase into a catchy, absurd label that sounds like someone being a superstar of the traditional yangge dance.",misheard “Gang-Star” as “Yangge Star”,rice-planting song star,a K-pop idol doing folk dance,dancing queen,non-harmful,Homophonic pun
2841,train,没披风的超人,形容危急时刻挺身而出的普通英雄。,"“Ordinary heroes without capes” refers to everyday people who step forward in dangerous or urgent moments, acting bravely and selflessly even though they are not famous, powerful, or officially recognized as heroes.",heroes don’t wear capes,superhero without a cape,a costume missing a cape,real MVP,non-harmful,Stylistic device
2842,train,古墓派学子,西安学生自嘲学校附近古墓多。,"It refers to students in Xi'an humorously calling themselves members of an “ancient-tomb sect,” joking that their schools are surrounded by so many archaeological tomb sites.",tomb-sect student,ancient-tomb school student,a student studying tomb archaeology,campus lore,non-harmful,Slang
2843,train,只要微笑就可以了,不知如何回应尴尬场面时，用微笑化解。,"When you are stuck in an awkward situation and do not know how to respond or what to do, the safest way to get through it is simply to smile.",just smile and get through it,only smiling is allowed,say cheese for the camera,smile through the pain,non-harmful,Quotation
2844,train,穷三代毁一生,吐槽某爱好极其烧钱、耗精力。,"It describes a hobby so expensive and time-consuming that it can drain a person’s resources, damage their future, and feel as if it ruins generations of family wealth.",expensive hobby rabbit hole,"poor for three generations, ruined for life",describing family poverty literally,money pit,non-harmful,Slang
2845,train,拍照式折旧,物品拍过照后就被心理上判定为旧了。,"It refers to the feeling that something becomes old once photographed, as if taking a picture of an item psychologically turns it from new or fresh into something already used or outdated.",feels old once photographed,photo-based asset depreciation,the camera adds ten pounds,outfit repeating anxiety,non-harmful,Stylistic device
2846,train,刨坟,翻看别人很久以前的动态或旧帖。,"“Digging through someone’s old posts” means browsing far back through a person’s past updates, comments, or forum threads, often to uncover old opinions, embarrassing moments, or forgotten activity.",grave-digging old posts,digging graves,visiting a cemetery,deep dive,non-harmful,Slang
2847,train,r8一响爹妈白养,CSGO 中调侃拿 R8 多半白给。,"This phrase jokes that choosing the R8 in CSGO usually leads to an instant failure or embarrassing death, making the player look so useless that their parents raised them for nothing.",pick the R8 and you’re probably throwing,"when the R8 makes a noise, your parents turn white",a sports car revving its engine,a risky force-buy pick,harmful,Slang
2848,test,奈何对面有高达,表示对方强到像开高达，己方无力抗衡。,"“We can’t help it; the enemy has Gundams” means the opposing side is so overwhelmingly powerful, as if equipped with giant mecha, that one’s own side has no realistic way to compete or fight back.",we're hopelessly outmatched; they brought a Gundam,there is a Gundam on the opposite side,they brought a lightsaber,this is a boss fight,non-harmful,Stylistic device
2849,train,笑鼠辣,“笑死啦”的谐音变体，表达大笑或讽刺。,"This is a funny phonetic variant of “I’m dying laughing,” used to express bursting into laughter, often with a playful or sarcastic tone toward something absurd or ridiculous.",I’m dead laughing,laughing mouse spicy,a spicy mouse dish,lol,non-harmful,Homophonic pun
2850,train,撤椒,“撤辣”的谐音或变体，指撤掉强硬措施。,"It refers to removing tough policy measures, especially by easing or withdrawing previously strict, forceful, or hardline actions in a situation.",remove the harsh measures,remove peppers,taking chili out of food,policy U-turn,non-harmful,Homophonic pun
2851,train,撤辣,粤语语境中撤掉“辣招”等强制性措施。,"It means withdrawing harsh measures or tough mandatory policies, especially in a Cantonese political or public-policy context where restrictive “spicy” measures are removed or rolled back.",withdraw the tough measures,remove the spice,making food less spicy,soft landing,non-harmful,Slang
2852,train,青年养老院,年轻人进入松弛、晒太阳、喝咖啡、慢生活的“提前养老”状态。,"A chill retreat where young people live like retirees, describing young adults embracing a relaxed, slow-paced lifestyle of lounging, sunbathing, drinking coffee, and acting as if they have entered retirement early.",retirement home for young people,youth nursing home,a real care home for young patients,digital detox camp,non-harmful,Stylistic device
2853,train,茶化,形容打扮或气质变得精致、有氛围感。,"It describes someone becoming stylish and refined in appearance, usually through more polished clothing, makeup, grooming, or overall vibe that makes them look elegant, delicate, and aesthetically put together.",a refined aesthetic glow-up,tea-ification,spilling the tea,being high-maintenance,non-harmful,Slang
2854,train,沉浸式化妆,保留原声、少说话的美妆 ASMR 视频形式。,"An ASMR-style makeup video format that keeps the original sounds, minimizes talking, and creates an immersive viewing experience through close-up beauty routines, product noises, brushing, tapping, and other subtle makeup-related sounds.",makeup ASMR,immersive makeup,putting on makeup underwater,beauty tutorial,non-harmful,Slang
2855,train,沉浸式穿搭,穿搭与场景氛围融合，营造整体感。,"Outfit styling that blends into a whole vibe means coordinating clothing with the surrounding setting and atmosphere so the look feels immersive, cohesive, and part of an overall aesthetic experience.",vibe-matching outfit,submerged clothing style,wearing clothes inside a VR game,cosplay,non-harmful,Slang
2856,train,沉浸式收纳,让整理过程兼具秩序、美感和心理满足。,"A satisfying and aesthetic organizing process that turns tidying into an immersive experience, emphasizing order, visual beauty, and the psychological pleasure of seeing items neatly arranged.",satisfying organization,immersive storage,storing things inside a tank,minimalism,non-harmful,Slang
2857,train,淡淡综合症,面对事情都淡淡的、无所谓的精神状态。,"A muted, emotionally low-reactive state where someone responds to events with a calm, indifferent, or detached attitude, seeming largely unaffected and as if nothing matters very much.",low-key syndrome,faint syndrome,a mild medical condition,burnout,non-harmful,Stylistic device
2858,train,淡人,情绪稳定、反应平淡、遇事不慌的人。,"A calm, low-drama person is someone who stays emotionally steady, reacts mildly, and does not panic or create unnecessary tension when things happen.","a calm, low-drama person",bland person,someone with no taste,an introvert,non-harmful,Slang
2859,train,淡学,看淡结果、降低情绪消耗但不等于放弃的生活态度。,"A calm-effort philosophy of staying engaged and doing what one can while taking outcomes lightly, reducing emotional drain, and avoiding unnecessary self-pressure without treating it as giving up.",soft-detachment mindset,bland studies,studying flavorless subjects,lying flat,non-harmful,Slang
2860,train,j人,MBTI 中偏计划、判断、结果导向的人。,"A ""j person"" refers to an MBTI Judging-type individual who prefers planning, structure, clear decisions, and result-oriented organization over spontaneity or open-ended flexibility.",MBTI Judging type,a person shaped like the letter J,someone whose name starts with J,control freak,non-harmful,Abbreviation
2861,train,p人,MBTI 中偏灵活、开放、随性的人。,"A ""p person"" refers to someone with a Perceiving-style personality in MBTI, meaning they prefer flexibility, openness, and spontaneity over strict plans or rigid routines.",MBTI Perceiving type,a person shaped like the letter P,someone whose name starts with P,chaotic neutral,non-harmful,Abbreviation
2862,train,i人,MBTI 中偏内向、社恐、能量向内的人。,"An “i person” refers to someone with an introverted MBTI tendency, often socially reserved or anxious, who gains energy from inward reflection rather than constant social interaction.",introvert,I person,someone who uses the letter I a lot,socially awkward,non-harmful,Abbreviation
2863,train,e人,MBTI 中偏外向、自来熟、能热场的人。,"An ""e person"" is an extroverted person in MBTI-style internet slang, describing someone outgoing, socially confident, quick to warm up to others, and able to energize a group or conversation.",extrovert,E person,someone who gets an E grade,party animal,non-harmful,Abbreviation
2864,train,快进到魏文帝,嫌铺垫无聊，想直接跳到关键剧情或刺激部分。,"This meme means wanting to skip the boring setup or slow buildup and jump straight to the important, exciting, or decisive part of the story or situation.",skip to the good part,fast-forward to Emperor Wen of Wei,binge-watch Romance of the Three Kingdoms,leave it on a cliffhanger,non-harmful,Quotation
2865,test,你太茶了,讽刺某人打扮或气质过于风尘、擦边。,"It is a sarcastic way to say someone’s appearance, styling, or overall vibe feels overly suggestive, flirtatious, or deliberately provocative in a borderline inappropriate way.",too escort-coded,you are too tea,drinking too much tea,thirst trap,harmful,Stylistic device
2866,test,内牛满面,“泪流满面”的谐音，表示极度感动或悲伤。,"The phrase means being so deeply moved or sad that one is overwhelmed with tears, often used humorously or exaggeratedly in online conversations.",tears streaming down my face,"cow inside, face full",a cow’s face covered in something,ugly crying,non-harmful,Homophonic pun
2867,train,南哥,南通队连胜后，南通球迷要求对方尊称“南哥”。,"After Nantong’s team went on a winning streak, fans jokingly demanded that opposing supporters address Nantong respectfully as the “big brother.”",call Nantong big bro,Brother Nan,a man named Nan,big bro energy,non-harmful,Slang
2868,train,纳米机器小子,"《合金装备崛起》“Nanomachines, son!”台词梗。","A meme quote from Metal Gear Rising: Revengeance, meaning “nanomachines, son,” usually invoked to jokingly explain absurd toughness, sudden power, or impossible survival through fictional nanotechnology.","nanomachines, son",nanomachine boy,a tiny robot child,cyborg mode,non-harmful,Quotation
2869,train,尿尿番,一集极短，短到上个厕所回来就播完的动画。,An anime episode that is so extremely short that it could finish airing while someone steps away for a quick pee break.,pee-break anime,pee anime,an anime about going to the bathroom,toilet humor,non-harmful,Stylistic device
2870,train,你咋不上天啊,吐槽对方想法过分、离谱或不切实际。,"Used to mock or criticize someone whose demand, idea, or expectation is so excessive, unreasonable, or unrealistic that it feels absurdly over the top.",that’s asking way too much,why don’t you go up to the sky,go fly a kite,shoot for the stars,non-harmful,Slang
2871,train,你脑子进萝北了吗,“脑子进水”的夸张升级版，骂人很傻。,"This insult exaggerates the idea of someone having a broken or useless mind, asking if their brain is stuffed with nonsense because they are acting extremely stupid.",is your brain full of radishes,did radish north get into your brain,eating too many radishes,brain freeze,harmful,Stylistic device
2872,train,你家天黑是几点,《无证之罪》式威胁台词，暗示危险将至。,"A creepy threat asking when it gets dark at your place, implying that something dangerous may happen after night falls and using an ominous, intimidation-style tone.",a creepy threat: when does it get dark at your place?,what time does your house turn off the lights,what time is sunset in your city,I'll drop by tonight,harmful,Quotation
2873,train,你的文字还爱他,知性伤感式评论，暗示文字里仍有旧情。,"The phrase means that someone’s writing or comment still carries traces of unresolved affection, suggesting that despite any distance or sadness, their words reveal lingering love for that person.",your writing still betrays lingering love for him,the letters are still in love with him,a lovesick typeface,a breakup essay,non-harmful,Stylistic device
2874,train,你全家都是雍正,讽刺对方观念封建、信息落后。,"It is a sarcastic insult meaning that someone and their entire family are hopelessly outdated, backward in their views, and stuck in feudal or old-fashioned ways of thinking.",your whole family is stuck in the Qing dynasty,your whole family is Yongzheng,accusing a family of being emperors,boomer take,harmful,Stylistic device
2875,train,你已经横空出殡了,改编台词，表示愤怒地说对方已经完了。,"It is an angry, exaggerated way of telling someone that they are already finished, doomed, or dramatically done for.",you’re already dead,you have appeared out of nowhere for your own funeral,you made a dramatic entrance,you’re on thin ice,harmful,Homophonic pun
2876,train,你会煮汤圆吗,土味情话：我做什么都容易露馅，喜欢你也是。,"A cheesy romantic confession implying that, just like dumplings can reveal their filling, the speaker cannot help showing their hidden feelings for the person they like.",I can’t hide that I like you,can you cook tangyuan,asking about dessert-making skills,smooth pickup line,non-harmful,Stylistic device
2877,train,南水北giao,药水哥和 giao 的网友组合 CP 名。,“Nan Shui Bei Giao” is a meme CP name coined by internet users to pair Yaoshui and Giao together as a joking online duo or imagined fan pairing.,Yaoshui-Giao ship,south water north giao,water flowing from south to north,crossover ship,non-harmful,Homophonic pun
2878,train,你是我过不去的江东,文艺表达某人或某事是自己无法跨过的执念。,“You are the place I can never get over” poetically means that someone or something remains an unresolved obsession or emotional barrier that the speaker cannot move past.,you’re my unfinished past,you are the Jiangdong I cannot pass,failing to cross a river in history,emotional baggage,non-harmful,Stylistic device
2879,train,女朋友是不是有男朋友了,委婉调侃自己可能被绿了。,"Used self-deprecatingly to joke that one might be getting cheated on, as if their own girlfriend may already have another boyfriend besides them.",joking that my girlfriend might be cheating on me,does my female friend have a boyfriend,asking about a polyamorous relationship,having trust issues in a relationship,non-harmful,Experience
2880,train,奶茶狗,表面纯情奶狗，实则心机很多、会讨姐姐欢心。,"A sweet-looking puppy boy who seems innocent and affectionate on the surface, but is actually full of hidden schemes and knows exactly how to charm older women.",scheming puppy boy,milk-tea dog,a dog that likes bubble tea,golden retriever boyfriend,non-harmful,Stylistic device
2881,train,你在兵马俑第几排,嘲讽别人思想太老旧、像古代人。,"It mockingly asks which row of the Terracotta Army someone belongs in, implying their ideas or attitudes are so extremely outdated that they seem ancient.",are you from the Stone Age,which row are the Terracotta Warriors displayed in,all roads lead to Rome,old-school cool,harmful,Stylistic device
2882,train,能文能武长相十分英俊,夸人全能又帅的模板式句子。,"This is a formulaic phrase used to praise someone as impressively well-rounded, talented in both intellectual and practical abilities, highly capable overall, and also notably handsome.","brains, brawn, and good looks","can do literature and martial arts, ten-out-of-ten handsome",a legendary wuxia swordsman,the perfect boyfriend,non-harmful,Slang
2883,test,破吧服,“这个破吧我就服你”的缩写，揶揄式佩服神回复。,"It expresses mock admiration for a wild forum comment, joking that in this chaotic or low-quality discussion space, that particular reply is the one most worthy of grudging respect.","in this trashy forum, you're the one I grudgingly respect",broken bar uniform,all hail the meme lord,take my upvote,non-harmful,Abbreviation
2884,train,偶数强迫症,做事必须凑成偶数的强迫习惯。,"It describes a compulsive habit of arranging, counting, or doing things so they always add up to an even number, even when there is no practical reason for it.",compulsion to make everything an even number,forced even numbers,liking math class too much,perfectionism,non-harmful,Stylistic device
2885,test,欧拉欧拉和木大木大,JOJO 打斗场面经典拟声弹幕。,"“ORA ORA” and “MUDA MUDA” refer to the iconic barrage battle cries from JoJo fight scenes, often used online to evoke rapid-fire punching, exaggerated combat energy, or playful anime-style confrontation.",ORA ORA and MUDA MUDA (JoJo battle cries),Euler Euler and wood big wood big,Hadouken vs Kamehameha,generic anime punch sounds,non-harmful,Quotation
2886,train,破递为笑,“破涕为笑”的谐音，指收到快递后开心起来。,"It describes cheering up when the delivery arrives, using a pun on a familiar phrase to express how receiving a package can instantly turn sadness or frustration into happiness.",delivery made me smile,delivery breaks into laughter,a courier laughing loudly,retail therapy,non-harmful,Homophonic pun
2887,train,皮筋泡可乐,谐音或情侣小梗，表达恋人永远不分开。,"A playful couple meme or charm based on wordplay, used to express the wish or promise that two lovers will stay together and never break up.",never-break-up charm,rubber band soaked in cola,putting a hair tie in soda,promise ring,non-harmful,Stylistic device
2888,train,培里培气,视频风格像美食博主“培根日记”。,"It describes content whose style, tone, or presentation strongly resembles the food blogger Bacon Diary, making it feel recognizably Bacon-Diary-coded.",Bacon-Diary-coded,full of Pei flavor,smelling like bacon,food vlog style,non-harmful,Stylistic device
2889,test,潘周聃,因学霸潘周聃妖娆霸气的出场方式走红。,"A dramatic confident entrance meme referring to someone making a flashy, self-assured, and slightly exaggerated appearance, inspired by a top student whose bold and stylish way of entering became popular online.",Pan Zhoudan entrance,Pan Zhoudan,a person introducing himself normally,main character energy,non-harmful,Quotation
2890,train,评论区流动黄旗,调侃评论区露骨发言多，给地区或群体颁“黄旗”。,"It refers to jokingly giving a “yellow flag” award to a region, group, or comment section because many replies are sexually suggestive, serving as a mock award for horny comments in the comment section.",horny comment flag,moving yellow flag in the comments,a traffic flag in a comment area,red flag,non-harmful,Stylistic device
2891,train,普公婴,“普信男+妈宝男+巨婴”的组合谐音梗。,"It refers to an ordinary yet overconfident man-baby type, combining the traits of a mediocre self-important man, a mama’s boy, and an emotionally immature adult who expects others to indulge him.",overconfident man-baby,public baby,a public infant,mama’s boy,harmful,Homophonic pun
2892,train,碰辞,一遇到困难就想辞职。,"It describes the habit of wanting to quit a job as soon as even a small difficulty or setback appears, reacting to ordinary workplace challenges by immediately thinking about resigning.",quit-at-the-first-bump,bump-resign,quitting after a car accident,quiet quitting,non-harmful,Homophonic pun
2893,test,盘你,可指撩你，也可指揍你，依语境变化。,"Depending on context, this means to “go after you” in a teasing or confrontational way, either by flirting with you or by picking a fight with you.",go after you,plate you,serve you on a platter,shoot your shot,non-harmful,Slang
2894,train,漂亮警告,用“漂亮”作借口，提醒对方适可而止。,"A joking warning that someone is getting too good-looking or too much, using “pretty” as a playful excuse to tell them to ease up or stop before they overdo it.",playful pretty warning,beautiful warning sign,a beauty-related safety notice,thirst trap,non-harmful,Stylistic device
2895,train,确诊为蛋挞,自嘲身体脆、外形圆、内心黄、一压就碎。,"A self-deprecating way to describe oneself as physically fragile, round-looking, soft inside, and easily crushed under pressure, like an egg tart.","fragile, round, soft-centered, and easily crushed like an egg tart",an egg tart diagnosis,a tough cookie,a softie under pressure,non-harmful,Stylistic device
2896,train,亲情龙卷风,学子回家后短暂而猛烈的家庭关爱。,"A brief, overwhelming burst of family affection and attention that a student receives right after coming home, intense but short-lived family affection after coming home.",family-affection tornado,family tornado,a tornado hitting relatives,love bombing,non-harmful,Stylistic device
2897,train,群众里面有坏人,为自己错误找借口，说是被别人干扰。,"It means blaming one’s own mistakes or failures on hidden troublemakers in the crowd, using supposed outside interference as an excuse instead of accepting responsibility.",someone in the crowd sabotaged me,there are bad people among the masses,accusing a crowd of crime,scapegoat,non-harmful,Quotation
2898,train,千里送人头,气势汹汹去攻击，却像自投罗网一样被秒杀。,"It means charging aggressively from afar to attack someone, only to be immediately defeated as if walking into a trap, effectively traveling far just to feed the enemy a kill.",running in just to feed the enemy a kill,sending a head from a thousand miles away,mailing a human head,picking a fight you cannot win,non-harmful,Slang
2899,train,祁醉做人了吗,粉丝吐槽祁醉日常“不当人”。,"A teasing fan phrase asking whether Qi Zui has behaved decently today, usually used to joke about his habit of acting shamelessly, unfairly, or in a way that makes others complain.",has Qi Zui acted human yet,has Qi Zui become human,asking about biological humanity,character slander,non-harmful,Quotation
2900,train,茄子秋梨膏,主播茄子“求你了”的谐音梗。,"A humorous homophonic meme based on a streamer’s funny mispronunciation of “please, I beg you,” used to imitate an exaggerated, pleading tone in a joking way.","please, I beg you",eggplant autumn pear paste,buying pear syrup from a streamer,pretty please,non-harmful,Quotation
2901,train,晴宝贝,借“什么是晴宝贝”谐音套路对方叫自己宝贝。,"A pun-based setup that tricks someone into asking the prompted phrase, which sounds like they are calling the speaker “baby,” creating a playful or flirtatious joke.",a pun that tricks you into calling me baby,sunny baby,a baby named Qing,pickup line,non-harmful,Homophonic pun
2902,train,清水河beat,清水河视频中甩鞭节奏被二创合奏的魔性梗。,"A viral beat made from the Qingshuihe whip rhythm, referring to the hypnotic remix trend where the whip-cracking rhythm from a Qingshuihe video is reused and layered into fan-made ensemble edits.",Qingshuihe beat,Qingshui River beat,music recorded by a river,remix culture,non-harmful,Quotation
2903,train,钳妹,长相甜美但声线粗犷的女生，和夹子音相反。,"A cute-looking girl with a surprisingly rough voice refers to someone whose sweet or delicate appearance contrasts sharply with a deep, coarse, or rugged-sounding voice.","cute face, rough voice",plier girl,a girl holding pliers,voice reveal,non-harmful,Stylistic device
2904,train,秋名山卖豆腐,出自《头文字D》，指车技或某方面特别厉害。,"A phrase alluding to a tofu delivery driver from Initial D, used to describe an expert driver or hidden master of a skill who appears ordinary but is exceptionally capable.",unassuming hidden master behind the wheel,selling tofu on Mount Akina,running a tofu shop on a mountain,backseat driver,non-harmful,Quotation
2905,test,琼瑶式哭戏,边哭边说台词，最后眼泪才落下的戏剧化哭法。,A melodramatic Qiong Yao-style crying performance refers to an exaggerated scene where someone tearfully delivers lines while holding back tears until they finally fall for maximum dramatic effect.,melodramatic crying while delivering lines,Qiong Yao-style rain scene,crying while reading romance novels,soap opera tears,non-harmful,Stylistic device
2906,train,请喝红茶,指被下药的红茶梗，用于调侃危险邀请。,"“Please have some black tea” is a meme implying a suspicious invitation where the offered tea may be drugged, used jokingly to warn that an apparently polite offer could be dangerous.",suspicious tea,please drink black tea,politely serving tea,don’t drink that,non-harmful,Quotation
2907,train,前程四紧,“前程似锦”的谐音，指手头、眉头、衣服、时间都紧。,"A punny bleak twist on “bright future,” it means everything feels tight at once: money is tight, brows are furrowed, clothes feel constricting, and time is running out.",tight on everything,four-tight future,a career with four tensions,struggling adult,non-harmful,Homophonic pun
2908,train,秦香莲摘野果,类似“王宝钏挖野菜”，警示不要恋爱脑。,"A cautionary meme about not becoming so blindly devoted in love that one sacrifices dignity, comfort, or future prospects, ultimately ruining oneself for a relationship.",don’t be a tragic love fool,Qin Xianglian picking wild fruit,a historical woman gathering fruit,love is blind,non-harmful,Quotation
2909,train,骑砍玩三年母猪赛貂蝉,调侃游戏建模太差，玩久后审美被扭曲。,"It jokes that after playing with ugly game models for so long, a player’s standards collapse and their sense of beauty becomes distorted enough to find anything attractive.",beauty standards got nerfed,"after three years of Mount & Blade, a sow beats Diaochan",comparing animals to historical beauties,down bad,non-harmful,Slang
2910,train,去超市门口摇明白,嘲讽弱智发言，暗示该去坐小孩摇摇车。,It mocks a foolish or childish opinion by implying the speaker should go sit on the coin-operated kiddie ride outside a supermarket instead of being taken seriously.,go ride the kiddie car,go shake it clear at the supermarket door,going to a store entrance to think,touch grass,harmful,Stylistic device
2911,train,清清永远单身,解说误读“清清 yyds”为“清清永远单身”的梗。,"The meme refers to a commentator misreading a fan support phrase for Qingqing as “Qingqing forever single,” turning an intended expression of praise into a joke about him never having a partner.",Qingqing forever single,Qingqing YYDS,announcing Qingqing's real dating status,forever alone,non-harmful,Quotation
2912,test,请停止你的内卷行为,请求别人不要继续内卷，让大家都被迫加码。,"This phrase is used to tell someone to stop escalating pointless competition, because their extra effort or overperformance pressures everyone else to keep raising the bar unnecessarily.",stop overcompeting,please stop your involution behavior,asking someone to stop rolling inward,calm down,non-harmful,Slang
2913,train,秋天的第一个包包,用包包形状礼物表达秋天里的爱意。,"A seasonal romantic gift meme modeled after “first milk tea of autumn,” where giving a bag-shaped present expresses affection and marks the arrival of autumn in a playful, loving way.",first bag of autumn gift meme,autumn's first backpack,pumpkin spice purse,gift flex,non-harmful,Slang
2914,train,秋天的第一个柚子,为心爱的人剥柚子来表达秋天的爱意。,"It refers to giving or peeling the first pomelo of autumn for someone you love, using the seasonal fruit as a warm, affectionate gesture.",peeling the first pomelo of autumn for your loved one,the first autumn pomelo harvest,the first pumpkin spice latte of fall,couple goals,non-harmful,Slang
2915,train,人家秋雅结婚你搁这又唱又跳的,在别人重要时刻不合时宜地抢风头。,"It describes someone acting loudly or performatively at another person’s important moment, drawing attention to themselves in a way that feels inappropriate and steals the spotlight.",stealing the spotlight,Qiuy雅 is getting married and you’re singing and dancing,performing at a wedding invitation,attention seeker,non-harmful,Quotation
2916,train,乳腺侠,让人心情舒畅、化解憋屈的角色或剧情。,"A character or plot that relieves emotional frustration by making viewers feel emotionally soothed, vindicated, or pleasantly unburdened after tension, resentment, or pent-up dissatisfaction.",emotional relief hero,breast-gland hero,a medical superhero,comfort character,non-harmful,Stylistic device
2917,train,如何呢又能怎,对现实压力的戏谑式反抗和无奈回应。,"It expresses playful defiance and helpless humor toward real-life pressure, implying that even if things are difficult or others disapprove, the attitude is still: so what can they do?",what can they do about it,"how is it, what can be done",asking for practical solutions,cope harder,non-harmful,Slang
2918,train,秋天的第一打啤酒,对应“第一杯奶茶”的男性向啤酒版秀恩爱梗。,"A seasonal romantic gift meme where someone gives the first case of beer in autumn, modeled after the “first milk tea” trend but framed as a more male-oriented beer version.",the first case of beer in autumn,the first beer brewed in autumn,Oktoberfest beer tent,buying beers for the guys,non-harmful,Slang
2919,test,吃人血馒头,借他人苦难、悲剧或伤害牟利。,"It describes profiting from someone else’s suffering, especially by exploiting another person’s tragedy, pain, injury, or misfortune for attention, money, influence, or personal gain.",profiting off tragedy,eating human-blood buns,eating a horror-themed snack,clout chasing,non-harmful,Slang
2920,test,瑞典人东北人,因瑞典口音式表达含蓄讽刺东北人而形成的梗。,"It refers to a meme built around a mock Swedish-accented, indirect style of speech used to sarcastically roast people from Northeast China.",Swedish-accent Northeast roast,"Swedish people, Northeastern people",comparing Sweden with Northeast China,regional roast,harmful,Stylistic device
2921,test,人类的本质是复读机,调侃网友刷屏复读、保持队形。,"“Humans are basically copy-paste machines” jokingly describes how people online tend to repeat the same phrase, meme, or comment in sync, flooding a thread and maintaining the same pattern.",humans are basically copy-paste machines,humans are literal tape recorders,"monkey see, monkey do",echo chamber,non-harmful,Slang
2922,test,人和人体质不同不能一概而论,用来吹牛或讽刺离谱个例不能普遍化。,"It means that people’s bodies differ, so don’t generalize from one extreme or unusual example, often used either to brag about exceptional toughness or to mock absurd overgeneralizations.","bodies are different, don’t generalize",people and people have different constitutions,discussing medical variation seriously,trust me bro,non-harmful,Stylistic device
2923,train,人生作弊器,用梯子等方式卡 BUG 般解决现实问题。,"It describes using loopholes, tools, or workaround methods to solve real-life problems as if exploiting a bug or activating a cheat code in a game.",real-life cheat code,life cheating device,a cheating tool for exams,productivity shortcut,non-harmful,Stylistic device
2924,train,人生一架,指人生中不得不做、否则会遗憾的一架。,"It refers to a fight one must take in life, a confrontation that feels unavoidable because backing away would leave lasting regret or a sense of unfinished duty.",one fight you must take,one fight in life,an airplane for one’s life,bucket list,non-harmful,Stylistic device
2925,train,人不能吃的太饱,吐槽别人吃饱了没事干，做出无聊或离谱行为。,"This phrase mockingly suggests that people do weird things when they have too much free time, especially when someone seems bored enough to act pointlessly, absurdly, or out of sheer idleness.",too much free time,people should not eat too much,giving dietary advice,first-world problem,non-harmful,Slang
2926,train,人间大动脉,调侃朱一龙剧中经常大量吐血。,"A joking label for an actor or character who seems to bleed dramatically and excessively in scene after scene, as if constant on-screen blood loss has become their defining trait.",walking blood fountain,human aorta,a medical term for a blood vessel,blood donor,non-harmful,Stylistic device
2927,train,人间过绿器,形容识别绿茶或心机行为能力极强的人。,"A “human detector for manipulative green tea behavior” describes someone exceptionally good at spotting fake innocence, hidden agendas, or calculated social manipulation in others.",green-tea detector,human green-passing machine,a device that filters green color,lie detector,non-harmful,Stylistic device
2928,train,热狗警告,王思聪吃热狗表情包走红后的调侃式警告。,"A joking warning that references the viral hot-dog eating meme, used playfully to tease or signal that someone may be called out in the style of that meme.",hot-dog meme warning,hot dog warning,warning about eating hot dogs,food safety alert,non-harmful,Quotation
2929,train,人类的本质是内卷,从“人类的本质是复读机”衍生，调侃万物皆可内卷。,"This meme jokes that humans are doomed to overcompete, turning almost any activity into an exhausting cycle of rivalry, comparison, and escalating effort even when the gains are small.",humans turn everything into a rat race,the essence of humans is inward rolling,survival of the fittest,competitive spirit,non-harmful,Slang
2930,train,人间直尺,调侃钢铁直男，不解风情、撩不动。,"A painfully straight and unromantic person, especially a clueless “straight man” type who misses romantic cues, fails to flirt, and responds to affection with blunt, literal, or mood-killing reactions.",romantically clueless straight guy,human ruler,Mr. Right,straight shooter,non-harmful,Stylistic device
2931,train,人间造妈机,形容明星太可爱，让粉丝都想当妈妈粉。,This describes a celebrity or public figure who is so overwhelmingly cute that fans instinctively want to become protective “mom fans” and dote on them like a parent.,mom-fan generator,human mother-making machine,a machine that creates mothers,baby fever,non-harmful,Stylistic device
2932,train,人间破壁机,形容人很厉害，能打破不同领域之间的壁垒。,"It describes someone exceptionally capable who can cross boundaries between different fields, connect areas that usually stay separate, and break through barriers that limit ordinary people.",human barrier breaker,human wall-breaking blender,a kitchen blender shaped like a person,jack of all trades,non-harmful,Stylistic device
2933,train,人与人的连结,对性行为的隐晦说法。,"A euphemism for intimate physical connection, used to indirectly refer to sexual activity in a vague or softened way rather than saying it explicitly.",intimate physical connection,connection between people,social networking,deep conversation,non-harmful,Stylistic device
2934,test,人间bjd,形容人精致完美得像 BJD 娃娃。,"Describes someone whose appearance is so delicate, polished, and seemingly perfect that they look like a finely crafted ball-jointed doll.",a living ball-jointed doll,a BJD in the human world,Pinocchio come to life,porcelain-doll makeup,non-harmful,Stylistic device
2935,test,人先欠着,单身者假装自己有对象，只是“人还欠着”。,"It humorously means a single person is pretending they already have a partner, joking that the relationship exists in theory but the actual partner simply has not arrived yet.",partner pending,owe the person first,borrowing a person from someone,imaginary boyfriend,non-harmful,Stylistic device
2936,train,外卷侠,自己不找工作，却定期投简历问薪资并嫌低，以抬高标准。,"A person who is not actually job hunting but regularly submits applications, asks about pay, and complains that offers are too low in order to push salary expectations upward.",fake-applicant salary pusher,outside-involution hero,a superhero working abroad,job hopper,non-harmful,Stylistic device
2937,test,网络公主,自以为高贵、爱炫耀、以自我为中心，只敢在网上骂人的女生。,"An entitled girl who acts superior online, showing off, centering herself, and presenting herself as noble or above others while mainly daring to insult people from behind the screen.",entitled online mean girl,a princess who lives on the internet,Disney princess fan,influencer girl,harmful,Slang
2938,train,说好一起白头你却偷偷焗了油,调侃约定白头到老，对方却偷偷染发。,"It jokingly means that someone promised to grow old together with you, but “betrayed” that promise by secretly dyeing their hair instead of letting it turn gray.","promised gray hair, dyed it anyway","we agreed to go white-haired, but you secretly oiled your hair",someone getting a hair treatment appointment,relationship betrayal,non-harmful,Stylistic device
2939,test,身直加薪,“升职加薪”的暗黑反义梗，指 996 过劳后猝死火化。,"A dark pun on workplace ambition, meaning that instead of earning a promotion and raise, someone is worked to death by extreme overtime and ends up cremated.",promoted to the crematorium,"body straight, salary increase",standing straight to get a raise,hustle culture,non-harmful,Homophonic pun
2940,train,胡同串子,老北京话，指在胡同里闲逛、无所事事的人。,"An “idle alley loafer” refers to someone who spends their time wandering around old neighborhood alleyways with nothing useful to do, suggesting a casually aimless local idler.",hutong loafer,alley skewer,grilled food sold in hutongs,street kid,non-harmful,Slang
2941,test,机油,“基友”的谐音，泛指同性好友或亲密男友人。,"A punny homophone used to refer to a close same-sex buddy, especially a very familiar male friend, with a playful tone suggesting friendly intimacy rather than necessarily romance.",bromance buddy,engine oil,oil used in machines,bestie,non-harmful,Homophonic pun
2942,train,主R,互联网黑话，指主要负责人，R 来自 Responsible。,"“Main R” is internet workplace slang for the primary person responsible for a task, decision, or project, emphasizing the individual who directly owns the outcome and accountability.",directly responsible individual (DRI),main R,the main letter R,project manager,non-harmful,Abbreviation
2943,train,有请小趴菜,贵州方言调侃酒量差，像煮熟白菜一样软趴趴。,"This phrase jokingly teases someone for having very low alcohol tolerance, implying they become weak, limp, or useless after drinking only a little.",bring out the lightweight,please welcome little limp cabbage,inviting a vegetable onto a stage,party animal,non-harmful,Slang
2944,train,互联网孤儿,互联网从业者既要拼命工作又要照顾孩子，两头不讨好。,"A tech worker-parent trapped between overwork and childcare, struggling to meet the relentless demands of an internet-industry job while also caring for children, and ending up unsupported and criticized on both sides.",squeezed tech parent,internet orphan,a child abandoned on the internet,digital native,non-harmful,Stylistic device
2945,train,妹说就是零卡,“没说就是零卡”的谐音，自欺式认为没标热量就没热量。,"This phrase jokes that if a food or drink does not list its calories, those calories can be treated as zero, reflecting a playful form of self-deception around eating.",unlisted calories don’t count,sister says it is zero calories,a girl recommending diet food,calorie deficit,non-harmful,Homophonic pun
2946,train,万死不辞,新义为每天被气死很多次也不辞职。,"It describes feeling emotionally “killed” by work or daily frustrations again and again, yet still staying in the job and refusing to quit despite constantly dying inside.",dying inside at work but still not quitting,die ten thousand times without refusing,pledge undying loyalty to the boss,burned out at work,non-harmful,Homophonic pun
2947,train,顶级过肺,形容表达极其到位、直击深处。,"Describes something expressed with such precision and force that it feels perfectly on point and resonates deeply, as if it reaches straight into the listener’s core.",hits deep and lands perfectly,top-level through the lungs,taking a deep drag,chef’s kiss,non-harmful,Stylistic device
2948,train,裁判满天飞,网络上到处都是“判官”，人人指指点点。,"It describes a situation where everyone online acts like a judge, constantly passing verdicts, criticizing others, and confidently deciding who is right or wrong.",everyone’s a judge,referees flying all over the sky,sports referees everywhere,referee bias,non-harmful,Stylistic device
2949,train,沉浸式约饭,见面后各自玩手机，只顾吃饭。,"It describes people meeting up to eat together but barely interacting, because everyone stays absorbed in their own phone and focuses only on the meal.",phone-first dinner hangout,immersive dinner date,a themed dining experience,dinner party,non-harmful,Slang
2950,test,成人的世界没有愚人节只有Q2,职场人四月没有玩笑，只有第二季度压力。,"This phrase means that for working adults, April is not about April Fools’ jokes but about entering Q2 with deadlines, targets, and mounting workplace pressure.","no April Fools, only Q2","adults have no April Fool’s Day, only Q2",canceling holidays for adults,corporate humor,non-harmful,Stylistic device
2951,train,吃圭人,双十一疯狂购物后没钱，只能“吃土”的谐音梗。,"It refers to someone who spent so much money during shopping sales that they are left broke afterward, joking that they can barely afford to eat anything.",post-sale dirt eater,person who eats gui,eating a mineral after shopping,shopaholic,non-harmful,Homophonic pun
2952,train,吊州,对常州的调侃性称呼。,"“Diaozhou” is a mocking nickname for Changzhou, used jokingly or sarcastically online to poke fun at the city rather than as a neutral or formal place name.",Diaozhou,hanging state,a city hanging in the air,small-town roast,harmful,Homophonic pun
2953,train,小厨娘,“小处女”的谐音梗。,"A homophonic pun for “virgin girl,” this meme term uses a similar-sounding, more innocuous phrase to jokingly or indirectly refer to a young woman presumed to be sexually inexperienced.",virgin-girl pun,little kitchen girl,a girl who cooks well,kitchen queen,harmful,Homophonic pun
2954,train,萧楚南,“小处男”的谐音梗。,"This term is a homophonic pun for “virgin guy,” using a similar-sounding name-like phrase to jokingly or indirectly refer to an inexperienced or sexually naive male.",virgin-guy pun,Xiao Chunan,a fictional male name,innocent boy,harmful,Homophonic pun
2955,train,南梁北朝,粗俗骂人谐音梗，暗含冒犯性性羞辱意味。,"An offensive homophonic insult used to mock or sexually shame a man perceived as feminine, relying on crude wordplay and carrying a deliberately derogatory, humiliating tone.",offensive femboy-insult pun,Southern Liang and Northern Dynasties,a historical dynasty period,history meme,harmful,Homophonic pun
2956,train,毕云涛,“避孕套”的谐音梗。,"This term is a homophonic pun for “condom,” using a person-like name that sounds similar to the original word to create a joking or euphemistic effect.",condom pun,Bi Yuntao,a person’s name,safe sex,non-harmful,Homophonic pun
2957,train,奥利给,给自己或别人加油打气的网络口号。,"A hype phrase used to encourage or motivate oneself or others, often expressing energetic support, enthusiasm, and a push to keep going or face a challenge with confidence.",let’s go!,"Oli, give it",may the Force be with you,hang in there,non-harmful,Quotation
2958,train,爱豆,Idol 的音译，指偶像。,"A fan term for an idol, usually referring to a celebrity, performer, or public figure whom fans admire, support, and follow closely.",idol,love bean,a bean associated with love,celebrity crush,non-harmful,Homophonic pun
2959,train,996ICU,工作 996，生病进 ICU 的过劳抗议梗。,"A protest meme against extreme overwork culture, implying that punishing work schedules push employees toward burnout, illness, or hospitalization and criticizing companies that normalize such exploitative labor expectations.","996 work, ICU later",996 intensive care unit,a hospital shift schedule,hustle culture,non-harmful,Abbreviation
2960,test,福利姬,指拍摄色情擦边内容并售卖盈利的人。,"A ""welfare girl"" is a person who creates and sells suggestive or erotic content online, often using borderline pornographic photos or videos to make money.",paid lewd-content creator,welfare girl,a girl giving out benefits,cosplay model,non-harmful,Slang
2961,train,老A8,形容成熟、独立、自信的女性形象。,"The term describes a mature, independent, and confident woman who carries herself with assurance, self-possession, and a strong sense of personal identity.",mature alpha woman,old Audi A8,a woman who owns a luxury car,rich auntie,non-harmful,Slang
2962,test,活人感,形容角色、偶像或虚拟形象像真实活人一样鲜活。,"“Feeling vivid, alive, and emotionally real” describes a character, idol, or virtual persona who comes across with the freshness, presence, and emotional authenticity of a real living person.",feels alive,living-person feeling,someone literally being alive,realistic acting,non-harmful,Slang
2963,train,谷子,ACGN 圈周边商品，如徽章、立牌、卡片等。,"“Guzi” refers to anime, comic, game, or novel merchandise, especially collectible fan goods such as badges, acrylic stands, cards, and other small items sold or traded within ACGN fandom circles.",ACGN merch,millet,grain-based snack,gacha prize,non-harmful,Slang
2964,train,我要验牌,要求对方亮明身份或证据，证明自己是真的。,"It means asking someone to reveal proof, credentials, or other evidence that verifies who they are or confirms that their claim is genuine.",show your receipts,I want to inspect the cards,checking poker cards,ID check,non-harmful,Stylistic device
2965,train,你已急哭,嘲讽对方急了、破防了、情绪失控。,"This phrase teasingly mocks someone as having become upset, defensive, and emotionally rattled, implying that their reaction is exaggerated because they feel attacked or unable to stay composed.",you’re malding,you have cried from panic,comforting someone who is anxious,cry harder,harmful,Stylistic device
2966,test,爱你老己 明天见,对自己表达关爱和宠溺的幽默说法。,"“Love you, self; see you tomorrow” is a humorous self-love message to oneself, used to express playful affection, care, and indulgence toward one’s own self as if speaking sweetly to a loved one.","love you, self, see you tomorrow","love you, old self, see you tomorrow",saying goodbye to an elder,self-care routine,non-harmful,Stylistic device
2967,train,外耗,与其内耗自己，不如把负面情绪向外释放。,"It means externalizing stress instead of internalizing it, choosing to direct negative emotions outward or release them into the outside world rather than letting them build up and drain oneself internally.",externalize the stress,external consumption,wasting resources outside,venting online,non-harmful,Slang
2968,train,丝瓜汤文学,长辈以“为你好”为由强行安排、忽视子女意愿。,"It refers to family pressure disguised as “for your own good,” where elders force arrangements or decisions onto younger relatives while ignoring their wishes and framing control as care.",for-your-own-good family drama,loofah soup literature,writing about vegetable soup,toxic parenting,non-harmful,Stylistic device
2969,train,青青草原,指被戴绿帽。,"It refers to being cheated on by one’s partner, especially the humiliating situation where someone is made a fool of because their romantic partner is unfaithful.",got cucked,green grassland,a meadow with green grass,green thumb,non-harmful,Stylistic device
2970,test,太平洋警察,爱管闲事，管得太宽。,"Someone who meddles in everything, interfering in other people’s business far beyond their own concern and acting as if they have the authority to police matters that do not involve them.",busybody,Pacific police,police officers near the Pacific,world police,harmful,Stylistic device
2971,train,发好人卡,用“你是好人”委婉拒绝别人。,"It means rejecting someone, especially a romantic pursuer, in a polite or indirect way by saying they are a good person while making clear the relationship will not go further.",friendzone someone,issue a good-person card,giving someone a kindness card,compliment sandwich,non-harmful,Slang
2972,test,铁公鸡,形容一个人特别抠门。,"An extremely stingy person who is unwilling to spend money or share resources, often to the point that others see them as miserly or excessively tight-fisted.",tightwad,iron rooster,a metal chicken statue,frugal person,harmful,Slang
2973,train,精神状态遥遥领先,调侃一个人发疯、状态离谱。,"It jokingly describes someone whose mental state seems wildly unhinged or absurdly out of control, but in a funny, exaggerated way rather than as a serious clinical judgment.",mentally unhinged,mental state far ahead,excellent mental health,ahead of the curve,non-harmful,Stylistic device
2974,train,瞳孔地震,表示非常震惊。,"“Pupil earthquake” describes being visibly shocked, as if someone’s eyes or pupils suddenly reveal intense surprise, disbelief, or alarm in response to something unexpected.",shook,pupil earthquake,eyes shaking from an earthquake,eye-opening,non-harmful,Stylistic device
2975,train,拔剑四顾心茫然,表示很无语、迷茫、不知所措。,"It describes a state of feeling speechless and lost, as if you are overwhelmed, confused, and unsure what to do or how to react in a baffling situation.",at a complete loss,draw sword and look around blankly,preparing for a sword fight,confused Pikachu,non-harmful,Quotation
2976,train,满血复活,形容精神恢复、重新振奋。,"It means someone has fully recovered and energized, regaining their spirit, strength, or enthusiasm after feeling tired, defeated, or drained.",back at full HP,revived with full blood,medical blood recovery,new game plus,non-harmful,Stylistic device
2977,train,打鸡血,形容突然精神振奋、亢奋起来。,"It describes someone suddenly becoming highly energized, excited, and motivated, as if they have been instantly pumped up to take action or face a situation with intense enthusiasm.",pumped up,inject chicken blood,giving a chicken a shot,caffeine rush,non-harmful,Slang
2978,train,颜值洼地,形容颜值低、外貌不出众。,"“Low point in terms of looks” describes a person, place, or group whose appearance is considered below average or noticeably less attractive compared with others around them.",beauty low point,looks lowland,a valley with beautiful scenery,bad hair day,harmful,Stylistic device
2979,test,颜值天花板,形容颜值很高、帅或美到顶。,"It describes someone whose looks are considered the highest level of attractiveness, so handsome or beautiful that they seem to set the upper limit for appearance.",the pinnacle of good looks,looks ceiling,glass ceiling,eye candy,non-harmful,Stylistic device
2980,test,纸片人,形容人很瘦。,"It refers to an extremely thin person, suggesting someone is so skinny that their body seems almost flat or paper-like in appearance.",paper-thin person,paper person,a two-dimensional character,cardboard cutout,non-harmful,Stylistic device
2981,test,细狗,讽刺一个人过于瘦弱。,"It mockingly describes someone as excessively skinny and physically weak, often implying they look frail, underpowered, or lacking strength in a teasing or insulting way.",scrawny stick,thin dog,a slim pet dog,gym bro,harmful,Slang
2982,train,乡镇美学,讽刺土气、廉价感强的审美。,"It refers to a tacky small-town aesthetic, mocking visual styles that feel provincial, cheaply made, gaudy, or lacking in taste, often used to criticize designs seen as unsophisticated or low-budget.",rural tacky aesthetic,township aesthetics,rural design studies,vintage style,harmful,Stylistic device
2983,train,弄潮儿,形容走在时尚或潮流前沿的人。,"A trend-conscious person is someone who stays ahead of popular styles, tastes, or cultural movements and is seen as being at the forefront of what is currently fashionable or influential.",trendsetter,tide player,someone playing in waves,influencer,non-harmful,Slang
2984,train,键盘侠,现实胆小、网上攻击性很强的人。,"A “keyboard warrior” is someone who is timid or restrained in real life but aggressively attacks, insults, or criticizes others online from behind the safety of a keyboard.",keyboard warrior,keyboard hero,someone who repairs keyboards,internet troll,harmful,Slang
2985,test,割韭菜,比喻消费者反复被营销收割。,"It describes exploiting consumers repeatedly for profit, especially when companies or marketers keep extracting money from the same people through promotions, hype, or manipulative sales tactics.",fleecing customers,cutting chives,harvesting vegetables,sales funnel,non-harmful,Slang
2986,train,心机婊,表面单纯、内心很有心机的人，带明显贬义。,"A manipulative person hiding behind an innocent image, pretending to be simple, harmless, or naive while secretly scheming for personal advantage, usually described with a strongly negative judgment.",an innocent-looking manipulative schemer,a machine-hearted bitch,femme fatale,mean girl,harmful,Slang
2987,train,戏精,言行浮夸、爱作秀、刻意博关注的人。,"An overly dramatic attention seeker is someone who exaggerates their words and behavior, puts on a show, and deliberately acts in a conspicuous way to draw attention from others.",drama queen,acting genius,a talented stage actor,theater kid,harmful,Slang
2988,train,精装朋友圈,社交平台上经过包装的理想化生活展示。,"A carefully curated social-media life refers to presenting an idealized version of one’s daily experiences online, selectively polished and packaged to appear more stylish, successful, happy, or enviable than reality.",curated social feed,hardcover friend circle,a beautifully decorated friend group,lifestyle blog,non-harmful,Stylistic device
2989,train,介样,“这样”的谐音说法。,"This is a playful, cute-sounding pronunciation of “like this,” used as an informal or humorous way to say “this way” or “in this manner.”",like this / this way,this kind of appearance,allow me to introduce this style,so it goes,non-harmful,Homophonic pun
2990,train,潜水,群聊中沉默不发言、不回复。,"It refers to silently lurking in a group chat, where someone stays present and reads messages but does not speak, reply, or actively participate in the conversation.",lurking,diving underwater,scuba diving online,ghosting,non-harmful,Slang
2991,train,恐龙,恶意评价长得难看的女孩。,"It is an insulting term used to maliciously describe or mock a girl as unattractive, usually in a derogatory judgment of her appearance.",ugly-girl insult,dinosaur,a prehistoric animal,monster girl,harmful,Stylistic device
2992,train,蛋白质,“笨蛋+白痴+神经质”的组合骂法。,"A compound insult that combines the ideas of being an idiot, a fool, and neurotic, used to mock someone as stupid, irrational, or mentally unbalanced.",idiot-moron-nutcase combo,protein,a nutrient in food,brainrot,harmful,Homophonic pun
2993,train,闭路电视,“本来的事”的缩写谐音梗，因 blds 相同。,"This term is an acronym-based soundalike pun used to mean “what it originally was,” referring back to the original or inherent state of something before reinterpretation or change.",original thing,closed-circuit television,a surveillance camera system,CCTV,non-harmful,Homophonic pun
2994,train,无毛,“没毛病”的意思。,"It means that there is no problem or nothing wrong with something, often used to express agreement, approval, or that a situation is perfectly acceptable.",no problem,hairless,lacking body hair,flawless,non-harmful,Homophonic pun
2995,train,1516,粤语“十五十六”，表示左右为难、拿不定主意。,"“1516” means being undecided and torn, especially when someone feels caught between options, unsure what to choose, and unable to make up their mind.",on the fence,one five one six,the number 1516,dilemma,non-harmful,Slang
2996,train,我摊牌了,把内情或真实想法全说出来。,"It means openly laying all the facts, hidden details, or true thoughts on the table, revealing the truth directly instead of continuing to conceal or soften it.",cards on the table,I laid out my cards,showing poker cards,confession time,non-harmful,Quotation
2997,test,夏波,“下播”的谐音，指主播下线。,"This meme is a homophonic way to say that a streamer is ending the broadcast, going offline, or wrapping up a livestream session.",end the stream,summer wave,a wave in summer,log off,non-harmful,Homophonic pun
2998,train,被真实,“被整死”的谐音弱化说法，现可指被打或被整惨。,"“Getting wrecked or badly messed with” refers to being beaten up, harshly targeted, or seriously tormented by someone or something, often in a softened joking way.",got wrecked,got realed,being told the truth,reality check,non-harmful,Homophonic pun
2999,test,生活碎片,生活中琐碎的小片段、小瞬间。,"“Small everyday life snippets” refers to brief, ordinary moments or tiny fragments from daily routines, often shared to capture the casual details and little scenes that make up someone’s everyday experience.",life snippets,life fragments,broken pieces of life,daily vlog,non-harmful,Slang
3000,train,西班牙馅饼,网络隐喻，用于指女性第一次或处女膜。,"This meme term is used as an internet euphemism for female virginity or the hymen, typically referring indirectly to a woman's first sexual experience or perceived intactness.",hymen euphemism,Spanish pie,a Spanish pastry,cherry pie,non-harmful,Stylistic device
